true_label,raw_pred,guarded_pred,correct,confidence,margin_top2,repo,workflow,job,failing_step,primary_label,label_source,confidence_source,synthetic,active_features,text_preview,p_compilation,p_configuration,p_flaky_test,p_infrastructure,p_test_failure
test_failure,test_failure,test_failure,True,0.39589370280020797,0.017731320715683008,encode/starlette,Test Suite,check,Decide whether the needed jobs succeeded or failed,runtime.exit_code,ollama,0.855,False,feat_primary_is_runtime=1; feat_first_error_before_tests=1,ï»¿Current runner version: '2.331.0' Hosted Compute Agent Version: 20260213.493 Commit: <SHA> Build Date: Worker ID: {5e7f8fbb-f725-4e9f-a530-6244fd071a44} Azure Region: northcentralus Ubuntu 24.04.3 LTS Image: ubuntu-24.04 Version: 20260224.36.1 Included Software: <url:github.com> Image Release: <url:github.com> Actions: read ArtifactMetadata: read Attestations: read Checks: read Contents: read Deployments: read Discussions: read Issues: read Metadata: read Models: read Packages: read Pages: read PullRequests: read RepositoryProjects: read SecurityEvents: read Statuses: read Secret source: No,0.37816238208452496,0.20035463863182076,0.00018434143318934657,0.025404935050257028,0.39589370280020797
compilation,compilation,compilation,True,0.4343184815803638,0.15147101405893748,pypa/pipenv,CI,Package Manager Benchmark,Run benchmark suite,runtime.exit_code,ollama,0.81,False,feat_primary_is_runtime=1; feat_first_error_before_tests=1; feat_has_dependency_install=1,"""git config --local --name-only --get-regexp 'core\.sshCommand' && git config --local --unset-all 'core.sshCommand' || :"" [command]/usr/bin/git config --local --name-only --get-regexp http\.https\:\/\/github\.com\/\.extraheader [command]/usr/bin/git submodule foreach --recursive sh -c ""git config --local --name-only --get-regexp 'http\.https\:\/\/github\.com\/\.extraheader' && git config --local --unset-all 'http.<url:github.com> || :"" [command]/usr/bin/git config --local --name-only --get-regexp ^includeIf\.gitdir: [command]/usr/bin/git submodule foreach --recursive git config --local --show-",0.4343184815803638,0.24071271267159447,0.00023307381832696146,0.0418882644082886,0.2828474675214263
compilation,compilation,compilation,True,0.4343184815803638,0.15147101405893748,pypa/pipenv,CI,Package Manager Benchmark,Run benchmark suite,runtime.exit_code,ollama,0.81,False,feat_primary_is_runtime=1; feat_first_error_before_tests=1; feat_has_dependency_install=1,"git config --local --name-only --get-regexp 'core\.sshCommand' && git config --local --unset-all 'core.sshCommand' || :"" [command]/usr/bin/git config --local --name-only --get-regexp http\.https\:\/\/github\.com\/\.extraheader [command]/usr/bin/git submodule foreach --recursive sh -c ""git config --local --name-only --get-regexp 'http\.https\:\/\/github\.com\/\.extraheader' && git config --local --unset-all 'http.<url:github.com> || :"" [command]/usr/bin/git config --local --name-only --get-regexp ^includeIf\.gitdir: [command]/usr/bin/git submodule foreach --recursive git config --local --show-o",0.4343184815803638,0.24071271267159447,0.00023307381832696146,0.0418882644082886,0.2828474675214263
configuration,compilation,compilation,False,0.4343184815803638,0.15147101405893748,sqlalchemy/sqlalchemy,Run tests,test-3.11-windows-latest-x86-cext-greenlet,Run tests,runtime.exit_code,ollama,0.95,False,feat_primary_is_runtime=1; feat_first_error_before_tests=1; feat_has_dependency_install=1,ï»¿Current runner version: '2.331.0' Hosted Compute Agent Version: 20260123.484 Commit: <SHA> Build Date: Worker ID: {b5ed4f01-4768-4dc1-988a-7eeae437b563} Azure Region: northcentralus Microsoft Windows Server 2025 10.0.26100 Datacenter Image: windows-2025 Version: 20260127.11.2 Included Software: <url:github.com> Image Release: <url:github.com> Contents: read Metadata: read Secret source: Actions Prepare workflow directory Prepare all required actions Getting action download info Download action repository 'actions/checkout@v4' (SHA:<SHA>) Download action repository 'actions/setup-python@v5' ,0.4343184815803638,0.24071271267159447,0.00023307381832696146,0.0418882644082886,0.2828474675214263
compilation,configuration,configuration,False,0.5108963735889769,0.0867106351401602,tiangolo/fastapi,Build Docs,langs,Install docs extras,runtime.exit_code,ollama,0.855,False,feat_kw_config_fail=1; feat_config_no_compile=1; feat_step_is_setup=1; feat_primary_is_runtime=1; feat_config_missing_file=1; feat_first_error_before_tests=1; feat_error_in_setup_step=1,ï»¿Current runner version: '2.333.1' Hosted Compute Agent Version: 20260213.493 Commit: <SHA> Build Date: Worker ID: {f0cf71cf-ad4b-4132-ae44-e3cea9af105d} Azure Region: westcentralus Ubuntu 24.04.4 LTS Image: ubuntu-24.04 Version: 20260323.65.1 Included Software: <url:github.com> Image Release: <url:github.com> Contents: read Metadata: read Packages: read Secret source: None Prepare workflow directory Prepare all required actions Getting action download info Download action repository 'actions/checkout@v6' (SHA:<SHA>) Download action repository 'actions/setup-python@v6' (SHA:<SHA>) Download a,0.4241857384488167,0.5108963735889769,0.00018558233350377516,0.019575947029945556,0.045156358598757156
compilation,test_failure,test_failure,False,0.39589370280020797,0.017731320715683008,aio-libs/aiobotocore,CI/CD,check,Decide whether the needed jobs succeeded or failed,runtime.exit_code,ollama,0.855,False,feat_primary_is_runtime=1; feat_first_error_before_tests=1,"ï»¿Current runner version: '2.333.1' Hosted Compute Agent Version: 20260213.493 Commit: <SHA> Build Date: Worker ID: {8e48ea87-2e12-4da2-bc62-76808fcd172d} Azure Region: westcentralus Ubuntu 24.04.4 LTS Image: ubuntu-24.04 Version: 20260413.86.1 Included Software: <url:github.com> Image Release: <url:github.com> Metadata: read Secret source: Actions Prepare workflow directory Prepare all required actions Getting action download info Download action repository 're-actors/alls-green@<SHA>' (SHA:<SHA>) Complete job name: check with: jobs: { ""build"": { ""result"": ""success"", ""outputs"": {} }, ""test"":",0.37816238208452496,0.20035463863182076,0.00018434143318934657,0.025404935050257028,0.39589370280020797
compilation,test_failure,test_failure,False,0.39589370280020797,0.017731320715683008,tiangolo/fastapi,Test,check,Decide whether the needed jobs succeeded or failed,runtime.exit_code,ollama,0.855,False,feat_primary_is_runtime=1; feat_first_error_before_tests=1,"""followers_url"": ""<url:api.github.com> ""following_url"": ""<url:api.github.com> ""gists_url"": ""<url:api.github.com> ""gravatar_id"": """", ""html_url"": ""<url:github.com> ""id"": 70463940, ""login"": ""Herrtian"", ""node_id"": ""MDQ6VXNlcjcwNDYzOTQw"", ""organizations_url"": ""<url:api.github.com> ""received_events_url"": ""<url:api.github.com> ""repos_url"": ""<url:api.github.com> ""site_admin"": false, ""starred_url"": ""<url:api.github.com> ""subscriptions_url"": ""<url:api.github.com> ""type"": ""User"", ""url"": ""<url:api.github.com> ""user_view_type"": ""public"" }, ""private"": false, ""pull_request_creation_policy"": ""all"", ""pulls_url",0.37816238208452496,0.20035463863182076,0.00018434143318934657,0.025404935050257028,0.39589370280020797
compilation,test_failure,test_failure,False,0.39589370280020797,0.017731320715683008,tiangolo/fastapi,pre-commit,pre-commit-alls-green,Decide whether the needed jobs succeeded or failed,runtime.exit_code,ollama,0.855,False,feat_primary_is_runtime=1; feat_first_error_before_tests=1,"""followers_url"": ""<url:api.github.com> ""following_url"": ""<url:api.github.com> ""gists_url"": ""<url:api.github.com> ""gravatar_id"": """", ""html_url"": ""<url:github.com> ""id"": 43058381, ""login"": ""mokshagnachintha"", ""node_id"": ""MDQ6VXNlcjQzMDU4Mzgx"", ""organizations_url"": ""<url:api.github.com> ""received_events_url"": ""<url:api.github.com> ""repos_url"": ""<url:api.github.com> ""site_admin"": false, ""starred_url"": ""<url:api.github.com> ""subscriptions_url"": ""<url:api.github.com> ""type"": ""User"", ""url"": ""<url:api.github.com> ""user_view_type"": ""public"" }, ""private"": false, ""pull_request_creation_policy"": ""all"", ""p",0.37816238208452496,0.20035463863182076,0.00018434143318934657,0.025404935050257028,0.39589370280020797
test_failure,test_failure,test_failure,True,0.5132568251619605,0.10392356832615424,psf/black,test,"test (3.13, ubuntu-latest)",Unit tests,compile.syntax,ollama,0.855,False,feat_kw_test_assert=1; feat_primary_is_compile=1; feat_first_error_before_tests=1,ts/test_black.py::BlackTestCase::test_find_pyproject_toml [gw3] [ 2%] PASSED tests/test_black.py::BlackTestCase::test_report_verbose tests/test_black.py::BlackTestCase::test_one_empty_line tests/test_black.py::BlackTestCase::test_required_version_does_not_match_on_minor_version [gw1] [ 2%] PASSED tests/test_black.py::BlackTestCase::test_find_pyproject_toml [gw2] [ 2%] PASSED tests/test_black.py::BlackTestCase::test_one_empty_line tests/test_black.py::BlackTestCase::test_find_user_pyproject_toml_linux [gw1] [ 2%] PASSED tests/test_black.py::BlackTestCase::test_find_user_pyproject_toml_linux tes,0.40933325683580624,0.024191620458841306,0.0002193165008469932,0.05299898104254499,0.5132568251619605
test_failure,test_failure,test_failure,True,0.39589370280020797,0.017731320715683008,mlflow/mlflow,JS,check-component-ids,Check componentId registry,runtime.exit_code,ollama,0.81,False,feat_primary_is_runtime=1; feat_first_error_before_tests=1,ï»¿Current runner version: '2.333.1' Hosted Compute Agent Version: 20260213.493 Commit: <SHA> Build Date: Worker ID: {d5b5a6fb-4e39-436a-be64-cf6b04a74e30} Azure Region: centralus - OS: Linux (x64) - Source: Docker - Name: ubuntu:24.04 - Version: 20260413.54.1 Contents: read Metadata: read Secret source: None Prepare workflow directory Prepare all required actions Getting action download info Download action repository 'actions/checkout@<SHA>' (SHA:<SHA>) Complete job name: check-component-ids with: persist-credentials: false repository: mlflow/mlflow token: *** ssh-strict: true ssh-user: git ,0.37816238208452496,0.20035463863182076,0.00018434143318934657,0.025404935050257028,0.39589370280020797
test_failure,compilation,compilation,False,0.4343184815803638,0.15147101405893748,benoitc/gunicorn,lint,3.12 / tox-(other),Check generated docs,runtime.exit_code,ollama,0.855,False,feat_primary_is_runtime=1; feat_first_error_before_tests=1; feat_has_dependency_install=1,ï»¿Current runner version: '2.332.0' Hosted Compute Agent Version: 20260213.493 Commit: <SHA> Build Date: Worker ID: {63a67ca8-63b0-47ff-b124-8f6eb64306de} Azure Region: northcentralus Ubuntu 24.04.3 LTS Image: ubuntu-24.04 Version: 20260309.50.1 Included Software: <url:github.com> Image Release: <url:github.com> Contents: read Metadata: read Secret source: Actions Prepare workflow directory Prepare all required actions Getting action download info Download action repository 'actions/checkout@v6' (SHA:<SHA>) Download action repository 'actions/setup-python@v6' (SHA:<SHA>) Complete job name: 3.,0.4343184815803638,0.24071271267159447,0.00023307381832696146,0.0418882644082886,0.2828474675214263
test_failure,compilation,compilation,False,0.4343184815803638,0.15147101405893748,benoitc/gunicorn,lint,3.12 / tox-(other),Check generated docs,runtime.exit_code,ollama,0.81,False,feat_primary_is_runtime=1; feat_first_error_before_tests=1; feat_has_dependency_install=1,ï»¿Current runner version: '2.331.0' Hosted Compute Agent Version: 20260123.484 Commit: <SHA> Build Date: Worker ID: {ff7b4c8b-c07e-49af-8e85-09b7bf36e893} Azure Region: westus3 Ubuntu 24.04.3 LTS Image: ubuntu-24.04 Version: 20260126.10.1 Included Software: <url:github.com> Image Release: <url:github.com> Contents: read Metadata: read Secret source: Actions Prepare workflow directory Prepare all required actions Getting action download info Download action repository 'actions/checkout@v6' (SHA:<SHA>) Download action repository 'actions/setup-python@v6' (SHA:<SHA>) Complete job name: 3.12 / to,0.4343184815803638,0.24071271267159447,0.00023307381832696146,0.0418882644082886,0.2828474675214263
test_failure,test_failure,test_failure,True,0.39589370280020797,0.017731320715683008,astral-sh/ruff,CI,all required checks passed,Check required jobs passed,runtime.exit_code,ollama,0.855,False,feat_primary_is_runtime=1; feat_first_error_before_tests=1,"ï»¿Current runner version: '2.333.1' Hosted Compute Agent Version: 20260213.493 Commit: <SHA> Build Date: Worker ID: {50c61888-5ccd-488e-a736-2b79cd281189} Azure Region: northcentralus - OS: Linux (x64) - Source: Docker - Name: ubuntu:24.04 - Version: 20260323.53.1 Metadata: read Secret source: Actions Prepare workflow directory Prepare all required actions Complete job name: all required checks passed failing=$(echo ""$NEEDS_JSON"" | jq -r 'to_entries[] | select(.value.result != ""success"" and .value.result != ""skipped"") | ""\(.key): \(.value.result)""') if [ -n ""$failing"" ]; then echo ""$failing"" ",0.37816238208452496,0.20035463863182076,0.00018434143318934657,0.025404935050257028,0.39589370280020797
compilation,compilation,compilation,True,0.5241338133689272,0.08075110500935168,FasterXML/jackson-core,CIFuzz,Fuzzing,Build Fuzzers,dep.not_found,ollama,0.855,False,feat_fw_gradle=1; feat_is_java=1; feat_kw_compile_fail=1; feat_compile_no_tests=1; feat_step_is_compile=1; feat_primary_is_config=1; feat_compile_jvm_strong=1; feat_first_error_before_tests=1; feat_error_in_compile_step=1; feat_has_compile_task=1; feat_compile_over_config_guard=1,): 0.5/1.7 MB | 94 kB | 70 kB Progress (3): 0.5/1.7 MB | 94 kB | 70 kB Progress (3): 0.5/1.7 MB | 94 kB | 70 kB Progress (3): 0.6/1.7 MB | 94 kB | 70 kB Progress (3): 0.6/1.7 MB | 94 kB | 70 kB Progress (3): 0.6/1.7 MB | 94 kB | 70 kB Progress (3): 0.6/1.7 MB | 94 kB | 70 kB Progress (3): 0.6/1.7 MB | 94 kB | 70 kB Progress (3): 0.6/1.7 MB | 94 kB | 70 kB Progress (3): 0.6/1.7 MB | 94 kB | 70 kB Progress (3): 0.6/1.7 MB | 94 kB | 70 kB Progress (3): 0.6/1.7 MB | 94 kB | 70 kB Progress (3): 0.6/1.7 MB | 94 kB | 70 kB Progress (3): 0.6/1.7 MB | 94 kB | 70 kB Progress (3): 0.6/1.7 MB | 94 kB | 70,0.5241338133689272,0.4433827083595755,4.371062688841066e-05,0.0262407258293703,0.00619904181523858
test_failure,test_failure,test_failure,True,0.39589370280020797,0.017731320715683008,astral-sh/ruff,CI,all required checks passed,Check required jobs passed,runtime.exit_code,ollama,0.855,False,feat_primary_is_runtime=1; feat_first_error_before_tests=1,"ï»¿Current runner version: '2.333.1' Hosted Compute Agent Version: 20260213.493 Commit: <SHA> Build Date: Worker ID: {6ab9ef7d-060b-4fe4-95d4-604449448cad} Azure Region: eastus - OS: Linux (x64) - Source: Docker - Name: ubuntu:24.04 - Version: 20260413.54.1 Metadata: read Secret source: None Prepare workflow directory Prepare all required actions Complete job name: all required checks passed failing=$(echo ""$NEEDS_JSON"" | jq -r 'to_entries[] | select(.value.result != ""success"" and .value.result != ""skipped"") | ""\(.key): \(.value.result)""') if [ -n ""$failing"" ]; then echo ""$failing"" exit 1 fi s",0.37816238208452496,0.20035463863182076,0.00018434143318934657,0.025404935050257028,0.39589370280020797
infrastructure,infrastructure,infrastructure,True,0.3579859745485043,0.016831616144777795,apache/airflow,Tests,CI image checks / Static checks,Static checks,unknown.other,ollama,0.8,False,feat_first_error_before_tests=1; feat_has_dependency_install=1,GITHUB_TOKEN: *** Unable to find image 'bash:latest' locally latest: Pulling from library/bash 6a0ac1617861: Pulling fs layer 91eccb35d8cc: Pulling fs layer 2eddc95288cd: Pulling fs layer 2eddc95288cd: Verifying Checksum 2eddc95288cd: Download complete 6a0ac1617861: Verifying Checksum 6a0ac1617861: Download complete 91eccb35d8cc: Verifying Checksum 91eccb35d8cc: Download complete 6a0ac1617861: Pull complete 91eccb35d8cc: Pull complete 2eddc95288cd: Pull complete Digest: sha256:<HASH> Status: Downloaded newer image for bash:latest with: persist-credentials: false repository: apache/airflow toke,0.16712037911370842,0.13262748954432,0.001111798389740665,0.3579859745485043,0.3411543584037265
compilation,test_failure,test_failure,False,0.39589370280020797,0.017731320715683008,aio-libs/aiohttp,CI,check,Decide whether the needed jobs succeeded or failed,runtime.exit_code,ollama,0.855,False,feat_primary_is_runtime=1; feat_first_error_before_tests=1,ï»¿Current runner version: '2.333.0' Hosted Compute Agent Version: 20260213.493 Commit: <SHA> Build Date: Worker ID: {cc2570a9-923c-4094-8cf6-e00816f7e0aa} Azure Region: centralus Ubuntu 24.04.4 LTS Image: ubuntu-24.04 Version: 20260323.65.1 Included Software: <url:github.com> Image Release: <url:github.com> Metadata: read Secret source: None Prepare workflow directory Prepare all required actions Getting action download info Download action repository 're-actors/alls-green@release/v1' (SHA:<SHA>) Download action repository 'codecov/codecov-action@v6' (SHA:<SHA>) Getting action download info D,0.37816238208452496,0.20035463863182076,0.00018434143318934657,0.025404935050257028,0.39589370280020797
test_failure,test_failure,test_failure,True,0.5459862681219324,0.12191568501319577,pallets/click,Tests,PyPy,Run uv run --locked --no-default-groups --group dev tox run,compile.syntax,ollama,0.81,False,feat_fw_pytest=1; feat_kw_compile_fail=1; feat_kw_config_fail=1; feat_compile_no_tests=1; feat_compile_with_config=1; feat_primary_is_compile=1; feat_compile_python_syntax=1; feat_config_missing_file=1; feat_first_error_after_tests_started=1; feat_error_in_test_step=1; feat_compile_over_config_guard=1,ï»¿Current runner version: '2.333.1' Hosted Compute Agent Version: 20260213.493 Commit: <SHA> Build Date: Worker ID: {78497129-2a18-4d78-83fc-e36d968f343f} Azure Region: westcentralus Ubuntu 24.04.4 LTS Image: ubuntu-24.04 Version: 20260406.80.1 Included Software: <url:github.com> Image Release: <url:github.com> Metadata: read Secret source: None Prepare workflow directory Prepare all required actions Getting action download info Download action repository 'actions/checkout@<SHA>' (SHA:<SHA>) Download action repository 'astral-sh/setup-uv@<SHA>' (SHA:<SHA>) Download action repository 'actions/,0.42407058310873663,0.020304336857951168,0.0018813695612992607,0.007757442350080643,0.5459862681219324
test_failure,compilation,compilation,False,0.4343184815803638,0.15147101405893748,pypa/pip,CI,tests / 3.14 / Windows / 2,Run integration tests (group 2),runtime.exit_code,ollama,0.81,False,feat_primary_is_runtime=1; feat_first_error_before_tests=1; feat_has_dependency_install=1,FORCE_COLOR: 1 TEMP: D:\\Temp pythonLocation: C:\hostedtoolcache\windows\Python\3.14.3\x64 PKG_CONFIG_PATH: C:\hostedtoolcache\windows\Python\3.14.3\x64/lib/pkgconfig Python_ROOT_DIR: C:\hostedtoolcache\windows\Python\3.14.3\x64 Python2_ROOT_DIR: C:\hostedtoolcache\windows\Python\3.14.3\x64 Python3_ROOT_DIR: C:\hostedtoolcache\windows\Python\3.14.3\x64 - ââââââââââââââââââââââââââââââ 1024 KB / 2.73 MB ââââââââââââââââââââââââââââââ 2.00 MB / 2.73 MB âââââââââ,0.4343184815803638,0.24071271267159447,0.00023307381832696146,0.0418882644082886,0.2828474675214263
test_failure,test_failure,test_failure,True,0.39589370280020797,0.017731320715683008,astral-sh/ruff,CI,all required checks passed,Check required jobs passed,runtime.exit_code,ollama,0.855,False,feat_primary_is_runtime=1; feat_first_error_before_tests=1,"ï»¿Current runner version: '2.333.1' Hosted Compute Agent Version: 20260213.493 Commit: <SHA> Build Date: Worker ID: {b0be4057-9472-4ce4-9aea-a083700d9c05} Azure Region: northcentralus - OS: Linux (x64) - Source: Docker - Name: ubuntu:24.04 - Version: 20260323.53.1 Metadata: read Secret source: Actions Prepare workflow directory Prepare all required actions Complete job name: all required checks passed failing=$(echo ""$NEEDS_JSON"" | jq -r 'to_entries[] | select(.value.result != ""success"" and .value.result != ""skipped"") | ""\(.key): \(.value.result)""') if [ -n ""$failing"" ]; then echo ""$failing"" ",0.37816238208452496,0.20035463863182076,0.00018434143318934657,0.025404935050257028,0.39589370280020797
compilation,test_failure,test_failure,False,0.39589370280020797,0.017731320715683008,astral-sh/ruff,CI,prek,Run prek,runtime.exit_code,ollama,0.855,False,feat_primary_is_runtime=1; feat_first_error_before_tests=1,ï»¿Current runner version: '2.333.1' Runner name: 'depot-nxnnlmsptb' Runner group name: 'default' Machine name: 'depot-machine' Metadata: read Secret source: Actions Prepare workflow directory Prepare all required actions Getting action download info Download action repository 'actions/checkout@<SHA>' (SHA:<SHA>) Download action repository 'astral-sh/setup-uv@<SHA>' (SHA:<SHA>) Download action repository 'actions/setup-node@<SHA>' (SHA:<SHA>) Download action repository 'actions/cache@<SHA>' (SHA:<SHA>) Complete job name: prek with: persist-credentials: false repository: astral-sh/ruff token: *,0.37816238208452496,0.20035463863182076,0.00018434143318934657,0.025404935050257028,0.39589370280020797
compilation,test_failure,test_failure,False,0.5475031527331026,0.15174865613748456,fabric8io/kubernetes-client,Build,Java 11 Maven,Build Project,runtime.exit_code,ollama,0.855,False,feat_tests_ran=1; feat_num_tests_run=46; feat_build_duration=0.603; feat_fw_junit=1; feat_fw_gradle=1; feat_is_java=1; feat_step_is_compile=1; feat_primary_is_runtime=1; feat_first_error_after_tests_started=1; feat_error_in_compile_step=1; feat_error_in_test_step=1; feat_has_compile_task=1,ter (Autodetected) [jar] [INFO] Fabric8 :: Kubernetes :: JUnit :: Server Mock [jar] [INFO] Kube API Test Parent [pom] [INFO] Kube API Test [jar] [INFO] Kube API Test - Client Injecting Support [jar] [INFO] Fabric8 :: Openshift :: Java Client API [jar] [INFO] Fabric8 :: Openshift :: Java Client [jar] [INFO] Fabric8 :: Kubernetes :: Extensions [pom] [INFO] Fabric8 :: Knative :: Extension [pom] [INFO] Fabric8 :: Knative :: Model [bundle] [INFO] Fabric8 :: Knative :: Client [bundle] [INFO] Fabric8 :: Knative :: Examples [jar] [INFO] Fabric8 :: Knative :: Tests [jar] [INFO] Fabric8 :: Tekton :: Ext,0.395754496595618,0.03680700883674571,0.00047698506741607216,0.019458356767117716,0.5475031527331026
test_failure,compilation,compilation,False,0.4343184815803638,0.15147101405893748,pypa/pipenv,CI,Package Manager Benchmark,Run benchmark suite,runtime.exit_code,ollama,0.81,False,feat_primary_is_runtime=1; feat_first_error_before_tests=1; feat_has_dependency_install=1,"Note: switching to 'refs/remotes/pull/6538/merge'. You are in 'detached HEAD' state. You can look around, make experimental changes and commit them, and you can discard any commits you make in this state without impacting any branches by switching back to a branch. If you want to create a new branch to retain commits you create, you may do so (now or later) by using -c with the switch command. Example: git switch -c <new-branch-name> Or undo this operation with: git switch - Turn off this advice by setting config variable advice.detachedHead to false HEAD is now at 8f23a57 Merge <SHA> into <SH",0.4343184815803638,0.24071271267159447,0.00023307381832696146,0.0418882644082886,0.2828474675214263
test_failure,compilation,compilation,False,0.4343184815803638,0.15147101405893748,pypa/pipenv,CI,Package Manager Benchmark,Run benchmark suite,runtime.exit_code,ollama,0.81,False,feat_primary_is_runtime=1; feat_first_error_before_tests=1; feat_has_dependency_install=1,"Note: switching to 'refs/remotes/pull/6553/merge'. You are in 'detached HEAD' state. You can look around, make experimental changes and commit them, and you can discard any commits you make in this state without impacting any branches by switching back to a branch. If you want to create a new branch to retain commits you create, you may do so (now or later) by using -c with the switch command. Example: git switch -c <new-branch-name> Or undo this operation with: git switch - Turn off this advice by setting config variable advice.detachedHead to false HEAD is now at e990dc3 Merge <SHA> into <SH",0.4343184815803638,0.24071271267159447,0.00023307381832696146,0.0418882644082886,0.2828474675214263
compilation,compilation,compilation,True,0.4343184815803638,0.15147101405893748,pypa/pipenv,CI,Package Manager Benchmark,Run benchmark suite,runtime.exit_code,ollama,0.81,False,feat_primary_is_runtime=1; feat_first_error_before_tests=1; feat_has_dependency_install=1,"g --local --name-only --get-regexp http\.https\:\/\/github\.com\/\.extraheader [command]/usr/bin/git submodule foreach --recursive sh -c ""git config --local --name-only --get-regexp 'http\.https\:\/\/github\.com\/\.extraheader' && git config --local --unset-all 'http.<url:github.com> || :"" [command]/usr/bin/git config --local --name-only --get-regexp ^includeIf\.gitdir: [command]/usr/bin/git submodule foreach --recursive git config --local --show-origin --name-only --get-regexp remote.origin.url [command]/usr/bin/git config --local http.<url:github.com> AUTHORIZATION: basic *** [command]/usr/b",0.4343184815803638,0.24071271267159447,0.00023307381832696146,0.0418882644082886,0.2828474675214263
test_failure,test_failure,test_failure,True,0.39589370280020797,0.017731320715683008,tiangolo/fastapi,Test Redistribute,test-redistribute-alls-green,Decide whether the needed jobs succeeded or failed,runtime.exit_code,ollama,0.855,False,feat_primary_is_runtime=1; feat_first_error_before_tests=1,"ï»¿Current runner version: '2.333.1' Hosted Compute Agent Version: 20260213.493 Commit: <SHA> Build Date: Worker ID: {e508f437-ceb4-446f-9697-79a1486e3cd6} Azure Region: centralus Ubuntu 24.04.4 LTS Image: ubuntu-24.04 Version: 20260406.80.1 Included Software: <url:github.com> Image Release: <url:github.com> Contents: read Metadata: read Packages: read Secret source: None Prepare workflow directory Prepare all required actions Getting action download info Download action repository 're-actors/alls-green@release/v1' (SHA:<SHA>) Complete job name: test-redistribute-alls-green with: jobs: { ""test",0.37816238208452496,0.20035463863182076,0.00018434143318934657,0.025404935050257028,0.39589370280020797
configuration,compilation,compilation,False,0.4343184815803638,0.15147101405893748,benoitc/gunicorn,lint,3.12 / tox-(other),Check generated docs,runtime.exit_code,ollama,0.95,False,feat_primary_is_runtime=1; feat_first_error_before_tests=1; feat_has_dependency_install=1,ï»¿Current runner version: '2.331.0' Hosted Compute Agent Version: 20260213.493 Commit: <SHA> Build Date: Worker ID: {ebd554eb-d37f-4cd3-947d-3c15f3fc9da8} Azure Region: westus Ubuntu 24.04.3 LTS Image: ubuntu-24.04 Version: 20260217.30.1 Included Software: <url:github.com> Image Release: <url:github.com> Contents: read Metadata: read Secret source: Actions Prepare workflow directory Prepare all required actions Getting action download info Download action repository 'actions/checkout@v6' (SHA:<SHA>) Download action repository 'actions/setup-python@v6' (SHA:<SHA>) Complete job name: 3.12 / tox,0.4343184815803638,0.24071271267159447,0.00023307381832696146,0.0418882644082886,0.2828474675214263
compilation,test_failure,test_failure,False,0.39589370280020797,0.017731320715683008,pydantic/pydantic,CI,check,Decide whether the needed jobs succeeded or failed,runtime.exit_code,ollama,0.855,False,feat_primary_is_runtime=1; feat_first_error_before_tests=1,"ï»¿Current runner version: '2.333.1' Hosted Compute Agent Version: 20260213.493 Commit: <SHA> Build Date: Worker ID: {89dc2951-0abf-4aee-8bc6-3e737afc8f2e} Azure Region: westcentralus Ubuntu 24.04.4 LTS Image: ubuntu-24.04 Version: 20260406.80.1 Included Software: <url:github.com> Image Release: <url:github.com> Contents: read Metadata: read Secret source: None Prepare workflow directory Prepare all required actions Getting action download info Download action repository 're-actors/alls-green@<SHA>' (SHA:<SHA>) Complete job name: check with: jobs: { ""lint"": { ""result"": ""failure"", ""outputs"": {}",0.37816238208452496,0.20035463863182076,0.00018434143318934657,0.025404935050257028,0.39589370280020797
test_failure,test_failure,test_failure,True,0.39589370280020797,0.017731320715683008,aio-libs/aiohttp,CI,check,Decide whether the needed jobs succeeded or failed,runtime.exit_code,ollama,0.855,False,feat_primary_is_runtime=1; feat_first_error_before_tests=1,ï»¿Current runner version: '2.332.0' Hosted Compute Agent Version: 20260213.493 Commit: <SHA> Build Date: Worker ID: {18cf40fe-bfee-477d-aa18-9705d5201fac} Azure Region: westus Ubuntu 24.04.3 LTS Image: ubuntu-24.04 Version: 20260309.50.1 Included Software: <url:github.com> Image Release: <url:github.com> Metadata: read Secret source: Actions Prepare workflow directory Prepare all required actions Getting action download info Download action repository 're-actors/alls-green@release/v1' (SHA:<SHA>) Download action repository 'codecov/codecov-action@v5' (SHA:<SHA>) Getting action download info D,0.37816238208452496,0.20035463863182076,0.00018434143318934657,0.025404935050257028,0.39589370280020797
test_failure,test_failure,test_failure,True,0.39589370280020797,0.017731320715683008,astral-sh/ruff,CI,all required checks passed,Check required jobs passed,runtime.exit_code,ollama,0.855,False,feat_primary_is_runtime=1; feat_first_error_before_tests=1,"ï»¿Current runner version: '2.333.1' Hosted Compute Agent Version: 20260213.493 Commit: <SHA> Build Date: Worker ID: {18af3071-8a01-4c38-a934-e65407b4c0d3} Azure Region: eastus - OS: Linux (x64) - Source: Docker - Name: ubuntu:24.04 - Version: 20260413.54.1 Metadata: read Secret source: Actions Prepare workflow directory Prepare all required actions Complete job name: all required checks passed failing=$(echo ""$NEEDS_JSON"" | jq -r 'to_entries[] | select(.value.result != ""success"" and .value.result != ""skipped"") | ""\(.key): \(.value.result)""') if [ -n ""$failing"" ]; then echo ""$failing"" exit 1 f",0.37816238208452496,0.20035463863182076,0.00018434143318934657,0.025404935050257028,0.39589370280020797
compilation,compilation,compilation,True,0.5163877207792131,0.043256916640071474,checkstyle/checkstyle,Checker,check (signature-gui-units-init),Execute checker framework,dep.not_found,ollama,0.855,False,feat_is_java=1; feat_kw_compile_fail=1; feat_compile_no_tests=1; feat_primary_is_config=1; feat_compile_jvm_strong=1; feat_first_error_before_tests=1; feat_error_in_compile_step=1; feat_has_compile_task=1; feat_compile_over_config_guard=1,show-progress: true lfs: false submodules: false set-safe-directory: true env: JAVA_HOME: /opt/hostedtoolcache/Java_Temurin-Hotspot_jdk/21.0.10-7/x64 JAVA_HOME_21_X64: /opt/hostedtoolcache/Java_Temurin-Hotspot_jdk/21.0.10-7/x64 Syncing repository: checkstyle/checkstyle Working directory is '/home/runner/work/checkstyle/checkstyle' [command]/usr/bin/git version git version 2.53.0 Temporarily overriding HOME='/home/runner/work/_temp/08f11640-c949-4d5e-8158-b85f25cfcae7' before making global git config changes Adding repository directory to the temporary git global config as a safe directory [com,0.5163877207792131,0.47313080413914166,2.73434957775295e-05,0.006585889154565925,0.0038682424313016945
compilation,test_failure,test_failure,False,0.39589370280020797,0.017731320715683008,tiangolo/fastapi,pre-commit,pre-commit-alls-green,Decide whether the needed jobs succeeded or failed,runtime.exit_code,ollama,0.855,False,feat_primary_is_runtime=1; feat_first_error_before_tests=1,"""followers_url"": ""<url:api.github.com> ""following_url"": ""<url:api.github.com> ""gists_url"": ""<url:api.github.com> ""gravatar_id"": """", ""html_url"": ""<url:github.com> ""id"": 152703806, ""login"": ""Sumedh-6504"", ""node_id"": ""U_kgDOCRoTPg"", ""organizations_url"": ""<url:api.github.com> ""received_events_url"": ""<url:api.github.com> ""repos_url"": ""<url:api.github.com> ""site_admin"": false, ""starred_url"": ""<url:api.github.com> ""subscriptions_url"": ""<url:api.github.com> ""type"": ""User"", ""url"": ""<url:api.github.com> ""user_view_type"": ""public"" }, ""private"": false, ""pull_request_creation_policy"": ""all"", ""pulls_url"": """,0.37816238208452496,0.20035463863182076,0.00018434143318934657,0.025404935050257028,0.39589370280020797
test_failure,test_failure,test_failure,True,0.5374978949223223,0.23581523579221692,PyCQA/isort,CI,Lint,Lint,runtime.exit_code,ollama,0.81,False,feat_fw_pytest=1; feat_kw_config_fail=1; feat_config_no_compile=1; feat_step_is_lint=1; feat_primary_is_runtime=1; feat_config_lint_format=1; feat_first_error_after_tests_started=1; feat_error_in_lint_step=1; feat_error_in_test_step=1; feat_config_strong_only=1,DEFAULT_PYTHON: 3.14 (node:2320) [DEP0040] DeprecationWarning: The `punycode` module is deprecated. Please use a userland alternative instead. (Use `node --trace-deprecation ...` to show where the warning was created) Resolved as '3.14.3' Successfully set up CPython (3.14.3) with: enable-cache: true version-file: pyproject.toml activate-environment: false working-directory: /home/runner/work/isort/isort github-token: *** cache-dependency-glob: **/*requirements*.txt **/*requirements*.in **/*constraints*.txt **/*constraints*.in **/pyproject.toml **/uv.lock **/*.py.lock restore-cache: true save-c,0.30168265913010534,0.13172784123654352,0.0016617717917422133,0.027429832919286627,0.5374978949223223
configuration,compilation,compilation,False,0.4343184815803638,0.15147101405893748,benoitc/gunicorn,lint,3.12 / tox-(other),Check generated docs,runtime.exit_code,ollama,0.95,False,feat_primary_is_runtime=1; feat_first_error_before_tests=1; feat_has_dependency_install=1,ï»¿Current runner version: '2.331.0' Hosted Compute Agent Version: 20260123.484 Commit: <SHA> Build Date: Worker ID: {b306142a-58e7-4078-93f4-68318ce12cc6} Azure Region: eastus2 Ubuntu 24.04.3 LTS Image: ubuntu-24.04 Version: 20260126.10.1 Included Software: <url:github.com> Image Release: <url:github.com> Contents: read Metadata: read Secret source: Actions Prepare workflow directory Prepare all required actions Getting action download info Download action repository 'actions/checkout@v6' (SHA:<SHA>) Download action repository 'actions/setup-python@v6' (SHA:<SHA>) Complete job name: 3.12 / to,0.4343184815803638,0.24071271267159447,0.00023307381832696146,0.0418882644082886,0.2828474675214263
configuration,test_failure,test_failure,False,0.39589370280020797,0.017731320715683008,django/django,Check commit prefix,check-commit-suffix,Check commit messages suffix,runtime.exit_code,ollama,0.95,False,feat_primary_is_runtime=1; feat_first_error_before_tests=1,ï»¿Current runner version: '2.333.1' Hosted Compute Agent Version: 20260213.493 Commit: <SHA> Build Date: Worker ID: {40450bd1-61ab-4c84-82dd-d3f3cd18cd4c} Azure Region: eastus2 Ubuntu 24.04.4 LTS Image: ubuntu-24.04 Version: 20260406.80.1 Included Software: <url:github.com> Image Release: <url:github.com> Contents: read Metadata: read Secret source: None Prepare workflow directory Prepare all required actions Getting action download info Download action repository 'actions/checkout@v6' (SHA:<SHA>) Complete job name: check-commit-suffix with: persist-credentials: false repository: django/djang,0.37816238208452496,0.20035463863182076,0.00018434143318934657,0.025404935050257028,0.39589370280020797
compilation,compilation,compilation,True,0.4343184815803638,0.15147101405893748,astral-sh/ruff,CI,check playground,Run TypeScript checks,runtime.exit_code,ollama,0.81,False,feat_primary_is_runtime=1; feat_first_error_before_tests=1; feat_has_dependency_install=1,ï»¿Current runner version: '2.334.0' Hosted Compute Agent Version: 20260422.526 Commit: <SHA> Build Date: Worker ID: {72286c4c-8ec3-4755-b2e3-9c9df8f70fc1} Azure Region: westus Ubuntu 24.04.4 LTS Image: ubuntu-24.04 Version: 20260426.100.1 Included Software: <url:github.com> Image Release: <url:github.com> Metadata: read Secret source: Actions Prepare workflow directory Prepare all required actions Getting action download info Download action repository 'actions/checkout@<SHA>' (SHA:<SHA>) Download action repository 'Swatinem/rust-cache@<SHA>' (SHA:<SHA>) Download action repository 'actions/se,0.4343184815803638,0.24071271267159447,0.00023307381832696146,0.0418882644082886,0.2828474675214263
configuration,test_failure,test_failure,False,0.39589370280020797,0.017731320715683008,pre-commit/pre-commit,main,main-windows / collector,check for failures,runtime.exit_code,ollama,0.95,False,feat_primary_is_runtime=1; feat_first_error_before_tests=1,ï»¿Current runner version: '2.333.1' Hosted Compute Agent Version: 20260213.493 Commit: <SHA> Build Date: Worker ID: {6ed8b0e7-6f91-4e67-84c3-9456ce669e42} Azure Region: eastus2 Ubuntu 24.04.4 LTS Image: ubuntu-24.04 Version: 20260413.86.1 Included Software: <url:github.com> Image Release: <url:github.com> Actions: read ArtifactMetadata: read Attestations: read Checks: read Contents: read Deployments: read Discussions: read Issues: read Metadata: read Models: read Packages: read Pages: read PullRequests: read RepositoryProjects: read SecurityEvents: read Statuses: read Secret source: None Prep,0.37816238208452496,0.20035463863182076,0.00018434143318934657,0.025404935050257028,0.39589370280020797
configuration,test_failure,test_failure,False,0.39589370280020797,0.017731320715683008,mlflow/mlflow,JS,js (--testPathIgnorePatterns),Run tests,runtime.exit_code,ollama,0.95,False,feat_primary_is_runtime=1; feat_first_error_before_tests=1,/tmp/xfs-2593bd5b STDOUT No package manager configuration detected; defaulting to Yarn â¤ YN0000: â /tmp/xfs-2593bd5b STDOUT â¤ YN0000: â /tmp/xfs-75efccf8 STDOUT No package manager configuration detected; defaulting to Yarn â¤ YN0000: â /tmp/xfs-75efccf8 STDOUT â¤ YN0000: â /tmp/xfs-75efccf8 STDOUT â¤ YN0000: LICENSE â¤ YN0000: â /tmp/xfs-75efccf8 STDOUT â¤ YN0000: README.md â¤ YN0000: â /tmp/xfs-75efccf8 STDOUT â¤ YN0000: package.json â¤ YN0000: â /tmp/xfs-75efccf8 STDOUT â¤ YN0000: robust-determinant.js â¤ YN0000: â /tmp/xfs-75efccf8 STDOUT â¤ YN0000: test/test.,0.37816238208452496,0.20035463863182076,0.00018434143318934657,0.025404935050257028,0.39589370280020797
compilation,test_failure,test_failure,False,0.39589370280020797,0.017731320715683008,aio-libs/aiohttp,CI,check,Decide whether the needed jobs succeeded or failed,runtime.exit_code,ollama,0.855,False,feat_primary_is_runtime=1; feat_first_error_before_tests=1,ï»¿Current runner version: '2.333.1' Hosted Compute Agent Version: 20260213.493 Commit: <SHA> Build Date: Worker ID: {bbcada61-3fe4-4d9a-b2a0-0fdb3ab3b1c7} Azure Region: westus Ubuntu 24.04.4 LTS Image: ubuntu-24.04 Version: 20260329.72.1 Included Software: <url:github.com> Image Release: <url:github.com> Metadata: read Secret source: Actions Prepare workflow directory Prepare all required actions Getting action download info Download action repository 're-actors/alls-green@release/v1' (SHA:<SHA>) Download action repository 'codecov/codecov-action@v6' (SHA:<SHA>) Getting action download info D,0.37816238208452496,0.20035463863182076,0.00018434143318934657,0.025404935050257028,0.39589370280020797
test_failure,compilation,compilation,False,0.4343184815803638,0.15147101405893748,benoitc/gunicorn,lint,3.12 / tox-(other),Check generated docs,runtime.exit_code,ollama,0.81,False,feat_primary_is_runtime=1; feat_first_error_before_tests=1; feat_has_dependency_install=1,ï»¿Current runner version: '2.331.0' Hosted Compute Agent Version: 20260115.477 Commit: <SHA> Build Date: Worker ID: {36bb6c9c-cc1e-46a1-9e59-83ea29042cf9} Azure Region: eastus Ubuntu 24.04.3 LTS Image: ubuntu-24.04 Version: 20260119.4.1 Included Software: <url:github.com> Image Release: <url:github.com> Contents: read Metadata: read Secret source: Actions Prepare workflow directory Prepare all required actions Getting action download info Download action repository 'actions/checkout@v6' (SHA:<SHA>) Download action repository 'actions/setup-python@v6' (SHA:<SHA>) Complete job name: 3.12 / tox-,0.4343184815803638,0.24071271267159447,0.00023307381832696146,0.0418882644082886,0.2828474675214263
configuration,compilation,compilation,False,0.5000172400223225,0.13343225498149158,docker/compose,ci,test,Test,runtime.command_not_found,rule,0.92,False,feat_step_is_test=1; feat_primary_is_runtime=1; feat_first_error_before_tests=1; feat_error_in_test_step=1; feat_has_compile_task=1,"""reservedSpace"": ""9.313GiB"", ""maxUsedSpace"": ""93.13GiB"", ""minFreeSpace"": ""27.01GiB"" }, { ""all"": true, ""reservedSpace"": ""9.313GiB"", ""maxUsedSpace"": ""93.13GiB"", ""minFreeSpace"": ""27.01GiB"" } ] } ], ""name"": ""builder-8d43ba28-ceca-40f8-b3b1-cdf99cd4a148"", ""driver"": ""docker-container"", ""lastActivity"": """" } [command]/usr/bin/docker buildx bake <url:github.com> --set *.cache-from=type=gha,scope=test --set *.cache-to=type=gha,scope=test --print test #0 building with ""builder-8d43ba28-ceca-40f8-b3b1-cdf99cd4a148"" instance using docker-container driver #1 [internal] load git source <url:github.com> #1 0.",0.5000172400223225,0.12410142242626171,0.0003306031426620237,0.008965749367922826,0.3665849850408309
test_failure,infrastructure,infrastructure,False,0.4847595401870418,0.011723584063406345,pypa/pipenv,CI,Windows / 3.10,Run tests,infra.network.socket,ollama,0.855,False,feat_fw_pytest=1; feat_kw_test_assert=1; feat_primary_is_infra=1; feat_first_error_after_tests_started=1; feat_error_in_test_step=1; feat_has_dependency_install=1,"Downloading packaging-26.0-py3-none-any.whl.metadata (3.3 kB) Downloading setuptools-82.0.1-py3-none-any.whl (1.0 MB) ---------------------------------------- 1.0/1.0 MB 15.8 MB/s 0:00:00 Downloading wheel-0.46.3-py3-none-any.whl (30 kB) Downloading packaging-26.0-py3-none-any.whl (74 kB) Installing collected packages: setuptools, packaging, wheel Attempting uninstall: setuptools Found existing installation: setuptools 65.5.0 Uninstalling setuptools-65.5.0: Successfully uninstalled setuptools-65.5.0 Successfully installed packaging-26.0 setuptools-82.0.1 wheel-0.46.3 git submodule sync git sub",0.027498719869563197,0.01354470143649106,0.0011610823832684765,0.4847595401870418,0.47303595612363547
test_failure,test_failure,test_failure,True,0.39589370280020797,0.017731320715683008,astral-sh/ruff,CI,all required checks passed,Check required jobs passed,runtime.exit_code,ollama,0.855,False,feat_primary_is_runtime=1; feat_first_error_before_tests=1,"ï»¿Current runner version: '2.333.1' Hosted Compute Agent Version: 20260213.493 Commit: <SHA> Build Date: Worker ID: {ca9a333c-330b-402d-a757-7613caf18f15} Azure Region: centralus - OS: Linux (x64) - Source: Docker - Name: ubuntu:24.04 - Version: 20260413.54.1 Metadata: read Secret source: Actions Prepare workflow directory Prepare all required actions Complete job name: all required checks passed failing=$(echo ""$NEEDS_JSON"" | jq -r 'to_entries[] | select(.value.result != ""success"" and .value.result != ""skipped"") | ""\(.key): \(.value.result)""') if [ -n ""$failing"" ]; then echo ""$failing"" exit ",0.37816238208452496,0.20035463863182076,0.00018434143318934657,0.025404935050257028,0.39589370280020797
test_failure,test_failure,test_failure,True,0.39589370280020797,0.017731320715683008,encode/starlette,Test Suite,check,Decide whether the needed jobs succeeded or failed,runtime.exit_code,ollama,0.855,False,feat_primary_is_runtime=1; feat_first_error_before_tests=1,ï»¿Current runner version: '2.333.1' Hosted Compute Agent Version: 20260213.493 Commit: <SHA> Build Date: Worker ID: {a1705af5-3d9f-47c1-a5db-593b4f9e1a41} Azure Region: northcentralus Ubuntu 24.04.4 LTS Image: ubuntu-24.04 Version: 20260323.65.1 Included Software: <url:github.com> Image Release: <url:github.com> Actions: read ArtifactMetadata: read Attestations: read Checks: read Contents: read Deployments: read Discussions: read Issues: read Metadata: read Models: read Packages: read Pages: read PullRequests: read RepositoryProjects: read SecurityEvents: read Statuses: read Secret source: No,0.37816238208452496,0.20035463863182076,0.00018434143318934657,0.025404935050257028,0.39589370280020797
compilation,compilation,compilation,True,0.4102225399470882,0.07881651970740328,django/django,Check commit prefix,check-commit-suffix,Check commit messages suffix,runtime.exit_code,ollama,0.855,False,feat_kw_config_fail=1; feat_config_no_compile=1; feat_primary_is_runtime=1; feat_config_lint_format=1; feat_first_error_before_tests=1; feat_error_in_lint_step=1; feat_config_strong_only=1,ï»¿Current runner version: '2.333.1' Hosted Compute Agent Version: 20260213.493 Commit: <SHA> Build Date: Worker ID: {fd57e952-5b52-47bb-a00d-4171a3e46489} Azure Region: westus Ubuntu 24.04.4 LTS Image: ubuntu-24.04 Version: 20260406.80.1 Included Software: <url:github.com> Image Release: <url:github.com> Contents: read Metadata: read Secret source: None Prepare workflow directory Prepare all required actions Getting action download info Download action repository 'actions/checkout@v6' (SHA:<SHA>) Complete job name: check-commit-suffix with: persist-credentials: false repository: django/django,0.4102225399470882,0.23312249363937618,0.00023702095148288855,0.025011925222367788,0.3314060202396849
configuration,test_failure,test_failure,False,0.39589370280020797,0.017731320715683008,aio-libs/aiobotocore,CI/CD,test / Test Python 3.14 on ubuntu-24.04 no-httpx,Run pre-commit hooks,runtime.exit_code,ollama,0.95,False,feat_primary_is_runtime=1; feat_first_error_before_tests=1,ï»¿Current runner version: '2.333.1' Hosted Compute Agent Version: 20260213.493 Commit: <SHA> Build Date: Worker ID: {58c62d8e-6173-4db6-a40d-483f5e5a7ce6} Azure Region: northcentralus Ubuntu 24.04.4 LTS Image: ubuntu-24.04 Version: 20260329.72.1 Included Software: <url:github.com> Image Release: <url:github.com> Metadata: read Secret source: Actions Prepare workflow directory Prepare all required actions Getting action download info Download action repository 'actions/checkout@<SHA>' (SHA:<SHA>) Download action repository 'astral-sh/setup-uv@<SHA>' (SHA:<SHA>) Download action repository 'code,0.37816238208452496,0.20035463863182076,0.00018434143318934657,0.025404935050257028,0.39589370280020797
compilation,test_failure,test_failure,False,0.39589370280020797,0.017731320715683008,astral-sh/ruff,CI,all required checks passed,Check required jobs passed,runtime.exit_code,ollama,0.855,False,feat_primary_is_runtime=1; feat_first_error_before_tests=1,"ï»¿Current runner version: '2.333.1' Hosted Compute Agent Version: 20260213.493 Commit: <SHA> Build Date: Worker ID: {d339f21c-513e-4e2b-9d84-d7315ffbf33f} Azure Region: northcentralus - OS: Linux (x64) - Source: Docker - Name: ubuntu:24.04 - Version: 20260413.54.1 Metadata: read Secret source: Actions Prepare workflow directory Prepare all required actions Complete job name: all required checks passed failing=$(echo ""$NEEDS_JSON"" | jq -r 'to_entries[] | select(.value.result != ""success"" and .value.result != ""skipped"") | ""\(.key): \(.value.result)""') if [ -n ""$failing"" ]; then echo ""$failing"" ",0.37816238208452496,0.20035463863182076,0.00018434143318934657,0.025404935050257028,0.39589370280020797
test_failure,test_failure,test_failure,True,0.39589370280020797,0.017731320715683008,pypa/pip,CI,check,Decide whether the needed jobs succeeded or failed,runtime.exit_code,ollama,0.855,False,feat_primary_is_runtime=1; feat_first_error_before_tests=1,"ï»¿Current runner version: '2.333.1' Hosted Compute Agent Version: 20260213.493 Commit: <SHA> Build Date: Worker ID: {aeafdaef-1ca0-47cb-a95c-9a0f00a31518} Azure Region: northcentralus Ubuntu 24.04.4 LTS Image: ubuntu-24.04 Version: 20260406.80.1 Included Software: <url:github.com> Image Release: <url:github.com> Contents: read Metadata: read Secret source: Actions Prepare workflow directory Prepare all required actions Getting action download info Download action repository 're-actors/alls-green@<SHA>' (SHA:<SHA>) Complete job name: check with: allowed-skips: , jobs: { ""determine-changes"": { ",0.37816238208452496,0.20035463863182076,0.00018434143318934657,0.025404935050257028,0.39589370280020797
configuration,compilation,compilation,False,0.527673877726214,0.21984706578223218,pydantic/pydantic,Third party tests,Test Django Ninja (main branch) on Python 3.11,Install Django Ninja dependencies,runtime.exit_code,ollama,0.95,False,feat_fw_pytest=1; feat_step_is_setup=1; feat_primary_is_runtime=1; feat_first_error_after_tests_started=1; feat_error_in_setup_step=1; feat_error_in_test_step=1; feat_has_dependency_install=1,bmodules: false set-safe-directory: true env: FORCE_COLOR: 1 PIP_PROGRESS_BAR: off Syncing repository: vitalik/django-ninja Working directory is '/home/runner/work/pydantic/pydantic' [command]/usr/bin/git version git version 2.53.0 Temporarily overriding HOME='/home/runner/work/_temp/c5fbe08c-4a36-47d5-b9d8-e615eaa166fd' before making global git config changes Adding repository directory to the temporary git global config as a safe directory [command]/usr/bin/git config --global --add safe.directory /home/runner/work/pydantic/pydantic Deleting the contents of '/home/runner/work/pydantic/pydant,0.527673877726214,0.3078268119439818,0.0020813582330094743,0.05618675511262294,0.10623119698417183
test_failure,test_failure,test_failure,True,0.39589370280020797,0.017731320715683008,pypa/setuptools,tests,check,Decide whether the needed jobs succeeded or failed,runtime.exit_code,ollama,0.855,False,feat_primary_is_runtime=1; feat_first_error_before_tests=1,"ï»¿Current runner version: '2.333.1' Hosted Compute Agent Version: 20260213.493 Commit: <SHA> Build Date: Worker ID: {022b7850-c312-4aba-97c7-67b8939a3005} Azure Region: eastus Ubuntu 24.04.4 LTS Image: ubuntu-24.04 Version: 20260406.80.1 Included Software: <url:github.com> Image Release: <url:github.com> Contents: read Metadata: read Secret source: Actions Prepare workflow directory Prepare all required actions Getting action download info Download action repository 're-actors/alls-green@release/v1' (SHA:<SHA>) Complete job name: check with: allowed-skips: check-changed-folders, integration-t",0.37816238208452496,0.20035463863182076,0.00018434143318934657,0.025404935050257028,0.39589370280020797
test_failure,test_failure,test_failure,True,0.5475031527331026,0.15174865613748456,fabric8io/kubernetes-client,Build,Java 17 Maven,Build Project,runtime.exit_code,ollama,0.855,False,feat_tests_ran=1; feat_num_tests_run=46; feat_build_duration=0.602; feat_fw_junit=1; feat_fw_gradle=1; feat_is_java=1; feat_step_is_compile=1; feat_primary_is_runtime=1; feat_first_error_after_tests_started=1; feat_error_in_compile_step=1; feat_error_in_test_step=1; feat_has_compile_task=1,r] [INFO] Kube API Test - Client Injecting Support [jar] [INFO] Fabric8 :: Openshift :: Java Client API [jar] [INFO] Fabric8 :: Openshift :: Java Client [jar] [INFO] Fabric8 :: Kubernetes :: Extensions [pom] [INFO] Fabric8 :: Knative :: Extension [pom] [INFO] Fabric8 :: Knative :: Model [bundle] [INFO] Fabric8 :: Knative :: Client [bundle] [INFO] Fabric8 :: Knative :: Examples [jar] [INFO] Fabric8 :: Knative :: Tests [jar] [INFO] Fabric8 :: Tekton :: Extension [pom] [INFO] Fabric8 :: Tekton :: Model [bundle] [INFO] Fabric8 :: Tekton :: Client [bundle] [INFO] Fabric8 :: Tekton :: Examples [jar],0.395754496595618,0.03680700883674571,0.00047698506741607216,0.019458356767117716,0.5475031527331026
configuration,compilation,compilation,False,0.46907154893427666,0.19000449110505535,netty/netty,Auto-port to 4.1,Auto-porting to 4.1,Push auto-port branch,runtime.exit_code,ollama,0.9,False,feat_is_java=1; feat_step_is_docker=1; feat_primary_is_runtime=1; feat_first_error_before_tests=1,g] netty-4.1.0.CR3 -> netty-4.1.0.CR3 * [new tag] netty-4.1.0.CR4 -> netty-4.1.0.CR4 * [new tag] netty-4.1.0.CR5 -> netty-4.1.0.CR5 * [new tag] netty-4.1.0.CR6 -> netty-4.1.0.CR6 * [new tag] netty-4.1.0.CR7 -> netty-4.1.0.CR7 * [new tag] netty-4.1.0.Final -> netty-4.1.0.Final * [new tag] netty-4.1.1.Final -> netty-4.1.1.Final * [new tag] netty-4.1.10.Final -> netty-4.1.10.Final * [new tag] netty-4.1.100.Final -> netty-4.1.100.Final * [new tag] netty-4.1.101.Final -> netty-4.1.101.Final * [new tag] netty-4.1.102.Final -> netty-4.1.102.Final * [new tag] netty-4.1.103.Final -> netty-4.1.103.Final,0.46907154893427666,0.2790670578292213,0.00020326524423566045,0.17714560365678136,0.074512524335485
compilation,test_failure,test_failure,False,0.39589370280020797,0.017731320715683008,aio-libs/aiobotocore,CI/CD,check,Decide whether the needed jobs succeeded or failed,runtime.exit_code,ollama,0.855,False,feat_primary_is_runtime=1; feat_first_error_before_tests=1,"ï»¿Current runner version: '2.333.1' Hosted Compute Agent Version: 20260213.493 Commit: <SHA> Build Date: Worker ID: {9e85ad8b-62af-4ce6-ab4c-b55cfe14c2e0} Azure Region: eastus2 Ubuntu 24.04.4 LTS Image: ubuntu-24.04 Version: 20260413.86.1 Included Software: <url:github.com> Image Release: <url:github.com> Metadata: read Secret source: Actions Prepare workflow directory Prepare all required actions Getting action download info Download action repository 're-actors/alls-green@<SHA>' (SHA:<SHA>) Complete job name: check with: jobs: { ""build"": { ""result"": ""success"", ""outputs"": {} }, ""test"": { ""re",0.37816238208452496,0.20035463863182076,0.00018434143318934657,0.025404935050257028,0.39589370280020797
compilation,test_failure,test_failure,False,0.39589370280020797,0.017731320715683008,aio-libs/aiobotocore,CI/CD,check,Decide whether the needed jobs succeeded or failed,runtime.exit_code,ollama,0.855,False,feat_primary_is_runtime=1; feat_first_error_before_tests=1,"ï»¿Current runner version: '2.333.1' Hosted Compute Agent Version: 20260213.493 Commit: <SHA> Build Date: Worker ID: {239bb8cd-46d3-4d1f-b42d-e86eac76693e} Azure Region: northcentralus Ubuntu 24.04.4 LTS Image: ubuntu-24.04 Version: 20260413.86.1 Included Software: <url:github.com> Image Release: <url:github.com> Metadata: read Secret source: Actions Prepare workflow directory Prepare all required actions Getting action download info Download action repository 're-actors/alls-green@<SHA>' (SHA:<SHA>) Complete job name: check with: jobs: { ""build"": { ""result"": ""success"", ""outputs"": {} }, ""test""",0.37816238208452496,0.20035463863182076,0.00018434143318934657,0.025404935050257028,0.39589370280020797
test_failure,test_failure,test_failure,True,0.39589370280020797,0.017731320715683008,encode/starlette,Test Suite,check,Decide whether the needed jobs succeeded or failed,runtime.exit_code,ollama,0.855,False,feat_primary_is_runtime=1; feat_first_error_before_tests=1,ï»¿Current runner version: '2.331.0' Hosted Compute Agent Version: 20260213.493 Commit: <SHA> Build Date: Worker ID: {8662de14-5fb4-41de-9099-821bcafe0c5a} Azure Region: northcentralus Ubuntu 24.04.3 LTS Image: ubuntu-24.04 Version: 20260224.36.1 Included Software: <url:github.com> Image Release: <url:github.com> Actions: read ArtifactMetadata: read Attestations: read Checks: read Contents: read Deployments: read Discussions: read Issues: read Metadata: read Models: read Packages: read Pages: read PullRequests: read RepositoryProjects: read SecurityEvents: read Statuses: read Secret source: De,0.37816238208452496,0.20035463863182076,0.00018434143318934657,0.025404935050257028,0.39589370280020797
infrastructure,infrastructure,infrastructure,True,0.3579859745485043,0.016831616144777795,apache/airflow,Tests,CI image checks / Static checks,Static checks,unknown.other,ollama,0.8,False,feat_first_error_before_tests=1; feat_has_dependency_install=1,"source-head-repo: renat-sagut/airflow source-head-ref: bugfix/get-asset-triggers-from-db Complete job name: CI image checks / Static checks docker run -v ""${GITHUB_WORKSPACE}:/workspace"" -u 0:0 bash -c ""rm -rf /workspace/*"" shell: /usr/bin/bash --noprofile --norc -e -o pipefail {0} env: PYTHON_MAJOR_MINOR_VERSION: 3.10 UPGRADE_TO_NEWER_DEPENDENCIES: false GITHUB_TOKEN: *** Unable to find image 'bash:latest' locally latest: Pulling from library/bash 6a0ac1617861: Pulling fs layer 91eccb35d8cc: Pulling fs layer 2eddc95288cd: Pulling fs layer 2eddc95288cd: Download complete 91eccb35d8cc: Download",0.16712037911370842,0.13262748954432,0.001111798389740665,0.3579859745485043,0.3411543584037265
test_failure,test_failure,test_failure,True,0.39589370280020797,0.017731320715683008,aio-libs/aiobotocore,CI/CD,check,Decide whether the needed jobs succeeded or failed,runtime.exit_code,ollama,0.855,False,feat_primary_is_runtime=1; feat_first_error_before_tests=1,"ï»¿Current runner version: '2.333.1' Hosted Compute Agent Version: 20260213.493 Commit: <SHA> Build Date: Worker ID: {d38fd6ca-4293-4931-8382-b455591628fb} Azure Region: eastus2 Ubuntu 24.04.4 LTS Image: ubuntu-24.04 Version: 20260406.80.1 Included Software: <url:github.com> Image Release: <url:github.com> Metadata: read Secret source: Actions Prepare workflow directory Prepare all required actions Getting action download info Download action repository 're-actors/alls-green@<SHA>' (SHA:<SHA>) Complete job name: check with: jobs: { ""build"": { ""result"": ""success"", ""outputs"": {} }, ""test"": { ""re",0.37816238208452496,0.20035463863182076,0.00018434143318934657,0.025404935050257028,0.39589370280020797
configuration,test_failure,test_failure,False,0.39589370280020797,0.017731320715683008,django/django,Check commit prefix,check-commit-suffix,Check commit messages suffix,runtime.exit_code,ollama,0.95,False,feat_primary_is_runtime=1; feat_first_error_before_tests=1,ï»¿Current runner version: '2.333.1' Hosted Compute Agent Version: 20260213.493 Commit: <SHA> Build Date: Worker ID: {f670c1fd-95ed-4e9c-94f0-c6dd50ff3831} Azure Region: westcentralus Ubuntu 24.04.4 LTS Image: ubuntu-24.04 Version: 20260413.86.1 Included Software: <url:github.com> Image Release: <url:github.com> Contents: read Metadata: read Secret source: None Prepare workflow directory Prepare all required actions Getting action download info Download action repository 'actions/checkout@v6' (SHA:<SHA>) Complete job name: check-commit-suffix with: persist-credentials: false repository: django,0.37816238208452496,0.20035463863182076,0.00018434143318934657,0.025404935050257028,0.39589370280020797
compilation,compilation,compilation,True,0.5076317917838878,0.09264717477662449,hibernate/hibernate-orm,GH Actions CI reporting,Publish Develocity build scans,Publish Develocity build scans for previous builds,runtime.exit_code,ollama,0.855,False,feat_build_duration=78; feat_fw_gradle=1; feat_is_java=1; feat_kw_compile_fail=1; feat_compile_no_tests=1; feat_step_is_compile=1; feat_primary_is_runtime=1; feat_compile_build_task=1; feat_first_error_before_tests=1; feat_error_in_compile_step=1; feat_has_compile_task=1; feat_compile_over_config_guard=1,"ub.com> || :"" Removing includeIf entries pointing to credentials config files [command]/usr/bin/git config --local --name-only --get-regexp ^includeIf\.gitdir: includeif.gitdir:/home/runner/work/hibernate-orm/hibernate-orm/.git.path includeif.gitdir:/home/runner/work/hibernate-orm/hibernate-orm/.git/worktrees/*.path includeif.gitdir:/github/workspace/.git.path includeif.gitdir:/github/workspace/.git/worktrees/*.path [command]/usr/bin/git config --local --get-all includeif.gitdir:/home/runner/work/hibernate-orm/hibernate-orm/.git.path /home/runner/work/_temp/git-credentials-91418cc9-5538-4f0f-b",0.5076317917838878,0.41498461700726336,4.9040204190548074e-05,0.010306079883820842,0.06702847112083729
test_failure,test_failure,test_failure,True,0.39589370280020797,0.017731320715683008,aio-libs/aiohttp,CI,check,Decide whether the needed jobs succeeded or failed,runtime.exit_code,ollama,0.855,False,feat_primary_is_runtime=1; feat_first_error_before_tests=1,ï»¿Current runner version: '2.333.1' Hosted Compute Agent Version: 20260213.493 Commit: <SHA> Build Date: Worker ID: {7e770f7f-9230-4cc7-8f2a-ff88460eb4e9} Azure Region: centralus Ubuntu 24.04.4 LTS Image: ubuntu-24.04 Version: 20260329.72.1 Included Software: <url:github.com> Image Release: <url:github.com> Metadata: read Secret source: Actions Prepare workflow directory Prepare all required actions Getting action download info Download action repository 're-actors/alls-green@release/v1' (SHA:<SHA>) Download action repository 'codecov/codecov-action@v6' (SHA:<SHA>) Getting action download inf,0.37816238208452496,0.20035463863182076,0.00018434143318934657,0.025404935050257028,0.39589370280020797
configuration,test_failure,test_failure,False,0.39589370280020797,0.017731320715683008,pypa/setuptools,tests,check,Decide whether the needed jobs succeeded or failed,runtime.exit_code,ollama,0.85,False,feat_primary_is_runtime=1; feat_first_error_before_tests=1,"ï»¿Current runner version: '2.332.0' Hosted Compute Agent Version: 20260213.493 Commit: <SHA> Build Date: Worker ID: {7ac9d131-6364-4560-a571-c73581e96526} Azure Region: centralus Ubuntu 24.04.3 LTS Image: ubuntu-24.04 Version: 20260302.42.1 Included Software: <url:github.com> Image Release: <url:github.com> Contents: read Metadata: read Secret source: None Prepare workflow directory Prepare all required actions Getting action download info Download action repository 're-actors/alls-green@release/v1' (SHA:<SHA>) Complete job name: check with: allowed-skips: check-changed-folders, integration-t",0.37816238208452496,0.20035463863182076,0.00018434143318934657,0.025404935050257028,0.39589370280020797
configuration,compilation,compilation,False,0.5066524268068551,0.09379588603184924,wtforms/wtforms,Tests,3.14,Set up Python 3.14,runtime.exit_code,ollama,0.95,False,feat_step_is_setup=1; feat_primary_is_runtime=1; feat_first_error_before_tests=1; feat_error_in_setup_step=1,ï»¿Current runner version: '2.333.1' Hosted Compute Agent Version: 20260213.493 Commit: <SHA> Build Date: Worker ID: {5a0da032-c78f-4c4c-884a-6c45069a2626} Azure Region: westus3 Ubuntu 24.04.4 LTS Image: ubuntu-24.04 Version: 20260413.86.1 Included Software: <url:github.com> Image Release: <url:github.com> Contents: read Metadata: read Packages: read Secret source: None Prepare workflow directory Prepare all required actions Getting action download info Download action repository 'actions/checkout@<SHA>' (SHA:<SHA>) Download action repository 'astral-sh/setup-uv@<SHA>' (SHA:<SHA>) Complete job,0.5066524268068551,0.41285654077500583,0.00020864883971992142,0.02874331595661239,0.051539067621806774
compilation,compilation,compilation,True,0.4343184815803638,0.15147101405893748,pypa/pipenv,CI,Package Manager Benchmark,Run benchmark suite,runtime.exit_code,ollama,0.81,False,feat_primary_is_runtime=1; feat_first_error_before_tests=1; feat_has_dependency_install=1,"ig --local --name-only --get-regexp http\.https\:\/\/github\.com\/\.extraheader [command]/usr/bin/git submodule foreach --recursive sh -c ""git config --local --name-only --get-regexp 'http\.https\:\/\/github\.com\/\.extraheader' && git config --local --unset-all 'http.<url:github.com> || :"" [command]/usr/bin/git config --local --name-only --get-regexp ^includeIf\.gitdir: [command]/usr/bin/git submodule foreach --recursive git config --local --show-origin --name-only --get-regexp remote.origin.url [command]/usr/bin/git config --local http.<url:github.com> AUTHORIZATION: basic *** [command]/usr/",0.4343184815803638,0.24071271267159447,0.00023307381832696146,0.0418882644082886,0.2828474675214263
compilation,test_failure,test_failure,False,0.39589370280020797,0.017731320715683008,pytest-dev/pytest,test,check,Decide whether the needed jobs succeeded or failed,runtime.exit_code,ollama,0.855,False,feat_primary_is_runtime=1; feat_first_error_before_tests=1,"ï»¿Current runner version: '2.332.0' Hosted Compute Agent Version: 20260213.493 Commit: <SHA> Build Date: Worker ID: {20f60edf-47f8-493c-8857-b5d0e93146a4} Azure Region: eastus Ubuntu 24.04.3 LTS Image: ubuntu-24.04 Version: 20260309.50.1 Included Software: <url:github.com> Image Release: <url:github.com> Metadata: read Secret source: None Prepare workflow directory Prepare all required actions Getting action download info Download action repository 're-actors/alls-green@<SHA>' (SHA:<SHA>) Complete job name: check with: jobs: { ""build"": { ""result"": ""failure"", ""outputs"": {} } } allowed-failures",0.37816238208452496,0.20035463863182076,0.00018434143318934657,0.025404935050257028,0.39589370280020797
configuration,test_failure,test_failure,False,0.39589370280020797,0.017731320715683008,psf/black,changelog,check,Grep CHANGES.md for PR number,runtime.exit_code,ollama,0.95,False,feat_primary_is_runtime=1; feat_first_error_before_tests=1,ï»¿Current runner version: '2.331.0' Hosted Compute Agent Version: 20260115.477 Commit: <SHA> Build Date: Worker ID: {626c5610-b0b4-40ff-9db2-0a0a7d8291ca} Azure Region: westus Ubuntu 24.04.3 LTS Image: ubuntu-24.04 Version: 20260119.4.1 Included Software: <url:github.com> Image Release: <url:github.com> Contents: read Metadata: read Secret source: Actions Prepare workflow directory Prepare all required actions Getting action download info Download action repository 'actions/checkout@<SHA>' (SHA:<SHA>) Complete job name: check with: persist-credentials: false repository: psf/black token: *** s,0.37816238208452496,0.20035463863182076,0.00018434143318934657,0.025404935050257028,0.39589370280020797
compilation,test_failure,test_failure,False,0.39589370280020797,0.017731320715683008,python-poetry/poetry,Tests,Status,Run false,runtime.exit_code,ollama,0.855,False,feat_primary_is_runtime=1; feat_first_error_before_tests=1,ï»¿Current runner version: '2.331.0' Hosted Compute Agent Version: 20260123.484 Commit: <SHA> Build Date: Worker ID: {27b20148-604f-4ffa-a371-00705e2592ff} Azure Region: eastus2 Ubuntu 24.04.3 LTS Image: ubuntu-24.04 Version: 20260209.23.1 Included Software: <url:github.com> Image Release: <url:github.com> Metadata: read Secret source: None Prepare workflow directory Prepare all required actions Complete job name: Status false shell: /usr/bin/bash --noprofile --norc -e -o pipefail {0} ##[error]Process completed with exit code 1. Cleaning up orphan processes,0.37816238208452496,0.20035463863182076,0.00018434143318934657,0.025404935050257028,0.39589370280020797
test_failure,test_failure,test_failure,True,0.39589370280020797,0.017731320715683008,encode/starlette,Test Suite,check,Decide whether the needed jobs succeeded or failed,runtime.exit_code,ollama,0.855,False,feat_primary_is_runtime=1; feat_first_error_before_tests=1,ï»¿Current runner version: '2.331.0' Hosted Compute Agent Version: 20260213.493 Commit: <SHA> Build Date: Worker ID: {530565b6-59a0-44c5-a4f3-8781e4cb1c46} Azure Region: northcentralus Ubuntu 24.04.3 LTS Image: ubuntu-24.04 Version: 20260224.36.1 Included Software: <url:github.com> Image Release: <url:github.com> Actions: write ArtifactMetadata: write Attestations: write Checks: write Contents: write Deployments: write Discussions: write Issues: write Metadata: read Models: read Packages: write Pages: write PullRequests: write RepositoryProjects: write SecurityEvents: write Statuses: write Sec,0.37816238208452496,0.20035463863182076,0.00018434143318934657,0.025404935050257028,0.39589370280020797
infrastructure,configuration,compilation,False,0.44671555060678403,0.07722763358971813,docker-java/docker-java,CI,"build (default, 17)",Build with Maven,runtime.exit_code,ollama,0.855,False,feat_is_java=1; feat_kw_config_fail=1; feat_config_no_compile=1; feat_step_is_compile=1; feat_primary_is_runtime=1; feat_config_missing_file=1; feat_first_error_before_tests=1; feat_error_in_compile_step=1,ï»¿Current runner version: '2.333.0' Hosted Compute Agent Version: 20260213.493 Commit: <SHA> Build Date: Worker ID: {ceb102ee-58ed-4175-a7f0-79ae6e7ba0b8} Azure Region: eastus2 Ubuntu 24.04.4 LTS Image: ubuntu-24.04 Version: 20260323.65.1 Included Software: <url:github.com> Image Release: <url:github.com> Actions: write ArtifactMetadata: write Attestations: write Checks: write Contents: write Deployments: write Discussions: write Issues: write Metadata: read Models: read Packages: write Pages: write PullRequests: write RepositoryProjects: write SecurityEvents: write Statuses: write Secret sou,0.3694879170170659,0.44671555060678403,0.0003103613082476807,0.08579821722520972,0.0976879538426928
infrastructure,infrastructure,infrastructure,True,0.3579859745485043,0.016831616144777795,apache/airflow,Tests,CI image checks / Static checks,Static checks,unknown.other,ollama,0.8,False,feat_first_error_before_tests=1; feat_has_dependency_install=1,"default-postgres-version: 14 run-coverage: false use-uv: true source-head-repo: apache/airflow source-head-ref: Complete job name: CI image checks / Static checks docker run -v ""${GITHUB_WORKSPACE}:/workspace"" -u 0:0 bash -c ""rm -rf /workspace/*"" shell: /usr/bin/bash --noprofile --norc -e -o pipefail {0} env: PYTHON_MAJOR_MINOR_VERSION: 3.10 UPGRADE_TO_NEWER_DEPENDENCIES: false GITHUB_TOKEN: *** Unable to find image 'bash:latest' locally latest: Pulling from library/bash 6a0ac1617861: Pulling fs layer 91eccb35d8cc: Pulling fs layer 2eddc95288cd: Pulling fs layer 2eddc95288cd: Verifying Checksu",0.16712037911370842,0.13262748954432,0.001111798389740665,0.3579859745485043,0.3411543584037265
compilation,test_failure,test_failure,False,0.39589370280020797,0.017731320715683008,tiangolo/fastapi,Test Redistribute,test-redistribute-alls-green,Decide whether the needed jobs succeeded or failed,runtime.exit_code,ollama,0.855,False,feat_primary_is_runtime=1; feat_first_error_before_tests=1,"ï»¿Current runner version: '2.333.1' Hosted Compute Agent Version: 20260213.493 Commit: <SHA> Build Date: Worker ID: {179cd078-8852-4a12-afa7-895a6fa3ea94} Azure Region: eastus2 Ubuntu 24.04.4 LTS Image: ubuntu-24.04 Version: 20260406.80.1 Included Software: <url:github.com> Image Release: <url:github.com> Contents: read Metadata: read Packages: read Secret source: None Prepare workflow directory Prepare all required actions Getting action download info Download action repository 're-actors/alls-green@release/v1' (SHA:<SHA>) Complete job name: test-redistribute-alls-green with: jobs: { ""test-r",0.37816238208452496,0.20035463863182076,0.00018434143318934657,0.025404935050257028,0.39589370280020797
compilation,test_failure,test_failure,False,0.4462507206611077,0.0788071520825695,pydantic/pydantic,CI,Test ubuntu-latest / 3.11,"Run uv run python -c ""import pydantic.version; print(pydantic.version.version_info())""",runtime.exit_code,ollama,0.72,False,feat_fw_pytest=1; feat_kw_config_fail=1; feat_config_no_compile=1; feat_primary_is_runtime=1; feat_config_missing_file=1; feat_first_error_after_tests_started=1; feat_error_in_test_step=1,ï»¿Current runner version: '2.333.0' Hosted Compute Agent Version: 20260213.493 Commit: <SHA> Build Date: Worker ID: {9c2741bb-df68-4ef2-865c-33d8f963a51c} Azure Region: westus Ubuntu 24.04.4 LTS Image: ubuntu-24.04 Version: 20260323.65.1 Included Software: <url:github.com> Image Release: <url:github.com> Actions: write ArtifactMetadata: write Attestations: write Checks: write Contents: write Deployments: write Discussions: write Issues: write Metadata: read Models: read Packages: write Pages: write PullRequests: write RepositoryProjects: write SecurityEvents: write Statuses: write Secret sour,0.3674435685785382,0.15843637595321236,0.0015919532420832837,0.026277381565058523,0.4462507206611077
configuration,test_failure,test_failure,False,0.39589370280020797,0.017731320715683008,django/django,Check commit prefix,check-commit-suffix,Check commit messages suffix,runtime.exit_code,ollama,0.95,False,feat_primary_is_runtime=1; feat_first_error_before_tests=1,ï»¿Current runner version: '2.333.1' Hosted Compute Agent Version: 20260213.493 Commit: <SHA> Build Date: Worker ID: {1c64ecda-44e6-4f8d-9cef-edfbb5a9606a} Azure Region: westcentralus Ubuntu 24.04.4 LTS Image: ubuntu-24.04 Version: 20260413.86.1 Included Software: <url:github.com> Image Release: <url:github.com> Contents: read Metadata: read Secret source: None Prepare workflow directory Prepare all required actions Getting action download info Download action repository 'actions/checkout@v6' (SHA:<SHA>) Complete job name: check-commit-suffix with: persist-credentials: false repository: django,0.37816238208452496,0.20035463863182076,0.00018434143318934657,0.025404935050257028,0.39589370280020797
compilation,compilation,compilation,True,0.5110597225097439,0.043833315884540924,wtforms/wtforms,Tests,py3.12 pallets-eco/wtforms-sqlalchemy downstream,Install downstream test environment,runtime.exit_code,ollama,0.855,False,feat_kw_config_fail=1; feat_config_no_compile=1; feat_step_is_test=1; feat_step_is_setup=1; feat_primary_is_runtime=1; feat_config_missing_file=1; feat_first_error_before_tests=1; feat_error_in_setup_step=1; feat_error_in_test_step=1; feat_has_dependency_install=1,"al --add safe.directory /home/runner/work/wtforms/wtforms/wtforms [command]/usr/bin/git init /home/runner/work/wtforms/wtforms/wtforms hint: Using 'master' as the name for the initial branch. This default branch name hint: will change to ""main"" in Git 3.0. To configure the initial branch name hint: to use in all of your new repositories, which will suppress this warning, hint: call: hint: hint: git config --global init.defaultBranch <name> hint: hint: Names commonly chosen instead of 'master' are 'main', 'trunk' and hint: 'development'. The just-created branch can be renamed via this command: ",0.5110597225097439,0.46722640662520293,0.00035163951070901566,0.007816670344915266,0.0135455610094289
test_failure,test_failure,test_failure,True,0.39589370280020797,0.017731320715683008,pydantic/pydantic,CI,check,Decide whether the needed jobs succeeded or failed,runtime.exit_code,ollama,0.855,False,feat_primary_is_runtime=1; feat_first_error_before_tests=1,ï»¿Current runner version: '2.333.1' Hosted Compute Agent Version: 20260213.493 Commit: <SHA> Build Date: Worker ID: {f788d6b4-6f1f-4e25-9d9e-43b59fd096df} Azure Region: northcentralus Ubuntu 24.04.4 LTS Image: ubuntu-24.04 Version: 20260323.65.1 Included Software: <url:github.com> Image Release: <url:github.com> Actions: read ArtifactMetadata: read Attestations: read Checks: read Contents: read Deployments: read Discussions: read Issues: read Metadata: read Models: read Packages: read Pages: read PullRequests: read RepositoryProjects: read SecurityEvents: read Statuses: read Secret source: De,0.37816238208452496,0.20035463863182076,0.00018434143318934657,0.025404935050257028,0.39589370280020797
configuration,configuration,configuration,True,0.542989314818322,0.16610693668069204,aio-libs/aiohttp,CI,Linter,Run docs spelling,runtime.exit_code,ollama,0.8,False,feat_fw_pytest=1; feat_kw_config_fail=1; feat_config_no_compile=1; feat_primary_is_runtime=1; feat_config_auth_permission=1; feat_error_in_setup_step=1; feat_has_dependency_install=1; feat_config_strong_only=1,"on-0.4.2-py3-none-any.whl (14 kB) Using cached virtualenv-21.2.0-py3-none-any.whl (5.8 MB) Using cached distlib-0.4.0-py2.py3-none-any.whl (469 kB) Using cached filelock-3.25.2-py3-none-any.whl (26 kB) Using cached platformdirs-4.9.4-py3-none-any.whl (21 kB) Using cached python_discovery-1.2.1-py3-none-any.whl (31 kB) Installing collected packages: forbiddenfruit, distlib, zlib_ng, valkey, uvloop, typing_extensions, six, pyyaml, proxy.py, pluggy, platformdirs, pathspec, nodeenv, mypy_extensions, librt, isal, iniconfig, identify, filelock, click, cfgv, blockbuster, backports.zstd, annotated-typ",0.044954847361541796,0.542989314818322,6.949065235108961e-05,0.03510396903015507,0.37688237813763
compilation,compilation,compilation,True,0.4343184815803638,0.15147101405893748,pypa/pipenv,CI,Package Manager Benchmark,Run benchmark suite,runtime.exit_code,ollama,0.81,False,feat_primary_is_runtime=1; feat_first_error_before_tests=1; feat_has_dependency_install=1,"ig --local --name-only --get-regexp http\.https\:\/\/github\.com\/\.extraheader [command]/usr/bin/git submodule foreach --recursive sh -c ""git config --local --name-only --get-regexp 'http\.https\:\/\/github\.com\/\.extraheader' && git config --local --unset-all 'http.<url:github.com> || :"" [command]/usr/bin/git config --local --name-only --get-regexp ^includeIf\.gitdir: [command]/usr/bin/git submodule foreach --recursive git config --local --show-origin --name-only --get-regexp remote.origin.url [command]/usr/bin/git config --local http.<url:github.com> AUTHORIZATION: basic *** [command]/usr/",0.4343184815803638,0.24071271267159447,0.00023307381832696146,0.0418882644082886,0.2828474675214263
compilation,test_failure,test_failure,False,0.39589370280020797,0.017731320715683008,tiangolo/fastapi,Test,check,Decide whether the needed jobs succeeded or failed,runtime.exit_code,ollama,0.855,False,feat_primary_is_runtime=1; feat_first_error_before_tests=1,"""followers_url"": ""<url:api.github.com> ""following_url"": ""<url:api.github.com> ""gists_url"": ""<url:api.github.com> ""gravatar_id"": """", ""html_url"": ""<url:github.com> ""id"": 44426557, ""login"": ""HeHongyeFY"", ""node_id"": ""MDQ6VXNlcjQ0NDI2NTU3"", ""organizations_url"": ""<url:api.github.com> ""received_events_url"": ""<url:api.github.com> ""repos_url"": ""<url:api.github.com> ""site_admin"": false, ""starred_url"": ""<url:api.github.com> ""subscriptions_url"": ""<url:api.github.com> ""type"": ""User"", ""url"": ""<url:api.github.com> ""user_view_type"": ""public"" }, ""private"": false, ""pull_request_creation_policy"": ""all"", ""pulls_u",0.37816238208452496,0.20035463863182076,0.00018434143318934657,0.025404935050257028,0.39589370280020797
configuration,test_failure,test_failure,False,0.4682640872288671,0.05565130334656471,pallets/click,pre-commit,main,Run uv run --locked --group pre-commit pre-commit run --show-diff-on-failure --color=always --all-files,infra.network.socket,ollama,0.855,False,feat_fw_pytest=1; feat_kw_config_fail=1; feat_config_no_compile=1; feat_primary_is_infra=1; feat_config_missing_file=1; feat_first_error_before_tests=1,ï»¿Current runner version: '2.332.0' Hosted Compute Agent Version: 20260213.493 Commit: <SHA> Build Date: Worker ID: {20c11e3c-2176-45d9-afca-e2b2f3471a28} Azure Region: centralus Ubuntu 24.04.3 LTS Image: ubuntu-24.04 Version: 20260302.42.1 Included Software: <url:github.com> Image Release: <url:github.com> Contents: read Metadata: read Packages: read Secret source: None Prepare workflow directory Prepare all required actions Getting action download info Download action repository 'actions/checkout@<SHA>' (SHA:<SHA>) Download action repository 'astral-sh/setup-uv@<SHA>' (SHA:<SHA>) Download a,0.0738102123960312,0.04487706439451441,0.00043585209828508995,0.4126127838823024,0.4682640872288671
compilation,configuration,configuration,False,0.5108963735889769,0.0867106351401602,tox-dev/tox,check,test 3.14 on windows-2025,Install tox@self,runtime.exit_code,ollama,0.81,False,feat_kw_config_fail=1; feat_config_no_compile=1; feat_step_is_setup=1; feat_primary_is_runtime=1; feat_config_missing_file=1; feat_first_error_before_tests=1; feat_error_in_setup_step=1,* [new tag] 4.46.3 -> 4.46.3 * [new tag] 4.47.0 -> 4.47.0 * [new tag] 4.47.1 -> 4.47.1 * [new tag] 4.47.2 -> 4.47.2 * [new tag] 4.47.3 -> 4.47.3 * [new tag] 4.48.0 -> 4.48.0 * [new tag] 4.48.1 -> 4.48.1 * [new tag] 4.49.0 -> 4.49.0 * [new tag] 4.49.1 -> 4.49.1 * [new tag] 4.5.0 -> 4.5.0 * [new tag] 4.5.1 -> 4.5.1 * [new tag] 4.5.1.1 -> 4.5.1.1 * [new tag] 4.5.2 -> 4.5.2 * [new tag] 4.50.0 -> 4.50.0 * [new tag] 4.50.1 -> 4.50.1 * [new tag] 4.50.2 -> 4.50.2 * [new tag] 4.50.3 -> 4.50.3 * [new tag] 4.51.0 -> 4.51.0 * [new tag] 4.52.0 -> 4.52.0 * [new tag] 4.6.0 -> 4.6.0 * [new tag] 4.6.1 -> 4.6.1,0.4241857384488167,0.5108963735889769,0.00018558233350377516,0.019575947029945556,0.045156358598757156
compilation,compilation,compilation,True,0.4343184815803638,0.15147101405893748,pypa/pipenv,CI,Package Manager Benchmark,Run benchmark suite,runtime.exit_code,ollama,0.81,False,feat_primary_is_runtime=1; feat_first_error_before_tests=1; feat_has_dependency_install=1,"anch can be renamed via this command: hint: hint: git branch -m <name> hint: hint: Disable this message with ""git config set advice.defaultBranchName false"" Initialized empty Git repository in /home/runner/work/pipenv/pipenv/.git/ [command]/usr/bin/git remote add origin <url:github.com> [command]/usr/bin/git config --local gc.auto 0 [command]/usr/bin/git config --local --name-only --get-regexp core\.sshCommand [command]/usr/bin/git submodule foreach --recursive sh -c ""git config --local --name-only --get-regexp 'core\.sshCommand' && git config --local --unset-all 'core.sshCommand' || :"" [comma",0.4343184815803638,0.24071271267159447,0.00023307381832696146,0.0418882644082886,0.2828474675214263
test_failure,test_failure,test_failure,True,0.39589370280020797,0.017731320715683008,encode/starlette,Test Suite,check,Decide whether the needed jobs succeeded or failed,runtime.exit_code,ollama,0.855,False,feat_primary_is_runtime=1; feat_first_error_before_tests=1,ï»¿Current runner version: '2.331.0' Hosted Compute Agent Version: 20260213.493 Commit: <SHA> Build Date: Worker ID: {a1012b04-2a0f-4cef-ad78-db0703bfd086} Azure Region: eastus2 Ubuntu 24.04.3 LTS Image: ubuntu-24.04 Version: 20260224.36.1 Included Software: <url:github.com> Image Release: <url:github.com> Actions: write ArtifactMetadata: write Attestations: write Checks: write Contents: write Deployments: write Discussions: write Issues: write Metadata: read Models: read Packages: write Pages: write PullRequests: write RepositoryProjects: write SecurityEvents: write Statuses: write Secret sou,0.37816238208452496,0.20035463863182076,0.00018434143318934657,0.025404935050257028,0.39589370280020797
infrastructure,infrastructure,infrastructure,True,0.484991808977587,0.25933526076606944,apache/airflow,Tests,Postgres tests: core / DB-core:Postgres:14:3.10:Core...Serialization,Migration Tests: 3.10:Core Other Serialization,runtime.exit_code,ollama,0.855,False,feat_primary_is_runtime=1,ï»¿Current runner version: '2.333.1' Hosted Compute Agent Version: 20260213.493 Commit: <SHA> Build Date: Worker ID: {0a25982b-ca80-483f-afae-d0fe113e5fb3} Azure Region: eastus Ubuntu 22.04.5 LTS Image: ubuntu-22.04 Version: 20260413.88.1 Included Software: <url:github.com> Image Release: <url:github.com> Contents: read Metadata: read Secret source: None Prepare workflow directory Prepare all required actions Getting action download info Download action repository 'actions/checkout@<SHA>' (SHA:<SHA>) Uses: apache/airflow/.github/workflows/run-unit-tests.yml@refs/pull/65853/merge (<SHA>) runner,0.22565654821151754,0.07365371705491316,0.00017709875919927085,0.484991808977587,0.21552082699678315
infrastructure,test_failure,test_failure,False,0.44484109545821887,0.055717566235659266,pypa/virtualenv,🧪 check,🧪 test pypy-3.11 - ubuntu-24.04,🏃 Run test suite,runtime.exit_code,ollama,0.81,False,feat_step_is_test=1; feat_primary_is_runtime=1; feat_first_error_before_tests=1; feat_error_in_test_step=1,f23-6b2aff570e6d.config [command]/usr/bin/git submodule foreach --recursive git config --local --show-origin --name-only --get-regexp remote.origin.url Removing credentials config '/home/runner/work/_temp/git-credentials-d823b450-3def-43d7-9f23-6b2aff570e6d.config' git fetch --force --tags <url:github.com> shell: /usr/bin/bash --noprofile --norc -e -o pipefail {0} env: UV_PYTHON_INSTALL_DIR: /home/runner/work/_temp/uv-python-dir UV_CACHE_DIR: /home/runner/work/_temp/setup-uv-cache From <url:github.com> * branch HEAD -> FETCH_HEAD with: python-version: 3.14 check-latest: false token: *** update,0.3891235292225596,0.1505937639368196,0.0006006029921431795,0.014841008390258554,0.44484109545821887
compilation,test_failure,test_failure,False,0.39589370280020797,0.017731320715683008,python-poetry/poetry,Tests,Status,Run false,runtime.exit_code,ollama,0.855,False,feat_primary_is_runtime=1; feat_first_error_before_tests=1,ï»¿Current runner version: '2.333.1' Hosted Compute Agent Version: 20260415.520 Commit: <SHA> Build Date: Worker ID: {28bacf92-f430-412c-b953-0799c42e62ef} Azure Region: eastus2 Ubuntu 24.04.4 LTS Image: ubuntu-24.04 Version: 20260420.95.1 Included Software: <url:github.com> Image Release: <url:github.com> Metadata: read Secret source: None Prepare workflow directory Prepare all required actions Complete job name: Status false shell: /usr/bin/bash --noprofile --norc -e -o pipefail {0} ##[error]Process completed with exit code 1. Cleaning up orphan processes,0.37816238208452496,0.20035463863182076,0.00018434143318934657,0.025404935050257028,0.39589370280020797
test_failure,test_failure,test_failure,True,0.39589370280020797,0.017731320715683008,aio-libs/aiohttp,CI,check,Decide whether the needed jobs succeeded or failed,runtime.exit_code,ollama,0.855,False,feat_primary_is_runtime=1; feat_first_error_before_tests=1,ï»¿Current runner version: '2.333.1' Hosted Compute Agent Version: 20260213.493 Commit: <SHA> Build Date: Worker ID: {8981b58b-ea5a-4b6c-a52d-4dc170d218f9} Azure Region: westcentralus Ubuntu 24.04.4 LTS Image: ubuntu-24.04 Version: 20260323.65.1 Included Software: <url:github.com> Image Release: <url:github.com> Metadata: read Secret source: Actions Prepare workflow directory Prepare all required actions Getting action download info Download action repository 're-actors/alls-green@release/v1' (SHA:<SHA>) Download action repository 'codecov/codecov-action@v6' (SHA:<SHA>) Getting action download,0.37816238208452496,0.20035463863182076,0.00018434143318934657,0.025404935050257028,0.39589370280020797
configuration,test_failure,test_failure,False,0.43589309615240907,0.07702765144405743,wtforms/wtforms,Tests,3.11,Run tests,runtime.exit_code,ollama,0.95,False,feat_fw_pytest=1; feat_primary_is_runtime=1; feat_first_error_after_tests_started=1; feat_error_in_test_step=1,ï»¿Current runner version: '2.333.1' Hosted Compute Agent Version: 20260213.493 Commit: <SHA> Build Date: Worker ID: {fd0c1500-6127-4a8a-bcf7-608387952ad1} Azure Region: westus3 Ubuntu 24.04.4 LTS Image: ubuntu-24.04 Version: 20260413.86.1 Included Software: <url:github.com> Image Release: <url:github.com> Contents: read Metadata: read Packages: read Secret source: None Prepare workflow directory Prepare all required actions Getting action download info Download action repository 'actions/checkout@<SHA>' (SHA:<SHA>) Download action repository 'astral-sh/setup-uv@<SHA>' (SHA:<SHA>) Complete job,0.35886544470835163,0.16425421571598622,0.001463512978071608,0.0395237304451815,0.43589309615240907
configuration,test_failure,test_failure,False,0.39589370280020797,0.017731320715683008,django/django,Check commit prefix,check-commit-suffix,Check commit messages suffix,runtime.exit_code,ollama,0.95,False,feat_primary_is_runtime=1; feat_first_error_before_tests=1,ï»¿Current runner version: '2.333.1' Hosted Compute Agent Version: 20260213.493 Commit: <SHA> Build Date: Worker ID: {fcdca174-e4d2-4ef1-9b7a-b51a688b9a04} Azure Region: centralus Ubuntu 24.04.4 LTS Image: ubuntu-24.04 Version: 20260413.86.1 Included Software: <url:github.com> Image Release: <url:github.com> Contents: read Metadata: read Secret source: None Prepare workflow directory Prepare all required actions Getting action download info Download action repository 'actions/checkout@v6' (SHA:<SHA>) Complete job name: check-commit-suffix with: persist-credentials: false repository: django/dja,0.37816238208452496,0.20035463863182076,0.00018434143318934657,0.025404935050257028,0.39589370280020797
configuration,compilation,compilation,False,0.5110597225097439,0.043833315884540924,wtforms/wtforms,Tests,py3.10 pallets-eco/flask-wtf downstream,Install downstream test environment,runtime.exit_code,ollama,0.95,False,feat_kw_config_fail=1; feat_config_no_compile=1; feat_step_is_test=1; feat_step_is_setup=1; feat_primary_is_runtime=1; feat_config_missing_file=1; feat_first_error_before_tests=1; feat_error_in_setup_step=1; feat_error_in_test_step=1; feat_has_dependency_install=1,"sion 2.53.0 Temporarily overriding HOME='/home/runner/work/_temp/e7827dff-b564-4755-90cc-57141fdbe609' before making global git config changes Adding repository directory to the temporary git global config as a safe directory [command]/usr/bin/git config --global --add safe.directory /home/runner/work/wtforms/wtforms/wtforms [command]/usr/bin/git init /home/runner/work/wtforms/wtforms/wtforms hint: Using 'master' as the name for the initial branch. This default branch name hint: will change to ""main"" in Git 3.0. To configure the initial branch name hint: to use in all of your new repositories,",0.5110597225097439,0.46722640662520293,0.00035163951070901566,0.007816670344915266,0.0135455610094289
test_failure,test_failure,test_failure,True,0.39589370280020797,0.017731320715683008,pydantic/pydantic,CI,check,Decide whether the needed jobs succeeded or failed,runtime.exit_code,ollama,0.855,False,feat_primary_is_runtime=1; feat_first_error_before_tests=1,ï»¿Current runner version: '2.333.0' Hosted Compute Agent Version: 20260213.493 Commit: <SHA> Build Date: Worker ID: {4460ecf0-dc3d-496c-89c5-d6bd3d1241db} Azure Region: eastus2 Ubuntu 24.04.4 LTS Image: ubuntu-24.04 Version: 20260323.65.1 Included Software: <url:github.com> Image Release: <url:github.com> Actions: write ArtifactMetadata: write Attestations: write Checks: write Contents: write Deployments: write Discussions: write Issues: write Metadata: read Models: read Packages: write Pages: write PullRequests: write RepositoryProjects: write SecurityEvents: write Statuses: write Secret sou,0.37816238208452496,0.20035463863182076,0.00018434143318934657,0.025404935050257028,0.39589370280020797
test_failure,test_failure,test_failure,True,0.43528491258847196,0.07904990104792692,benoitc/gunicorn,lint,3.12 / tox-lint,Run tox -e lint,runtime.exit_code,ollama,0.72,False,feat_step_is_lint=1; feat_primary_is_runtime=1; feat_first_error_before_tests=1; feat_error_in_lint_step=1; feat_has_dependency_install=1,ï»¿Current runner version: '2.332.0' Hosted Compute Agent Version: 20260213.493 Commit: <SHA> Build Date: Worker ID: {d15852e1-5334-44fa-8d55-1ed1ca5e5da7} Azure Region: westcentralus Ubuntu 24.04.3 LTS Image: ubuntu-24.04 Version: 20260309.50.1 Included Software: <url:github.com> Image Release: <url:github.com> Contents: read Metadata: read Secret source: Actions Prepare workflow directory Prepare all required actions Getting action download info Download action repository 'actions/checkout@v6' (SHA:<SHA>) Download action repository 'actions/setup-python@v6' (SHA:<SHA>) Complete job name: 3.1,0.35623501154054504,0.17092794364571534,0.00020779061664597375,0.037344341608621705,0.43528491258847196
infrastructure,infrastructure,infrastructure,True,0.3579859745485043,0.016831616144777795,apache/airflow,Tests,CI image checks / Static checks,Static checks,unknown.other,ollama,0.8,False,feat_first_error_before_tests=1; feat_has_dependency_install=1,shell: /usr/bin/bash --noprofile --norc -e -o pipefail {0} env: PYTHON_MAJOR_MINOR_VERSION: 3.10 UPGRADE_TO_NEWER_DEPENDENCIES: false GITHUB_TOKEN: *** Unable to find image 'bash:latest' locally latest: Pulling from library/bash 6a0ac1617861: Pulling fs layer 91eccb35d8cc: Pulling fs layer 2eddc95288cd: Pulling fs layer 2eddc95288cd: Verifying Checksum 2eddc95288cd: Download complete 91eccb35d8cc: Verifying Checksum 91eccb35d8cc: Download complete 6a0ac1617861: Verifying Checksum 6a0ac1617861: Download complete 6a0ac1617861: Pull complete 91eccb35d8cc: Pull complete 2eddc95288cd: Pull complete,0.16712037911370842,0.13262748954432,0.001111798389740665,0.3579859745485043,0.3411543584037265
compilation,test_failure,test_failure,False,0.4118530103650595,0.035924247011553,pydantic/pydantic,Pydantic Family Integration Tests,Test pydantic settings (3.9),Run tests,runtime.exit_code,ollama,0.855,False,feat_kw_config_fail=1; feat_config_no_compile=1; feat_primary_is_runtime=1; feat_config_missing_file=1; feat_first_error_before_tests=1,ï»¿Current runner version: '2.332.0' Hosted Compute Agent Version: 20260213.493 Commit: <SHA> Build Date: Worker ID: {61452929-a45b-47d4-9bd0-fbbbab4b24f0} Azure Region: northcentralus Ubuntu 24.04.3 LTS Image: ubuntu-24.04 Version: 20260309.50.1 Included Software: <url:github.com> Image Release: <url:github.com> Actions: write ArtifactMetadata: write Attestations: write Checks: write Contents: write Deployments: write Discussions: write Issues: write Metadata: read Models: read Packages: write Pages: write PullRequests: write RepositoryProjects: write SecurityEvents: write Statuses: write Sec,0.3759287633535065,0.1914795309505436,0.00019468160239226797,0.0205440137284981,0.4118530103650595
infrastructure,compilation,compilation,False,0.4343184815803638,0.15147101405893748,psf/black,diff-shades comment,comment,Get details from initial workflow run,runtime.exit_code,ollama,0.81,False,feat_primary_is_runtime=1; feat_first_error_before_tests=1; feat_has_dependency_install=1,ï»¿Current runner version: '2.332.0' Hosted Compute Agent Version: 20260213.493 Commit: <SHA> Build Date: Worker ID: {d296cdf3-7bf3-4b0e-9b06-701eb20f9024} Azure Region: northcentralus Ubuntu 24.04.3 LTS Image: ubuntu-24.04 Version: 20260302.42.1 Included Software: <url:github.com> Image Release: <url:github.com> Metadata: read PullRequests: write Secret source: Actions Prepare workflow directory Prepare all required actions Getting action download info Download action repository 'actions/checkout@<SHA>' (SHA:<SHA>) Download action repository 'actions/download-artifact@<SHA>' (SHA:<SHA>) Downl,0.4343184815803638,0.24071271267159447,0.00023307381832696146,0.0418882644082886,0.2828474675214263
test_failure,test_failure,test_failure,True,0.39589370280020797,0.017731320715683008,pydantic/pydantic,CI,check,Decide whether the needed jobs succeeded or failed,runtime.exit_code,ollama,0.855,False,feat_primary_is_runtime=1; feat_first_error_before_tests=1,ï»¿Current runner version: '2.332.0' Hosted Compute Agent Version: 20260213.493 Commit: <SHA> Build Date: Worker ID: {c5c8e937-f747-4cc0-8875-c554b2f1e524} Azure Region: eastus Ubuntu 24.04.3 LTS Image: ubuntu-24.04 Version: 20260309.50.1 Included Software: <url:github.com> Image Release: <url:github.com> Actions: read ArtifactMetadata: read Attestations: read Checks: read Contents: read Deployments: read Discussions: read Issues: read Metadata: read Models: read Packages: read Pages: read PullRequests: read RepositoryProjects: read SecurityEvents: read Statuses: read Secret source: None Prepa,0.37816238208452496,0.20035463863182076,0.00018434143318934657,0.025404935050257028,0.39589370280020797
test_failure,test_failure,test_failure,True,0.39589370280020797,0.017731320715683008,sqlalchemy/sqlalchemy,Run tests on a pr,test-amd64-3.13-nocext-x64-ubuntu-22.04,Run tests,runtime.exit_code,ollama,0.855,False,feat_primary_is_runtime=1; feat_first_error_before_tests=1,ypes.py::AdaptTest::test_uppercase_importable[Integer] test/sql/test_types.py::AdaptTest::test_uppercase_importable[Interval] [gw3] [ 96%] PASSED test/sql/test_types.py::AdaptTest::test_uppercase_importable[Interval] test/sql/test_types.py::AdaptTest::test_uppercase_importable[JSON] [gw3] [ 96%] PASSED test/sql/test_types.py::AdaptTest::test_uppercase_importable[JSON] test/sql/test_types.py::AdaptTest::test_uppercase_importable[LargeBinary] [gw3] [ 96%] PASSED test/sql/test_types.py::AdaptTest::test_uppercase_importable[LargeBinary] test/sql/test_types.py::AdaptTest::test_uppercase_importable[,0.37816238208452496,0.20035463863182076,0.00018434143318934657,0.025404935050257028,0.39589370280020797
test_failure,test_failure,test_failure,True,0.39589370280020797,0.017731320715683008,aio-libs/aiohttp,CI,check,Decide whether the needed jobs succeeded or failed,runtime.exit_code,ollama,0.855,False,feat_primary_is_runtime=1; feat_first_error_before_tests=1,ï»¿Current runner version: '2.333.1' Hosted Compute Agent Version: 20260213.493 Commit: <SHA> Build Date: Worker ID: {623980f1-7cc8-412d-9978-480beb4f84dd} Azure Region: eastus Ubuntu 24.04.4 LTS Image: ubuntu-24.04 Version: 20260406.80.1 Included Software: <url:github.com> Image Release: <url:github.com> Metadata: read Secret source: Actions Prepare workflow directory Prepare all required actions Getting action download info Download action repository 're-actors/alls-green@release/v1' (SHA:<SHA>) Download action repository 'codecov/codecov-action@v6' (SHA:<SHA>) Getting action download info D,0.37816238208452496,0.20035463863182076,0.00018434143318934657,0.025404935050257028,0.39589370280020797
test_failure,test_failure,test_failure,True,0.39589370280020797,0.017731320715683008,astral-sh/ruff,CI,all required checks passed,Check required jobs passed,runtime.exit_code,ollama,0.855,False,feat_primary_is_runtime=1; feat_first_error_before_tests=1,"ï»¿Current runner version: '2.333.1' Hosted Compute Agent Version: 20260213.493 Commit: <SHA> Build Date: Worker ID: {70f52592-eb27-4830-9e96-21c6375c60f6} Azure Region: northcentralus - OS: Linux (x64) - Source: Docker - Name: ubuntu:24.04 - Version: 20260413.54.1 Metadata: read Secret source: Actions Prepare workflow directory Prepare all required actions Complete job name: all required checks passed failing=$(echo ""$NEEDS_JSON"" | jq -r 'to_entries[] | select(.value.result != ""success"" and .value.result != ""skipped"") | ""\(.key): \(.value.result)""') if [ -n ""$failing"" ]; then echo ""$failing"" ",0.37816238208452496,0.20035463863182076,0.00018434143318934657,0.025404935050257028,0.39589370280020797
compilation,test_failure,test_failure,False,0.39589370280020797,0.017731320715683008,aio-libs/aiobotocore,CI/CD,check,Decide whether the needed jobs succeeded or failed,runtime.exit_code,ollama,0.855,False,feat_primary_is_runtime=1; feat_first_error_before_tests=1,"ï»¿Current runner version: '2.333.1' Hosted Compute Agent Version: 20260213.493 Commit: <SHA> Build Date: Worker ID: {1e2f0c10-4107-4407-8dba-eec0772b5f69} Azure Region: westus3 Ubuntu 24.04.4 LTS Image: ubuntu-24.04 Version: 20260413.86.1 Included Software: <url:github.com> Image Release: <url:github.com> Metadata: read Secret source: Actions Prepare workflow directory Prepare all required actions Getting action download info Download action repository 're-actors/alls-green@<SHA>' (SHA:<SHA>) Complete job name: check with: jobs: { ""build"": { ""result"": ""success"", ""outputs"": {} }, ""test"": { ""re",0.37816238208452496,0.20035463863182076,0.00018434143318934657,0.025404935050257028,0.39589370280020797
test_failure,test_failure,test_failure,True,0.39589370280020797,0.017731320715683008,aio-libs/aiobotocore,CI/CD,check,Decide whether the needed jobs succeeded or failed,runtime.exit_code,ollama,0.855,False,feat_primary_is_runtime=1; feat_first_error_before_tests=1,"ï»¿Current runner version: '2.333.1' Hosted Compute Agent Version: 20260213.493 Commit: <SHA> Build Date: Worker ID: {b408afa7-9d3f-4c02-bd7c-4b6fed37942a} Azure Region: eastus Ubuntu 24.04.4 LTS Image: ubuntu-24.04 Version: 20260413.86.1 Included Software: <url:github.com> Image Release: <url:github.com> Metadata: read Secret source: Actions Prepare workflow directory Prepare all required actions Getting action download info Download action repository 're-actors/alls-green@<SHA>' (SHA:<SHA>) Complete job name: check with: jobs: { ""build"": { ""result"": ""success"", ""outputs"": {} }, ""test"": { ""res",0.37816238208452496,0.20035463863182076,0.00018434143318934657,0.025404935050257028,0.39589370280020797
infrastructure,infrastructure,infrastructure,True,0.484991808977587,0.25933526076606944,apache/airflow,Tests,MySQL tests: core / DB-core:MySQL:8.0:3.10:API...CLI,Migration Tests: 3.10:API Always CLI,runtime.exit_code,ollama,0.855,False,feat_primary_is_runtime=1,ï»¿Current runner version: '2.333.1' Hosted Compute Agent Version: 20260213.493 Commit: <SHA> Build Date: Worker ID: {f3ba3ec2-7b8a-4780-92e8-34cd4f950bf9} Azure Region: eastus Ubuntu 22.04.5 LTS Image: ubuntu-22.04 Version: 20260413.88.1 Included Software: <url:github.com> Image Release: <url:github.com> Contents: read Metadata: read Secret source: None Prepare workflow directory Prepare all required actions Getting action download info Download action repository 'actions/checkout@<SHA>' (SHA:<SHA>) Uses: apache/airflow/.github/workflows/run-unit-tests.yml@refs/pull/65759/merge (<SHA>) runner,0.22565654821151754,0.07365371705491316,0.00017709875919927085,0.484991808977587,0.21552082699678315
configuration,test_failure,test_failure,False,0.39589370280020797,0.017731320715683008,psf/black,changelog,check,Grep CHANGES.md for PR number,runtime.exit_code,ollama,0.95,False,feat_primary_is_runtime=1; feat_first_error_before_tests=1,ï»¿Current runner version: '2.333.1' Hosted Compute Agent Version: 20260213.493 Commit: <SHA> Build Date: Worker ID: {4175f57f-9608-4687-bc5d-6d36c27bc005} Azure Region: eastus Ubuntu 24.04.4 LTS Image: ubuntu-24.04 Version: 20260329.72.1 Included Software: <url:github.com> Image Release: <url:github.com> Contents: read Metadata: read Secret source: Actions Prepare workflow directory Prepare all required actions Getting action download info Download action repository 'actions/checkout@<SHA>' (SHA:<SHA>) Complete job name: check with: persist-credentials: false repository: psf/black token: *** ,0.37816238208452496,0.20035463863182076,0.00018434143318934657,0.025404935050257028,0.39589370280020797
test_failure,test_failure,test_failure,True,0.39589370280020797,0.017731320715683008,tiangolo/fastapi,Test Redistribute,test-redistribute-alls-green,Decide whether the needed jobs succeeded or failed,runtime.exit_code,ollama,0.855,False,feat_primary_is_runtime=1; feat_first_error_before_tests=1,ï»¿Current runner version: '2.333.1' Hosted Compute Agent Version: 20260213.493 Commit: <SHA> Build Date: Worker ID: {5df282bc-dc7b-45a3-a154-dd46d0202ba4} Azure Region: northcentralus Ubuntu 24.04.4 LTS Image: ubuntu-24.04 Version: 20260406.80.1 Included Software: <url:github.com> Image Release: <url:github.com> Contents: read Metadata: read Packages: read Secret source: None Prepare workflow directory Prepare all required actions Getting action download info Download action repository 're-actors/alls-green@release/v1' (SHA:<SHA>) Complete job name: test-redistribute-alls-green with: jobs: { ,0.37816238208452496,0.20035463863182076,0.00018434143318934657,0.025404935050257028,0.39589370280020797
compilation,test_failure,test_failure,False,0.4462507206611077,0.0788071520825695,pydantic/pydantic,CI,Test windows-latest / pypy3.11.13,"Run uv run python -c ""import pydantic.version; print(pydantic.version.version_info())""",runtime.exit_code,ollama,0.855,False,feat_fw_pytest=1; feat_kw_config_fail=1; feat_config_no_compile=1; feat_primary_is_runtime=1; feat_config_missing_file=1; feat_first_error_after_tests_started=1; feat_error_in_test_step=1,"Turn off this advice by setting config variable advice.detachedHead to false HEAD is now at c615495 Merge <SHA> into <SHA> [command]""C:\Program Files\Git\bin\git.exe"" log -1 --format=%H <SHA> with: python-version: pypy3.11.13 activate-environment: false working-directory: D:\a\pydantic\pydantic github-token: *** enable-cache: auto cache-dependency-glob: **/*requirements*.txt **/*requirements*.in **/*constraints*.txt **/*constraints*.in **/pyproject.toml **/uv.lock **/*.py.lock restore-cache: true save-cache: true prune-cache: true cache-python: false ignore-nothing-to-cache: false ignore-empty",0.3674435685785382,0.15843637595321236,0.0015919532420832837,0.026277381565058523,0.4462507206611077
configuration,test_failure,test_failure,False,0.39589370280020797,0.017731320715683008,pypa/setuptools,tests,check,Decide whether the needed jobs succeeded or failed,runtime.exit_code,ollama,0.95,False,feat_primary_is_runtime=1; feat_first_error_before_tests=1,"ï»¿Current runner version: '2.331.0' Hosted Compute Agent Version: 20260115.477 Commit: <SHA> Build Date: Worker ID: {489f5b75-8c1f-47ed-ae05-a46dc00a3931} Azure Region: westus Ubuntu 24.04.3 LTS Image: ubuntu-24.04 Version: 20260119.4.1 Included Software: <url:github.com> Image Release: <url:github.com> Contents: read Metadata: read Secret source: None Prepare workflow directory Prepare all required actions Getting action download info Download action repository 're-actors/alls-green@release/v1' (SHA:<SHA>) Complete job name: check with: allowed-skips: check-changed-folders, integration-test ",0.37816238208452496,0.20035463863182076,0.00018434143318934657,0.025404935050257028,0.39589370280020797
test_failure,test_failure,test_failure,True,0.39589370280020797,0.017731320715683008,astral-sh/ruff,CI,all required checks passed,Check required jobs passed,runtime.exit_code,ollama,0.855,False,feat_primary_is_runtime=1; feat_first_error_before_tests=1,"ï»¿Current runner version: '2.333.1' Hosted Compute Agent Version: 20260213.493 Commit: <SHA> Build Date: Worker ID: {9e2fce9c-0e0d-4073-aad2-8b163bc2fb02} Azure Region: centralus - OS: Linux (x64) - Source: Docker - Name: ubuntu:24.04 - Version: 20260413.54.1 Metadata: read Secret source: Actions Prepare workflow directory Prepare all required actions Complete job name: all required checks passed failing=$(echo ""$NEEDS_JSON"" | jq -r 'to_entries[] | select(.value.result != ""success"" and .value.result != ""skipped"") | ""\(.key): \(.value.result)""') if [ -n ""$failing"" ]; then echo ""$failing"" exit ",0.37816238208452496,0.20035463863182076,0.00018434143318934657,0.025404935050257028,0.39589370280020797
compilation,test_failure,test_failure,False,0.39589370280020797,0.017731320715683008,astral-sh/ruff,CI,all required checks passed,Check required jobs passed,runtime.exit_code,ollama,0.855,False,feat_primary_is_runtime=1; feat_first_error_before_tests=1,"ï»¿Current runner version: '2.333.1' Hosted Compute Agent Version: 20260213.493 Commit: <SHA> Build Date: Worker ID: {6d116ceb-37f2-4789-9edb-2bd90446ebff} Azure Region: eastus - OS: Linux (x64) - Source: Docker - Name: ubuntu:24.04 - Version: 20260323.53.1 Metadata: read Secret source: Actions Prepare workflow directory Prepare all required actions Complete job name: all required checks passed failing=$(echo ""$NEEDS_JSON"" | jq -r 'to_entries[] | select(.value.result != ""success"" and .value.result != ""skipped"") | ""\(.key): \(.value.result)""') if [ -n ""$failing"" ]; then echo ""$failing"" exit 1 f",0.37816238208452496,0.20035463863182076,0.00018434143318934657,0.025404935050257028,0.39589370280020797
configuration,test_failure,test_failure,False,0.39589370280020797,0.017731320715683008,mlflow/mlflow,JS,js (--testPathIgnorePatterns),Run tests,runtime.exit_code,ollama,0.95,False,feat_primary_is_runtime=1; feat_first_error_before_tests=1,e8542 STDOUT â¤ YN0000: README.md â¤ YN0000: â /tmp/xfs-fcbe8542 STDOUT â¤ YN0000: linsolve.js â¤ YN0000: â /tmp/xfs-fcbe8542 STDOUT â¤ YN0000: package.json â¤ YN0000: â /tmp/xfs-fcbe8542 STDOUT â¤ YN0000: test/test.js â¤ YN0000: â /tmp/xfs-fcbe8542 STDOUT â¤ YN0000: Package archive generated in /tmp/xfs-fcbe8542/package.tgz â¤ YN0000: â /tmp/xfs-fcbe8542 STDOUT â¤ YN0000: Done in 0s 52ms â¤ YN0000: â /tmp/xfs-bcac9727 STDOUT Packing robust-determinant@<url:github.com> from sources â¤ YN0000: â /tmp/xfs-d3401b0b STDOUT â¤ YN0000: LICENSE â¤ YN0000: â /tmp/xfs-d34,0.37816238208452496,0.20035463863182076,0.00018434143318934657,0.025404935050257028,0.39589370280020797
compilation,test_failure,test_failure,False,0.39589370280020797,0.017731320715683008,pypa/pip,CI,check,Decide whether the needed jobs succeeded or failed,runtime.exit_code,ollama,0.855,False,feat_primary_is_runtime=1; feat_first_error_before_tests=1,"ï»¿Current runner version: '2.332.0' Hosted Compute Agent Version: 20260213.493 Commit: <SHA> Build Date: Worker ID: {936cf46e-a5b1-4366-bf6f-2814c48531fe} Azure Region: westcentralus Ubuntu 22.04.5 LTS Image: ubuntu-22.04 Version: 20260302.50.1 Included Software: <url:github.com> Image Release: <url:github.com> Contents: read Metadata: read Packages: read Secret source: None Prepare workflow directory Prepare all required actions Getting action download info Download action repository 're-actors/alls-green@release/v1' (SHA:<SHA>) Complete job name: check with: allowed-skips: , jobs: { ""determ",0.37816238208452496,0.20035463863182076,0.00018434143318934657,0.025404935050257028,0.39589370280020797
compilation,test_failure,test_failure,False,0.39589370280020797,0.017731320715683008,pypa/pip,CI,check,Decide whether the needed jobs succeeded or failed,runtime.exit_code,ollama,0.855,False,feat_primary_is_runtime=1; feat_first_error_before_tests=1,"ï»¿Current runner version: '2.331.0' Hosted Compute Agent Version: 20260213.493 Commit: <SHA> Build Date: Worker ID: {9bd1da43-c2cf-48ac-9c8d-bdf71ec96191} Azure Region: eastus2 Ubuntu 22.04.5 LTS Image: ubuntu-22.04 Version: 20260224.45.1 Included Software: <url:github.com> Image Release: <url:github.com> Contents: read Metadata: read Packages: read Secret source: None Prepare workflow directory Prepare all required actions Getting action download info Download action repository 're-actors/alls-green@release/v1' (SHA:<SHA>) Complete job name: check with: allowed-skips: , jobs: { ""determine-ch",0.37816238208452496,0.20035463863182076,0.00018434143318934657,0.025404935050257028,0.39589370280020797
compilation,test_failure,test_failure,False,0.4462507206611077,0.0788071520825695,pydantic/pydantic,CI,Test ubuntu-latest / pypy3.11.13,"Run uv run python -c ""import pydantic.version; print(pydantic.version.version_info())""",runtime.exit_code,ollama,0.81,False,feat_fw_pytest=1; feat_kw_config_fail=1; feat_config_no_compile=1; feat_primary_is_runtime=1; feat_config_missing_file=1; feat_first_error_after_tests_started=1; feat_error_in_test_step=1,ï»¿Current runner version: '2.332.0' Hosted Compute Agent Version: 20260213.493 Commit: <SHA> Build Date: Worker ID: {b5787d81-a975-43fb-9b51-e6176a4b6d27} Azure Region: northcentralus Ubuntu 24.04.3 LTS Image: ubuntu-24.04 Version: 20260309.50.1 Included Software: <url:github.com> Image Release: <url:github.com> Actions: write ArtifactMetadata: write Attestations: write Checks: write Contents: write Deployments: write Discussions: write Issues: write Metadata: read Models: read Packages: write Pages: write PullRequests: write RepositoryProjects: write SecurityEvents: write Statuses: write Sec,0.3674435685785382,0.15843637595321236,0.0015919532420832837,0.026277381565058523,0.4462507206611077
test_failure,test_failure,test_failure,True,0.39589370280020797,0.017731320715683008,pypa/setuptools,tests,check,Decide whether the needed jobs succeeded or failed,runtime.exit_code,ollama,0.855,False,feat_primary_is_runtime=1; feat_first_error_before_tests=1,"ï»¿Current runner version: '2.331.0' Hosted Compute Agent Version: 20260123.484 Commit: <SHA> Build Date: Worker ID: {725d4288-cf99-44f1-b653-e0626e717086} Azure Region: westcentralus Ubuntu 24.04.3 LTS Image: ubuntu-24.04 Version: 20260201.15.1 Included Software: <url:github.com> Image Release: <url:github.com> Contents: read Metadata: read Secret source: None Prepare workflow directory Prepare all required actions Getting action download info Download action repository 're-actors/alls-green@release/v1' (SHA:<SHA>) Complete job name: check with: allowed-skips: check-changed-folders, integrati",0.37816238208452496,0.20035463863182076,0.00018434143318934657,0.025404935050257028,0.39589370280020797
compilation,compilation,compilation,True,0.5115081252229721,0.024745123748137532,scrapy/scrapy,Ubuntu,"tests (3.13, mitmproxy)",Run tests,compile.syntax,rule,0.86,False,feat_tests_ran=1; feat_num_tests_run=3; feat_num_tests_skipped=2; feat_fw_junit=1; feat_fw_pytest=1; feat_kw_compile_fail=1; feat_kw_test_assert=1; feat_primary_is_compile=1; feat_compile_python_syntax=1; feat_first_error_after_tests_started=1; feat_error_in_test_step=1; feat_has_dependency_install=1,"Metadata: read Models: read Packages: read Pages: read PullRequests: read RepositoryProjects: read SecurityEvents: read Statuses: read Secret source: None Prepare workflow directory Prepare all required actions Getting action download info Download action repository 'actions/checkout@v6' (SHA:<SHA>) Download action repository 'actions/setup-python@v6' (SHA:<SHA>) Download action repository 'codecov/codecov-action@v5' (SHA:<SHA>) Getting action download info Download action repository 'actions/github-script@<SHA>' (SHA:<SHA>) Getting action download info Complete job name: tests (3.13, mitmprox",0.5115081252229721,0.0010108931892779734,0.0004970195527739999,0.0002209605601415578,0.48676300147483453
configuration,test_failure,test_failure,False,0.43589309615240907,0.07702765144405743,wtforms/wtforms,Tests,3.11,Run tests,runtime.exit_code,ollama,0.95,False,feat_fw_pytest=1; feat_primary_is_runtime=1; feat_first_error_after_tests_started=1; feat_error_in_test_step=1,ï»¿Current runner version: '2.333.1' Hosted Compute Agent Version: 20260213.493 Commit: <SHA> Build Date: Worker ID: {2fc1e756-d80f-4efd-a961-673ae0ec288d} Azure Region: northcentralus Ubuntu 24.04.4 LTS Image: ubuntu-24.04 Version: 20260413.86.1 Included Software: <url:github.com> Image Release: <url:github.com> Contents: read Metadata: read Packages: read Secret source: None Prepare workflow directory Prepare all required actions Getting action download info Download action repository 'actions/checkout@<SHA>' (SHA:<SHA>) Download action repository 'astral-sh/setup-uv@<SHA>' (SHA:<SHA>) Compl,0.35886544470835163,0.16425421571598622,0.001463512978071608,0.0395237304451815,0.43589309615240907
compilation,test_failure,test_failure,False,0.5475031527331026,0.15174865613748456,fabric8io/kubernetes-client,Build,Java 17 Maven,Build Project,runtime.exit_code,ollama,0.855,False,feat_tests_ran=1; feat_num_tests_run=46; feat_build_duration=0.606; feat_fw_junit=1; feat_fw_gradle=1; feat_is_java=1; feat_step_is_compile=1; feat_primary_is_runtime=1; feat_first_error_after_tests_started=1; feat_error_in_compile_step=1; feat_error_in_test_step=1; feat_has_compile_task=1,[pom] [INFO] Kube API Test [jar] [INFO] Kube API Test - Client Injecting Support [jar] [INFO] Fabric8 :: Openshift :: Java Client API [jar] [INFO] Fabric8 :: Openshift :: Java Client [jar] [INFO] Fabric8 :: Kubernetes :: Extensions [pom] [INFO] Fabric8 :: Knative :: Extension [pom] [INFO] Fabric8 :: Knative :: Model [bundle] [INFO] Fabric8 :: Knative :: Client [bundle] [INFO] Fabric8 :: Knative :: Examples [jar] [INFO] Fabric8 :: Knative :: Tests [jar] [INFO] Fabric8 :: Tekton :: Extension [pom] [INFO] Fabric8 :: Tekton :: Model [bundle] [INFO] Fabric8 :: Tekton :: Client [bundle] [INFO] Fabri,0.395754496595618,0.03680700883674571,0.00047698506741607216,0.019458356767117716,0.5475031527331026
test_failure,test_failure,test_failure,True,0.39589370280020797,0.017731320715683008,pypa/setuptools,tests,check,Decide whether the needed jobs succeeded or failed,runtime.exit_code,ollama,0.855,False,feat_primary_is_runtime=1; feat_first_error_before_tests=1,"ï»¿Current runner version: '2.333.1' Hosted Compute Agent Version: 20260213.493 Commit: <SHA> Build Date: Worker ID: {c16a0196-cf19-4120-b748-1ff4d0bd20e1} Azure Region: eastus2 Ubuntu 24.04.4 LTS Image: ubuntu-24.04 Version: 20260329.72.1 Included Software: <url:github.com> Image Release: <url:github.com> Contents: read Metadata: read Secret source: None Prepare workflow directory Prepare all required actions Getting action download info Download action repository 're-actors/alls-green@release/v1' (SHA:<SHA>) Complete job name: check with: allowed-skips: check-changed-folders, integration-tes",0.37816238208452496,0.20035463863182076,0.00018434143318934657,0.025404935050257028,0.39589370280020797
compilation,compilation,compilation,True,0.5110597225097439,0.043833315884540924,wtforms/wtforms,Tests,py3.11 pallets-eco/flask-wtf downstream,Install downstream test environment,runtime.exit_code,ollama,0.855,False,feat_kw_config_fail=1; feat_config_no_compile=1; feat_step_is_test=1; feat_step_is_setup=1; feat_primary_is_runtime=1; feat_config_missing_file=1; feat_first_error_before_tests=1; feat_error_in_setup_step=1; feat_error_in_test_step=1; feat_has_dependency_install=1,"sion 2.53.0 Temporarily overriding HOME='/home/runner/work/_temp/b9cddd8b-15b9-4b7d-86e9-73a414ac0035' before making global git config changes Adding repository directory to the temporary git global config as a safe directory [command]/usr/bin/git config --global --add safe.directory /home/runner/work/wtforms/wtforms/wtforms [command]/usr/bin/git init /home/runner/work/wtforms/wtforms/wtforms hint: Using 'master' as the name for the initial branch. This default branch name hint: will change to ""main"" in Git 3.0. To configure the initial branch name hint: to use in all of your new repositories,",0.5110597225097439,0.46722640662520293,0.00035163951070901566,0.007816670344915266,0.0135455610094289
compilation,compilation,compilation,True,0.4343184815803638,0.15147101405893748,pypa/pipenv,CI,Package Manager Benchmark,Run benchmark suite,runtime.exit_code,ollama,0.81,False,feat_primary_is_runtime=1; feat_first_error_before_tests=1; feat_has_dependency_install=1,/usr/bin/git submodule foreach --recursive git config --local --show-origin --name-only --get-regexp remote.origin.url [command]/usr/bin/git config --local http.<url:github.com> AUTHORIZATION: basic *** [command]/usr/bin/git -c protocol.version=2 fetch --no-tags --prune --no-recurse-submodules --depth=1 origin +<SHA>:refs/remotes/pull/6548/merge From <url:github.com> * [new ref] <SHA> -> pull/6548/merge [command]/usr/bin/git sparse-checkout disable [command]/usr/bin/git config --local --unset-all extensions.worktreeConfig [command]/usr/bin/git checkout --progress --force refs/remotes/pull/6548,0.4343184815803638,0.24071271267159447,0.00023307381832696146,0.0418882644082886,0.2828474675214263
test_failure,test_failure,test_failure,True,0.39589370280020797,0.017731320715683008,aio-libs/aiohttp,CI,check,Decide whether the needed jobs succeeded or failed,runtime.exit_code,ollama,0.855,False,feat_primary_is_runtime=1; feat_first_error_before_tests=1,ï»¿Current runner version: '2.333.1' Hosted Compute Agent Version: 20260213.493 Commit: <SHA> Build Date: Worker ID: {f9d04fe3-c384-4472-9a04-79ff6bd48baf} Azure Region: westus3 Ubuntu 24.04.4 LTS Image: ubuntu-24.04 Version: 20260413.86.1 Included Software: <url:github.com> Image Release: <url:github.com> Metadata: read Secret source: None Prepare workflow directory Prepare all required actions Getting action download info Download action repository 're-actors/alls-green@release/v1' (SHA:<SHA>) Download action repository 'codecov/codecov-action@v6' (SHA:<SHA>) Getting action download info Dow,0.37816238208452496,0.20035463863182076,0.00018434143318934657,0.025404935050257028,0.39589370280020797
test_failure,test_failure,test_failure,True,0.39589370280020797,0.017731320715683008,pypa/pip,CI,check,Decide whether the needed jobs succeeded or failed,runtime.exit_code,ollama,0.855,False,feat_primary_is_runtime=1; feat_first_error_before_tests=1,"ï»¿Current runner version: '2.331.0' Hosted Compute Agent Version: 20260115.477 Commit: <SHA> Build Date: Worker ID: {d5acb120-7ac6-468d-9f7d-11b394299473} Azure Region: westus Ubuntu 22.04.5 LTS Image: ubuntu-22.04 Version: 20260119.13.1 Included Software: <url:github.com> Image Release: <url:github.com> Contents: read Metadata: read Packages: read Secret source: None Prepare workflow directory Prepare all required actions Getting action download info Download action repository 're-actors/alls-green@release/v1' (SHA:<SHA>) Complete job name: check with: allowed-skips: vendoring , jobs: { ""det",0.37816238208452496,0.20035463863182076,0.00018434143318934657,0.025404935050257028,0.39589370280020797
configuration,configuration,configuration,True,0.4954503569108801,0.20162702464659205,tox-dev/tox,check,test 3.11 on macos-15,Run test suite,runtime.exit_code,ollama,0.9,False,feat_fw_junit=1; feat_fw_pytest=1; feat_kw_config_fail=1; feat_config_no_compile=1; feat_step_is_test=1; feat_primary_is_runtime=1; feat_config_missing_file=1; feat_first_error_after_tests_started=1; feat_error_in_test_step=1; feat_has_compile_task=1,ig '/Users/runner/work/_temp/git-credentials-0ebed79d-8d4e-4664-88d4-25bd5343ce1b.config' with: enable-cache: false cache-dependency-glob: pyproject.toml github-token: *** activate-environment: false working-directory: /Users/runner/work/tox/tox restore-cache: true save-cache: true prune-cache: true cache-python: false ignore-nothing-to-cache: false ignore-empty-workdir: false add-problem-matchers: true resolution-strategy: highest env: FORCE_COLOR: 1 Trying to find version for uv in: /Users/runner/work/tox/tox/uv.toml Could not find file: /Users/runner/work/tox/tox/uv.toml Trying to find vers,0.29382333226428803,0.4954503569108801,0.0036550115030878436,0.012088449147399765,0.19498285017434436
test_failure,test_failure,test_failure,True,0.39589370280020797,0.017731320715683008,pydantic/pydantic,CI,check,Decide whether the needed jobs succeeded or failed,runtime.exit_code,ollama,0.855,False,feat_primary_is_runtime=1; feat_first_error_before_tests=1,ï»¿Current runner version: '2.332.0' Hosted Compute Agent Version: 20260213.493 Commit: <SHA> Build Date: Worker ID: {cc15321a-3d94-4057-a9a6-4c51616163e7} Azure Region: westus Ubuntu 24.04.3 LTS Image: ubuntu-24.04 Version: 20260309.50.1 Included Software: <url:github.com> Image Release: <url:github.com> Actions: read ArtifactMetadata: read Attestations: read Checks: read Contents: read Deployments: read Discussions: read Issues: read Metadata: read Models: read Packages: read Pages: read PullRequests: read RepositoryProjects: read SecurityEvents: read Statuses: read Secret source: None Prepa,0.37816238208452496,0.20035463863182076,0.00018434143318934657,0.025404935050257028,0.39589370280020797
configuration,test_failure,test_failure,False,0.39589370280020797,0.017731320715683008,pre-commit/pre-commit,main,main-windows / collector,check for failures,runtime.exit_code,ollama,0.95,False,feat_primary_is_runtime=1; feat_first_error_before_tests=1,ï»¿Current runner version: '2.334.0' Hosted Compute Agent Version: 20260213.493 Commit: <SHA> Build Date: Worker ID: {d910413f-d655-410d-ac4a-40ea654a27c2} Azure Region: northcentralus Ubuntu 24.04.4 LTS Image: ubuntu-24.04 Version: 20260413.86.1 Included Software: <url:github.com> Image Release: <url:github.com> Actions: read ArtifactMetadata: read Attestations: read Checks: read Contents: read Deployments: read Discussions: read Issues: read Metadata: read Models: read Packages: read Pages: read PullRequests: read RepositoryProjects: read SecurityEvents: read Statuses: read VulnerabilityAler,0.37816238208452496,0.20035463863182076,0.00018434143318934657,0.025404935050257028,0.39589370280020797
test_failure,compilation,compilation,False,0.4343184815803638,0.15147101405893748,pypa/pipenv,CI,Package Manager Benchmark,Run benchmark suite,runtime.exit_code,ollama,0.81,False,feat_primary_is_runtime=1; feat_first_error_before_tests=1; feat_has_dependency_install=1,"ch <name> hint: hint: Names commonly chosen instead of 'master' are 'main', 'trunk' and hint: 'development'. The just-created branch can be renamed via this command: hint: hint: git branch -m <name> hint: hint: Disable this message with ""git config set advice.defaultBranchName false"" Initialized empty Git repository in /home/runner/work/pipenv/pipenv/.git/ [command]/usr/bin/git remote add origin <url:github.com> [command]/usr/bin/git config --local gc.auto 0 [command]/usr/bin/git config --local --name-only --get-regexp core\.sshCommand [command]/usr/bin/git submodule foreach --recursive sh -c ",0.4343184815803638,0.24071271267159447,0.00023307381832696146,0.0418882644082886,0.2828474675214263
test_failure,test_failure,test_failure,True,0.39589370280020797,0.017731320715683008,pypa/pip,CI,check,Decide whether the needed jobs succeeded or failed,runtime.exit_code,ollama,0.855,False,feat_primary_is_runtime=1; feat_first_error_before_tests=1,"ï»¿Current runner version: '2.334.0' Hosted Compute Agent Version: 20260213.493 Commit: <SHA> Build Date: Worker ID: {cfc490ba-8914-4f23-9d23-12166b18bf1b} Azure Region: eastus Ubuntu 24.04.4 LTS Image: ubuntu-24.04 Version: 20260413.86.1 Included Software: <url:github.com> Image Release: <url:github.com> Contents: read Metadata: read Secret source: None Prepare workflow directory Prepare all required actions Getting action download info Download action repository 're-actors/alls-green@<SHA>' (SHA:<SHA>) Complete job name: check with: allowed-skips: vendoring , jobs: { ""determine-changes"": { """,0.37816238208452496,0.20035463863182076,0.00018434143318934657,0.025404935050257028,0.39589370280020797
configuration,test_failure,test_failure,False,0.39589370280020797,0.017731320715683008,psf/black,changelog,check,Grep CHANGES.md for PR number,runtime.exit_code,ollama,0.95,False,feat_primary_is_runtime=1; feat_first_error_before_tests=1,ï»¿Current runner version: '2.332.0' Hosted Compute Agent Version: 20260213.493 Commit: <SHA> Build Date: Worker ID: {3a775724-2612-4911-be41-c015811ebf3c} Azure Region: centralus Ubuntu 24.04.3 LTS Image: ubuntu-24.04 Version: 20260302.42.1 Included Software: <url:github.com> Image Release: <url:github.com> Contents: read Metadata: read Secret source: None Prepare workflow directory Prepare all required actions Getting action download info Download action repository 'actions/checkout@<SHA>' (SHA:<SHA>) Complete job name: check with: persist-credentials: false repository: psf/black token: *** ,0.37816238208452496,0.20035463863182076,0.00018434143318934657,0.025404935050257028,0.39589370280020797
compilation,test_failure,test_failure,False,0.39589370280020797,0.017731320715683008,tiangolo/fastapi,Test,check,Decide whether the needed jobs succeeded or failed,runtime.exit_code,ollama,0.855,False,feat_primary_is_runtime=1; feat_first_error_before_tests=1,"""followers_url"": ""<url:api.github.com> ""following_url"": ""<url:api.github.com> ""gists_url"": ""<url:api.github.com> ""gravatar_id"": """", ""html_url"": ""<url:github.com> ""id"": 110676251, ""login"": ""Luke-Evan"", ""node_id"": ""U_kgDOBpjJGw"", ""organizations_url"": ""<url:api.github.com> ""received_events_url"": ""<url:api.github.com> ""repos_url"": ""<url:api.github.com> ""site_admin"": false, ""starred_url"": ""<url:api.github.com> ""subscriptions_url"": ""<url:api.github.com> ""type"": ""User"", ""url"": ""<url:api.github.com> ""user_view_type"": ""public"" }, ""private"": false, ""pull_request_creation_policy"": ""all"", ""pulls_url"": ""<u",0.37816238208452496,0.20035463863182076,0.00018434143318934657,0.025404935050257028,0.39589370280020797
compilation,test_failure,test_failure,False,0.4462507206611077,0.0788071520825695,pydantic/pydantic,CI,Test windows-latest / pypy3.11.13,"Run uv run python -c ""import pydantic.version; print(pydantic.version.version_info())""",runtime.exit_code,ollama,0.855,False,feat_fw_pytest=1; feat_kw_config_fail=1; feat_config_no_compile=1; feat_primary_is_runtime=1; feat_config_missing_file=1; feat_first_error_after_tests_started=1; feat_error_in_test_step=1,"Turn off this advice by setting config variable advice.detachedHead to false HEAD is now at 1e9b17a Merge <SHA> into <SHA> [command]""C:\Program Files\Git\bin\git.exe"" log -1 --format=%H <SHA> with: python-version: pypy3.11.13 activate-environment: false working-directory: D:\a\pydantic\pydantic github-token: *** enable-cache: auto cache-dependency-glob: **/*requirements*.txt **/*requirements*.in **/*constraints*.txt **/*constraints*.in **/pyproject.toml **/uv.lock **/*.py.lock restore-cache: true save-cache: true prune-cache: true cache-python: false ignore-nothing-to-cache: false ignore-empty",0.3674435685785382,0.15843637595321236,0.0015919532420832837,0.026277381565058523,0.4462507206611077
test_failure,test_failure,test_failure,True,0.39589370280020797,0.017731320715683008,pypa/pip,CI,check,Decide whether the needed jobs succeeded or failed,runtime.exit_code,ollama,0.855,False,feat_primary_is_runtime=1; feat_first_error_before_tests=1,"ï»¿Current runner version: '2.333.1' Hosted Compute Agent Version: 20260213.493 Commit: <SHA> Build Date: Worker ID: {21d9713d-7041-46be-be52-4b50508f1931} Azure Region: eastus2 Ubuntu 24.04.4 LTS Image: ubuntu-24.04 Version: 20260329.72.1 Included Software: <url:github.com> Image Release: <url:github.com> Contents: read Metadata: read Secret source: None Prepare workflow directory Prepare all required actions Getting action download info Download action repository 're-actors/alls-green@<SHA>' (SHA:<SHA>) Complete job name: check with: allowed-skips: , jobs: { ""determine-changes"": { ""result"": ",0.37816238208452496,0.20035463863182076,0.00018434143318934657,0.025404935050257028,0.39589370280020797
test_failure,test_failure,test_failure,True,0.39589370280020797,0.017731320715683008,pypa/pip,CI,check,Decide whether the needed jobs succeeded or failed,runtime.exit_code,ollama,0.855,False,feat_primary_is_runtime=1; feat_first_error_before_tests=1,"ï»¿Current runner version: '2.331.0' Hosted Compute Agent Version: 20260123.484 Commit: <SHA> Build Date: Worker ID: {c423ecda-8b75-4304-9195-ed325af504d0} Azure Region: eastus2 Ubuntu 22.04.5 LTS Image: ubuntu-22.04 Version: 20260126.19.1 Included Software: <url:github.com> Image Release: <url:github.com> Contents: read Metadata: read Packages: read Secret source: None Prepare workflow directory Prepare all required actions Getting action download info Download action repository 're-actors/alls-green@release/v1' (SHA:<SHA>) Complete job name: check with: allowed-skips: vendoring , jobs: { ""de",0.37816238208452496,0.20035463863182076,0.00018434143318934657,0.025404935050257028,0.39589370280020797
compilation,test_failure,test_failure,False,0.39589370280020797,0.017731320715683008,tiangolo/fastapi,pre-commit,pre-commit-alls-green,Decide whether the needed jobs succeeded or failed,runtime.exit_code,ollama,0.855,False,feat_primary_is_runtime=1; feat_first_error_before_tests=1,"""followers_url"": ""<url:api.github.com> ""following_url"": ""<url:api.github.com> ""gists_url"": ""<url:api.github.com> ""gravatar_id"": """", ""html_url"": ""<url:github.com> ""id"": 110676251, ""login"": ""Luke-Evan"", ""node_id"": ""U_kgDOBpjJGw"", ""organizations_url"": ""<url:api.github.com> ""received_events_url"": ""<url:api.github.com> ""repos_url"": ""<url:api.github.com> ""site_admin"": false, ""starred_url"": ""<url:api.github.com> ""subscriptions_url"": ""<url:api.github.com> ""type"": ""User"", ""url"": ""<url:api.github.com> ""user_view_type"": ""public"" }, ""private"": false, ""pull_request_creation_policy"": ""all"", ""pulls_url"": ""<u",0.37816238208452496,0.20035463863182076,0.00018434143318934657,0.025404935050257028,0.39589370280020797
configuration,compilation,compilation,False,0.4343184815803638,0.15147101405893748,sqlalchemy/sqlalchemy,Run tests,test-3.11-windows-latest-x86-cext-greenlet,Run tests,runtime.exit_code,ollama,0.95,False,feat_primary_is_runtime=1; feat_first_error_before_tests=1; feat_has_dependency_install=1,ï»¿Current runner version: '2.331.0' Hosted Compute Agent Version: 20260213.493 Commit: <SHA> Build Date: Worker ID: {a9d3daf1-7bd2-4455-b0f3-9959145567cf} Azure Region: westus Microsoft Windows Server 2025 10.0.26100 Datacenter Image: windows-2025 Version: 20260225.38.2 Included Software: <url:github.com> Image Release: <url:github.com> Contents: read Metadata: read Secret source: Actions Prepare workflow directory Prepare all required actions Getting action download info Download action repository 'actions/checkout@v4' (SHA:<SHA>) Download action repository 'actions/setup-python@v5' (SHA:<SH,0.4343184815803638,0.24071271267159447,0.00023307381832696146,0.0418882644082886,0.2828474675214263
test_failure,test_failure,test_failure,True,0.5490400574568401,0.14232351827269973,fabric8io/kubernetes-client,Windows Build,Java 17 Maven,Build Project,runtime.exit_code,ollama,0.81,False,feat_tests_ran=1; feat_num_tests_run=20; feat_build_duration=2.9; feat_fw_junit=1; feat_is_java=1; feat_step_is_compile=1; feat_primary_is_runtime=1; feat_first_error_after_tests_started=1; feat_error_in_compile_step=1; feat_error_in_test_step=1; feat_has_compile_task=1,Progress (1): 193/383 kB Progress (1): 209/383 kB Progress (1): 225/383 kB Progress (1): 242/383 kB Progress (1): 258/383 kB Progress (1): 274/383 kB Progress (1): 291/383 kB Progress (1): 307/383 kB Progress (1): 324/383 kB Progress (1): 340/383 kB Progress (1): 356/383 kB Progress (1): 373/383 kB Progress (1): 383 kB Progress (2): 383 kB | 7.7/868 kB Progress (2): 383 kB | 7.7/868 kB Progress (2): 383 kB | 24/868 kB Progress (2): 383 kB | 40/868 kB Progress (2): 383 kB | 57/868 kB Progress (2): 383 kB | 73/868 kB Progress (2): 383 kB | 90/868 kB Progress (2): 383 kB | 106/868 kB Progress (2),0.4067165391841404,0.030184838428954003,0.0004519231451239576,0.013606641784941417,0.5490400574568401
test_failure,test_failure,test_failure,True,0.39589370280020797,0.017731320715683008,astral-sh/ruff,CI,all required checks passed,Check required jobs passed,runtime.exit_code,ollama,0.855,False,feat_primary_is_runtime=1; feat_first_error_before_tests=1,"ï»¿Current runner version: '2.333.1' Hosted Compute Agent Version: 20260213.493 Commit: <SHA> Build Date: Worker ID: {048cd0d4-db3f-4bc3-b190-c462c9034c50} Azure Region: westus3 - OS: Linux (x64) - Source: Docker - Name: ubuntu:24.04 - Version: 20260323.53.1 Metadata: read Secret source: Actions Prepare workflow directory Prepare all required actions Complete job name: all required checks passed failing=$(echo ""$NEEDS_JSON"" | jq -r 'to_entries[] | select(.value.result != ""success"" and .value.result != ""skipped"") | ""\(.key): \(.value.result)""') if [ -n ""$failing"" ]; then echo ""$failing"" exit 1 ",0.37816238208452496,0.20035463863182076,0.00018434143318934657,0.025404935050257028,0.39589370280020797
compilation,test_failure,test_failure,False,0.39589370280020797,0.017731320715683008,python-poetry/poetry,Tests,Status,Run false,runtime.exit_code,ollama,0.855,False,feat_primary_is_runtime=1; feat_first_error_before_tests=1,ï»¿Current runner version: '2.332.0' Hosted Compute Agent Version: 20260213.493 Commit: <SHA> Build Date: Worker ID: {d12e47b9-3bf7-434c-9d3f-4c52d0e5ebb3} Azure Region: northcentralus Ubuntu 24.04.3 LTS Image: ubuntu-24.04 Version: 20260302.42.1 Included Software: <url:github.com> Image Release: <url:github.com> Metadata: read Secret source: None Prepare workflow directory Prepare all required actions Complete job name: Status false shell: /usr/bin/bash --noprofile --norc -e -o pipefail {0} ##[error]Process completed with exit code 1. Cleaning up orphan processes,0.37816238208452496,0.20035463863182076,0.00018434143318934657,0.025404935050257028,0.39589370280020797
compilation,test_failure,test_failure,False,0.39589370280020797,0.017731320715683008,tiangolo/fastapi,pre-commit,pre-commit-alls-green,Decide whether the needed jobs succeeded or failed,runtime.exit_code,ollama,0.855,False,feat_primary_is_runtime=1; feat_first_error_before_tests=1,"""followers_url"": ""<url:api.github.com> ""following_url"": ""<url:api.github.com> ""gists_url"": ""<url:api.github.com> ""gravatar_id"": """", ""html_url"": ""<url:github.com> ""id"": 43058381, ""login"": ""mokshagnachintha"", ""node_id"": ""MDQ6VXNlcjQzMDU4Mzgx"", ""organizations_url"": ""<url:api.github.com> ""received_events_url"": ""<url:api.github.com> ""repos_url"": ""<url:api.github.com> ""site_admin"": false, ""starred_url"": ""<url:api.github.com> ""subscriptions_url"": ""<url:api.github.com> ""type"": ""User"", ""url"": ""<url:api.github.com> ""user_view_type"": ""public"" }, ""private"": false, ""pull_request_creation_policy"": ""all"", ""p",0.37816238208452496,0.20035463863182076,0.00018434143318934657,0.025404935050257028,0.39589370280020797
compilation,compilation,compilation,True,0.4343184815803638,0.15147101405893748,pypa/pipenv,CI,Package Manager Benchmark,Run benchmark suite,runtime.exit_code,ollama,0.81,False,feat_primary_is_runtime=1; feat_first_error_before_tests=1; feat_has_dependency_install=1,"anch can be renamed via this command: hint: hint: git branch -m <name> hint: hint: Disable this message with ""git config set advice.defaultBranchName false"" Initialized empty Git repository in /home/runner/work/pipenv/pipenv/.git/ [command]/usr/bin/git remote add origin <url:github.com> [command]/usr/bin/git config --local gc.auto 0 [command]/usr/bin/git config --local --name-only --get-regexp core\.sshCommand [command]/usr/bin/git submodule foreach --recursive sh -c ""git config --local --name-only --get-regexp 'core\.sshCommand' && git config --local --unset-all 'core.sshCommand' || :"" [comma",0.4343184815803638,0.24071271267159447,0.00023307381832696146,0.0418882644082886,0.2828474675214263
compilation,compilation,compilation,True,0.4343184815803638,0.15147101405893748,pypa/pipenv,CI,Package Manager Benchmark,Run benchmark suite,runtime.exit_code,ollama,0.81,False,feat_primary_is_runtime=1; feat_first_error_before_tests=1; feat_has_dependency_install=1,"git config --local --name-only --get-regexp 'core\.sshCommand' && git config --local --unset-all 'core.sshCommand' || :"" [command]/usr/bin/git config --local --name-only --get-regexp http\.https\:\/\/github\.com\/\.extraheader [command]/usr/bin/git submodule foreach --recursive sh -c ""git config --local --name-only --get-regexp 'http\.https\:\/\/github\.com\/\.extraheader' && git config --local --unset-all 'http.<url:github.com> || :"" [command]/usr/bin/git config --local --name-only --get-regexp ^includeIf\.gitdir: [command]/usr/bin/git submodule foreach --recursive git config --local --show-o",0.4343184815803638,0.24071271267159447,0.00023307381832696146,0.0418882644082886,0.2828474675214263
compilation,test_failure,test_failure,False,0.39589370280020797,0.017731320715683008,pydantic/pydantic,CI,check,Decide whether the needed jobs succeeded or failed,runtime.exit_code,ollama,0.855,False,feat_primary_is_runtime=1; feat_first_error_before_tests=1,"ï»¿Current runner version: '2.333.1' Hosted Compute Agent Version: 20260213.493 Commit: <SHA> Build Date: Worker ID: {aac8d1e8-bcc9-4480-bdab-d09597bbcb6f} Azure Region: westus Ubuntu 24.04.4 LTS Image: ubuntu-24.04 Version: 20260406.80.1 Included Software: <url:github.com> Image Release: <url:github.com> Contents: read Metadata: read Secret source: Actions Prepare workflow directory Prepare all required actions Getting action download info Download action repository 're-actors/alls-green@<SHA>' (SHA:<SHA>) Complete job name: check with: jobs: { ""lint"": { ""result"": ""failure"", ""outputs"": {} }, ",0.37816238208452496,0.20035463863182076,0.00018434143318934657,0.025404935050257028,0.39589370280020797
test_failure,test_failure,test_failure,True,0.39589370280020797,0.017731320715683008,aio-libs/aiohttp,CI,check,Decide whether the needed jobs succeeded or failed,runtime.exit_code,ollama,0.855,False,feat_primary_is_runtime=1; feat_first_error_before_tests=1,ï»¿Current runner version: '2.333.1' Hosted Compute Agent Version: 20260213.493 Commit: <SHA> Build Date: Worker ID: {5dc7a776-a53f-449c-82b7-3c4a829f4515} Azure Region: westus Ubuntu 24.04.4 LTS Image: ubuntu-24.04 Version: 20260329.72.1 Included Software: <url:github.com> Image Release: <url:github.com> Metadata: read Secret source: None Prepare workflow directory Prepare all required actions Getting action download info Download action repository 're-actors/alls-green@release/v1' (SHA:<SHA>) Download action repository 'codecov/codecov-action@v6' (SHA:<SHA>) Getting action download info Down,0.37816238208452496,0.20035463863182076,0.00018434143318934657,0.025404935050257028,0.39589370280020797
configuration,compilation,compilation,False,0.4343184815803638,0.15147101405893748,benoitc/gunicorn,lint,3.12 / tox-(other),Check generated docs,runtime.exit_code,ollama,0.95,False,feat_primary_is_runtime=1; feat_first_error_before_tests=1; feat_has_dependency_install=1,ï»¿Current runner version: '2.332.0' Hosted Compute Agent Version: 20260213.493 Commit: <SHA> Build Date: Worker ID: {2ee50d09-3d3e-45d8-ba18-37f3229f3105} Azure Region: centralus Ubuntu 24.04.3 LTS Image: ubuntu-24.04 Version: 20260309.50.1 Included Software: <url:github.com> Image Release: <url:github.com> Contents: read Metadata: read Secret source: Actions Prepare workflow directory Prepare all required actions Getting action download info Download action repository 'actions/checkout@v6' (SHA:<SHA>) Download action repository 'actions/setup-python@v6' (SHA:<SHA>) Complete job name: 3.12 / ,0.4343184815803638,0.24071271267159447,0.00023307381832696146,0.0418882644082886,0.2828474675214263
compilation,test_failure,test_failure,False,0.39589370280020797,0.017731320715683008,tiangolo/fastapi,Test Redistribute,test-redistribute-alls-green,Decide whether the needed jobs succeeded or failed,runtime.exit_code,ollama,0.855,False,feat_primary_is_runtime=1; feat_first_error_before_tests=1,"ï»¿Current runner version: '2.333.1' Hosted Compute Agent Version: 20260213.493 Commit: <SHA> Build Date: Worker ID: {65ed7a84-8c1b-40b6-b421-c94423b39c76} Azure Region: westus3 Ubuntu 24.04.4 LTS Image: ubuntu-24.04 Version: 20260406.80.1 Included Software: <url:github.com> Image Release: <url:github.com> Contents: read Metadata: read Packages: read Secret source: None Prepare workflow directory Prepare all required actions Getting action download info Download action repository 're-actors/alls-green@release/v1' (SHA:<SHA>) Complete job name: test-redistribute-alls-green with: jobs: { ""test-r",0.37816238208452496,0.20035463863182076,0.00018434143318934657,0.025404935050257028,0.39589370280020797
compilation,test_failure,test_failure,False,0.39589370280020797,0.017731320715683008,python-poetry/poetry,Tests,Status,Run false,runtime.exit_code,ollama,0.855,False,feat_primary_is_runtime=1; feat_first_error_before_tests=1,ï»¿Current runner version: '2.331.0' Hosted Compute Agent Version: 20260123.484 Commit: <SHA> Build Date: Worker ID: {2d267355-30a1-408b-96b1-574e22c0cdaf} Azure Region: westus Ubuntu 24.04.3 LTS Image: ubuntu-24.04 Version: 20260126.10.1 Included Software: <url:github.com> Image Release: <url:github.com> Metadata: read Secret source: None Prepare workflow directory Prepare all required actions Complete job name: Status false shell: /usr/bin/bash --noprofile --norc -e -o pipefail {0} ##[error]Process completed with exit code 1. Cleaning up orphan processes,0.37816238208452496,0.20035463863182076,0.00018434143318934657,0.025404935050257028,0.39589370280020797
compilation,test_failure,test_failure,False,0.39589370280020797,0.017731320715683008,python-poetry/poetry,Tests,Status,Run false,runtime.exit_code,ollama,0.855,False,feat_primary_is_runtime=1; feat_first_error_before_tests=1,ï»¿Current runner version: '2.331.0' Hosted Compute Agent Version: 20260123.484 Commit: <SHA> Build Date: Worker ID: {1283b73a-ec72-46b8-be35-7ff4aa39f420} Azure Region: eastus2 Ubuntu 24.04.3 LTS Image: ubuntu-24.04 Version: 20260126.10.1 Included Software: <url:github.com> Image Release: <url:github.com> Metadata: read Secret source: None Prepare workflow directory Prepare all required actions Complete job name: Status false shell: /usr/bin/bash --noprofile --norc -e -o pipefail {0} ##[error]Process completed with exit code 1. Cleaning up orphan processes,0.37816238208452496,0.20035463863182076,0.00018434143318934657,0.025404935050257028,0.39589370280020797
infrastructure,infrastructure,infrastructure,True,0.3579859745485043,0.016831616144777795,apache/airflow,Tests,CI image checks / Static checks,Static checks,unknown.other,ollama,0.8,False,feat_first_error_before_tests=1; feat_has_dependency_install=1,"docker run -v ""${GITHUB_WORKSPACE}:/workspace"" -u 0:0 bash -c ""rm -rf /workspace/*"" shell: /usr/bin/bash --noprofile --norc -e -o pipefail {0} env: PYTHON_MAJOR_MINOR_VERSION: 3.10 UPGRADE_TO_NEWER_DEPENDENCIES: false GITHUB_TOKEN: *** Unable to find image 'bash:latest' locally latest: Pulling from library/bash 6a0ac1617861: Pulling fs layer 91eccb35d8cc: Pulling fs layer 2eddc95288cd: Pulling fs layer 2eddc95288cd: Verifying Checksum 2eddc95288cd: Download complete 91eccb35d8cc: Verifying Checksum 91eccb35d8cc: Download complete 6a0ac1617861: Verifying Checksum 6a0ac1617861: Download complete",0.16712037911370842,0.13262748954432,0.001111798389740665,0.3579859745485043,0.3411543584037265
test_failure,test_failure,test_failure,True,0.39589370280020797,0.017731320715683008,aio-libs/aiohttp,CI,check,Decide whether the needed jobs succeeded or failed,runtime.exit_code,ollama,0.855,False,feat_primary_is_runtime=1; feat_first_error_before_tests=1,ï»¿Current runner version: '2.333.1' Hosted Compute Agent Version: 20260213.493 Commit: <SHA> Build Date: Worker ID: {3c4e6b55-341c-447e-a7d9-cc73ff8b23b4} Azure Region: westus Ubuntu 24.04.4 LTS Image: ubuntu-24.04 Version: 20260329.72.1 Included Software: <url:github.com> Image Release: <url:github.com> Metadata: read Secret source: None Prepare workflow directory Prepare all required actions Getting action download info Download action repository 're-actors/alls-green@release/v1' (SHA:<SHA>) Download action repository 'codecov/codecov-action@v6' (SHA:<SHA>) Getting action download info Down,0.37816238208452496,0.20035463863182076,0.00018434143318934657,0.025404935050257028,0.39589370280020797
infrastructure,compilation,compilation,False,0.527673877726214,0.21984706578223218,psf/requests,Tests,"build (pypy-3.10, macOS-latest)",Install dependencies,runtime.exit_code,ollama,0.72,False,feat_fw_pytest=1; feat_step_is_setup=1; feat_primary_is_runtime=1; feat_first_error_after_tests_started=1; feat_error_in_setup_step=1; feat_error_in_test_step=1; feat_has_dependency_install=1,ï»¿Current runner version: '2.331.0' Hosted Compute Agent Version: 20260123.484 Commit: <SHA> Build Date: Worker ID: {b7de8f55-ca41-4f54-848a-d07a89e9b1d8} Azure Region: westus macOS 15.7.3 24G419 Image: macos-15-arm64 Version: 20260127.0129.1 Included Software: <url:github.com> Image Release: <url:github.com> Contents: read Metadata: read Secret source: Actions Prepare workflow directory Prepare all required actions Getting action download info Download action repository 'actions/checkout@<SHA>' (SHA:<SHA>) Download action repository 'actions/setup-python@<SHA>' (SHA:<SHA>) Complete job name:,0.527673877726214,0.3078268119439818,0.0020813582330094743,0.05618675511262294,0.10623119698417183
compilation,test_failure,test_failure,False,0.39589370280020797,0.017731320715683008,aio-libs/aiobotocore,Claude Code,claude,Run anthropics/claude-code-action@df37d2f0760a4b5683a6e617c9325bc1a36443f6,runtime.exit_code,ollama,0.81,False,feat_primary_is_runtime=1; feat_first_error_before_tests=1,use_foundry: false use_sticky_comment: false classify_inline_comments: true use_commit_signing: false bot_id: 41898282 bot_name: claude[bot] track_progress: false include_fix_links: true display_report: false show_full_output: false with: bun-version: 1.3.6 token: *** no-cache: false Downloading a new version of Bun: <url:github.com> [command]/usr/bin/unzip -o -q /home/runner/work/_temp/f7cc5384-9ab1-428e-9977-013607995505.zip [command]/home/runner/.bun/bin/bun --revision 1.3.6+d530ed993 cd ${GITHUB_ACTION_PATH} bun install --production shell: /usr/bin/bash --noprofile --norc -e -o pipefail {0,0.37816238208452496,0.20035463863182076,0.00018434143318934657,0.025404935050257028,0.39589370280020797
compilation,test_failure,test_failure,False,0.39589370280020797,0.017731320715683008,astral-sh/ruff,CI,all required checks passed,Check required jobs passed,runtime.exit_code,ollama,0.855,False,feat_primary_is_runtime=1; feat_first_error_before_tests=1,"ï»¿Current runner version: '2.333.1' Hosted Compute Agent Version: 20260213.493 Commit: <SHA> Build Date: Worker ID: {5f1fbe84-7a00-452a-9740-b011b06453da} Azure Region: westus3 - OS: Linux (x64) - Source: Docker - Name: ubuntu:24.04 - Version: 20260413.54.1 Metadata: read Secret source: Actions Prepare workflow directory Prepare all required actions Complete job name: all required checks passed failing=$(echo ""$NEEDS_JSON"" | jq -r 'to_entries[] | select(.value.result != ""success"" and .value.result != ""skipped"") | ""\(.key): \(.value.result)""') if [ -n ""$failing"" ]; then echo ""$failing"" exit 1 ",0.37816238208452496,0.20035463863182076,0.00018434143318934657,0.025404935050257028,0.39589370280020797
compilation,test_failure,test_failure,False,0.4462507206611077,0.0788071520825695,pydantic/pydantic,CI,Test ubuntu-latest / 3.12,"Run uv run python -c ""import pydantic.version; print(pydantic.version.version_info())""",runtime.exit_code,ollama,0.81,False,feat_fw_pytest=1; feat_kw_config_fail=1; feat_config_no_compile=1; feat_primary_is_runtime=1; feat_config_missing_file=1; feat_first_error_after_tests_started=1; feat_error_in_test_step=1,ï»¿Current runner version: '2.332.0' Hosted Compute Agent Version: 20260213.493 Commit: <SHA> Build Date: Worker ID: {460ec931-34a3-46d5-9958-9c01ccb5d379} Azure Region: northcentralus Ubuntu 24.04.3 LTS Image: ubuntu-24.04 Version: 20260309.50.1 Included Software: <url:github.com> Image Release: <url:github.com> Actions: write ArtifactMetadata: write Attestations: write Checks: write Contents: write Deployments: write Discussions: write Issues: write Metadata: read Models: read Packages: write Pages: write PullRequests: write RepositoryProjects: write SecurityEvents: write Statuses: write Sec,0.3674435685785382,0.15843637595321236,0.0015919532420832837,0.026277381565058523,0.4462507206611077
compilation,compilation,compilation,True,0.4343184815803638,0.15147101405893748,pypa/pipenv,CI,Package Manager Benchmark,Run benchmark suite,runtime.exit_code,ollama,0.855,False,feat_primary_is_runtime=1; feat_first_error_before_tests=1; feat_has_dependency_install=1,Successfully set up CPython (3.11.15) sudo apt-get update -qq sudo apt-get install -y libxmlsec1-dev librdkafka-dev shell: /usr/bin/bash -e {0} env: pythonLocation: /opt/hostedtoolcache/Python/3.11.15/x64 PKG_CONFIG_PATH: /opt/hostedtoolcache/Python/3.11.15/x64/lib/pkgconfig Python_ROOT_DIR: /opt/hostedtoolcache/Python/3.11.15/x64 Python2_ROOT_DIR: /opt/hostedtoolcache/Python/3.11.15/x64 Python3_ROOT_DIR: /opt/hostedtoolcache/Python/3.11.15/x64 LD_LIBRARY_PATH: /opt/hostedtoolcache/Python/3.11.15/x64/lib Reading package lists... Building dependency tree... Reading state information... The foll,0.4343184815803638,0.24071271267159447,0.00023307381832696146,0.0418882644082886,0.2828474675214263
test_failure,test_failure,test_failure,True,0.39589370280020797,0.017731320715683008,aio-libs/aiobotocore,CI/CD,check,Decide whether the needed jobs succeeded or failed,runtime.exit_code,ollama,0.855,False,feat_primary_is_runtime=1; feat_first_error_before_tests=1,"ï»¿Current runner version: '2.331.0' Hosted Compute Agent Version: 20260123.484 Commit: <SHA> Build Date: Worker ID: {489c550e-ca26-43f5-b829-13443b62fa15} Azure Region: westus Ubuntu 24.04.3 LTS Image: ubuntu-24.04 Version: 20260201.15.1 Included Software: <url:github.com> Image Release: <url:github.com> Metadata: read Secret source: Dependabot Prepare workflow directory Prepare all required actions Getting action download info Download action repository 're-actors/alls-green@<SHA>' (SHA:<SHA>) Complete job name: check with: jobs: { ""build"": { ""result"": ""success"", ""outputs"": {} }, ""test"": { """,0.37816238208452496,0.20035463863182076,0.00018434143318934657,0.025404935050257028,0.39589370280020797
compilation,test_failure,test_failure,False,0.39589370280020797,0.017731320715683008,astral-sh/ruff,CI,all required checks passed,Check required jobs passed,runtime.exit_code,ollama,0.855,False,feat_primary_is_runtime=1; feat_first_error_before_tests=1,"ï»¿Current runner version: '2.333.1' Hosted Compute Agent Version: 20260213.493 Commit: <SHA> Build Date: Worker ID: {b7fece85-db02-4c1b-a2e4-63952dc6c780} Azure Region: westus3 - OS: Linux (x64) - Source: Docker - Name: ubuntu:24.04 - Version: 20260413.54.1 Metadata: read Secret source: Actions Prepare workflow directory Prepare all required actions Complete job name: all required checks passed failing=$(echo ""$NEEDS_JSON"" | jq -r 'to_entries[] | select(.value.result != ""success"" and .value.result != ""skipped"") | ""\(.key): \(.value.result)""') if [ -n ""$failing"" ]; then echo ""$failing"" exit 1 ",0.37816238208452496,0.20035463863182076,0.00018434143318934657,0.025404935050257028,0.39589370280020797
test_failure,test_failure,test_failure,True,0.39589370280020797,0.017731320715683008,astral-sh/ruff,CI,all required checks passed,Check required jobs passed,runtime.exit_code,ollama,0.855,False,feat_primary_is_runtime=1; feat_first_error_before_tests=1,"ï»¿Current runner version: '2.333.1' Hosted Compute Agent Version: 20260213.493 Commit: <SHA> Build Date: Worker ID: {dff619bc-b21c-4a8c-90f1-123c9275b05f} Azure Region: eastus - OS: Linux (x64) - Source: Docker - Name: ubuntu:24.04 - Version: 20260413.54.1 Metadata: read Secret source: Actions Prepare workflow directory Prepare all required actions Complete job name: all required checks passed failing=$(echo ""$NEEDS_JSON"" | jq -r 'to_entries[] | select(.value.result != ""success"" and .value.result != ""skipped"") | ""\(.key): \(.value.result)""') if [ -n ""$failing"" ]; then echo ""$failing"" exit 1 f",0.37816238208452496,0.20035463863182076,0.00018434143318934657,0.025404935050257028,0.39589370280020797
test_failure,test_failure,test_failure,True,0.39589370280020797,0.017731320715683008,astral-sh/ruff,CI,prek,Run prek,runtime.exit_code,ollama,0.855,False,feat_primary_is_runtime=1; feat_first_error_before_tests=1,ï»¿Current runner version: '2.333.1' Runner name: 'depot-p30p8qzlxr' Runner group name: 'default' Machine name: 'depot-machine' Metadata: read Secret source: Actions Prepare workflow directory Prepare all required actions Getting action download info Download action repository 'actions/checkout@<SHA>' (SHA:<SHA>) Download action repository 'astral-sh/setup-uv@<SHA>' (SHA:<SHA>) Download action repository 'actions/setup-node@<SHA>' (SHA:<SHA>) Download action repository 'actions/cache@<SHA>' (SHA:<SHA>) Complete job name: prek with: persist-credentials: false repository: astral-sh/ruff token: *,0.37816238208452496,0.20035463863182076,0.00018434143318934657,0.025404935050257028,0.39589370280020797
test_failure,test_failure,test_failure,True,0.39589370280020797,0.017731320715683008,encode/starlette,Test Suite,check,Decide whether the needed jobs succeeded or failed,runtime.exit_code,ollama,0.855,False,feat_primary_is_runtime=1; feat_first_error_before_tests=1,ï»¿Current runner version: '2.331.0' Hosted Compute Agent Version: 20260123.484 Commit: <SHA> Build Date: Worker ID: {41c0e805-211c-49aa-9df1-87e99a26a797} Azure Region: westcentralus Ubuntu 24.04.3 LTS Image: ubuntu-24.04 Version: 20260201.15.1 Included Software: <url:github.com> Image Release: <url:github.com> Actions: read ArtifactMetadata: read Attestations: read Checks: read Contents: read Deployments: read Discussions: read Issues: read Metadata: read Models: read Packages: read Pages: read PullRequests: read RepositoryProjects: read SecurityEvents: read Statuses: read Secret source: Non,0.37816238208452496,0.20035463863182076,0.00018434143318934657,0.025404935050257028,0.39589370280020797
test_failure,test_failure,test_failure,True,0.39589370280020797,0.017731320715683008,aio-libs/aiohttp,CI,check,Decide whether the needed jobs succeeded or failed,runtime.exit_code,ollama,0.855,False,feat_primary_is_runtime=1; feat_first_error_before_tests=1,ï»¿Current runner version: '2.333.1' Hosted Compute Agent Version: 20260213.493 Commit: <SHA> Build Date: Worker ID: {8bb8561b-6856-48f1-a347-2e3eef39fbdf} Azure Region: westus Ubuntu 24.04.4 LTS Image: ubuntu-24.04 Version: 20260329.72.1 Included Software: <url:github.com> Image Release: <url:github.com> Metadata: read Secret source: Dependabot Prepare workflow directory Prepare all required actions Getting action download info Download action repository 're-actors/alls-green@release/v1' (SHA:<SHA>) Download action repository 'codecov/codecov-action@v6' (SHA:<SHA>) Getting action download inf,0.37816238208452496,0.20035463863182076,0.00018434143318934657,0.025404935050257028,0.39589370280020797
configuration,test_failure,test_failure,False,0.39589370280020797,0.017731320715683008,pypa/setuptools,tests,check,Decide whether the needed jobs succeeded or failed,runtime.exit_code,ollama,0.85,False,feat_primary_is_runtime=1; feat_first_error_before_tests=1,"ï»¿Current runner version: '2.331.0' Hosted Compute Agent Version: 20260123.484 Commit: <SHA> Build Date: Worker ID: {cc1c7359-1137-4c70-98b4-2f2d170ae9d8} Azure Region: eastus2 Ubuntu 24.04.3 LTS Image: ubuntu-24.04 Version: 20260201.15.1 Included Software: <url:github.com> Image Release: <url:github.com> Contents: read Metadata: read Secret source: Actions Prepare workflow directory Prepare all required actions Getting action download info Download action repository 're-actors/alls-green@release/v1' (SHA:<SHA>) Complete job name: check with: allowed-skips: check-changed-folders, integration-",0.37816238208452496,0.20035463863182076,0.00018434143318934657,0.025404935050257028,0.39589370280020797
infrastructure,infrastructure,infrastructure,True,0.3579859745485043,0.016831616144777795,apache/airflow,Tests,CI image checks / Static checks,Static checks,unknown.other,ollama,0.8,False,feat_first_error_before_tests=1; feat_has_dependency_install=1,UPGRADE_TO_NEWER_DEPENDENCIES: true GITHUB_TOKEN: *** Unable to find image 'bash:latest' locally latest: Pulling from library/bash 6a0ac1617861: Pulling fs layer 91eccb35d8cc: Pulling fs layer 2eddc95288cd: Pulling fs layer 2eddc95288cd: Verifying Checksum 2eddc95288cd: Download complete 91eccb35d8cc: Verifying Checksum 91eccb35d8cc: Download complete 6a0ac1617861: Verifying Checksum 6a0ac1617861: Download complete 6a0ac1617861: Pull complete 91eccb35d8cc: Pull complete 2eddc95288cd: Pull complete Digest: sha256:<HASH> Status: Downloaded newer image for bash:latest with: persist-credentials: f,0.16712037911370842,0.13262748954432,0.001111798389740665,0.3579859745485043,0.3411543584037265
configuration,test_failure,test_failure,False,0.39589370280020797,0.017731320715683008,psf/black,changelog,check,Grep CHANGES.md for PR number,runtime.exit_code,ollama,0.95,False,feat_primary_is_runtime=1; feat_first_error_before_tests=1,ï»¿Current runner version: '2.331.0' Hosted Compute Agent Version: 20260123.484 Commit: <SHA> Build Date: Worker ID: {296aefaf-b277-471c-b0ae-8f134e97b003} Azure Region: eastus2 Ubuntu 24.04.3 LTS Image: ubuntu-24.04 Version: 20260201.15.1 Included Software: <url:github.com> Image Release: <url:github.com> Contents: read Metadata: read Secret source: None Prepare workflow directory Prepare all required actions Getting action download info Download action repository 'actions/checkout@<SHA>' (SHA:<SHA>) Complete job name: check with: persist-credentials: false repository: psf/black token: *** ss,0.37816238208452496,0.20035463863182076,0.00018434143318934657,0.025404935050257028,0.39589370280020797
compilation,test_failure,test_failure,False,0.39589370280020797,0.017731320715683008,pytest-dev/pytest,test,check,Decide whether the needed jobs succeeded or failed,runtime.exit_code,ollama,0.855,False,feat_primary_is_runtime=1; feat_first_error_before_tests=1,"ï»¿Current runner version: '2.331.0' Hosted Compute Agent Version: 20260123.484 Commit: <SHA> Build Date: Worker ID: {ab2ae0dd-f39a-4c68-9e76-a0bdc9ef0128} Azure Region: eastus Ubuntu 24.04.3 LTS Image: ubuntu-24.04 Version: 20260201.15.1 Included Software: <url:github.com> Image Release: <url:github.com> Metadata: read Secret source: None Prepare workflow directory Prepare all required actions Getting action download info Download action repository 're-actors/alls-green@<SHA>' (SHA:<SHA>) Complete job name: check with: jobs: { ""build"": { ""result"": ""failure"", ""outputs"": {} } } allowed-failures",0.37816238208452496,0.20035463863182076,0.00018434143318934657,0.025404935050257028,0.39589370280020797
test_failure,test_failure,test_failure,True,0.39589370280020797,0.017731320715683008,pypa/pip,CI,check,Decide whether the needed jobs succeeded or failed,runtime.exit_code,ollama,0.855,False,feat_primary_is_runtime=1; feat_first_error_before_tests=1,"ï»¿Current runner version: '2.333.1' Hosted Compute Agent Version: 20260213.493 Commit: <SHA> Build Date: Worker ID: {0a11e938-261d-4a5d-b396-582e4d0ee82d} Azure Region: northcentralus Ubuntu 24.04.4 LTS Image: ubuntu-24.04 Version: 20260413.86.1 Included Software: <url:github.com> Image Release: <url:github.com> Contents: read Metadata: read Secret source: None Prepare workflow directory Prepare all required actions Getting action download info Download action repository 're-actors/alls-green@<SHA>' (SHA:<SHA>) Complete job name: check with: allowed-skips: vendoring , jobs: { ""determine-chang",0.37816238208452496,0.20035463863182076,0.00018434143318934657,0.025404935050257028,0.39589370280020797
configuration,test_failure,test_failure,False,0.43528491258847196,0.07904990104792692,pypa/pipenv,CI,Ruff,Run ruff check --output-format=github .,runtime.exit_code,ollama,0.95,False,feat_step_is_lint=1; feat_primary_is_runtime=1; feat_first_error_before_tests=1; feat_error_in_lint_step=1; feat_has_dependency_install=1,ï»¿Current runner version: '2.333.0' Hosted Compute Agent Version: 20260213.493 Commit: <SHA> Build Date: Worker ID: {91257d9a-afbd-4a05-83d0-9e3c0997c2db} Azure Region: westus Ubuntu 24.04.4 LTS Image: ubuntu-24.04 Version: 20260323.65.1 Included Software: <url:github.com> Image Release: <url:github.com> Contents: read Metadata: read Secret source: Actions Prepare workflow directory Prepare all required actions Getting action download info Download action repository 'actions/checkout@v4' (SHA:<SHA>) Complete job name: Ruff with: repository: pypa/pipenv token: *** ssh-strict: true ssh-user: gi,0.35623501154054504,0.17092794364571534,0.00020779061664597375,0.037344341608621705,0.43528491258847196
compilation,test_failure,test_failure,False,0.39589370280020797,0.017731320715683008,tiangolo/fastapi,Test Redistribute,test-redistribute-alls-green,Decide whether the needed jobs succeeded or failed,runtime.exit_code,ollama,0.855,False,feat_primary_is_runtime=1; feat_first_error_before_tests=1,"ï»¿Current runner version: '2.333.1' Hosted Compute Agent Version: 20260213.493 Commit: <SHA> Build Date: Worker ID: {d5717626-73ae-4b08-b927-1714ced85441} Azure Region: westus3 Ubuntu 24.04.4 LTS Image: ubuntu-24.04 Version: 20260406.80.1 Included Software: <url:github.com> Image Release: <url:github.com> Contents: read Metadata: read Packages: read Secret source: None Prepare workflow directory Prepare all required actions Getting action download info Download action repository 're-actors/alls-green@release/v1' (SHA:<SHA>) Complete job name: test-redistribute-alls-green with: jobs: { ""test-r",0.37816238208452496,0.20035463863182076,0.00018434143318934657,0.025404935050257028,0.39589370280020797
compilation,configuration,configuration,False,0.5108963735889769,0.0867106351401602,tox-dev/tox,check,test 3.12 on windows-2025,Install tox@self,runtime.exit_code,ollama,0.81,False,feat_kw_config_fail=1; feat_config_no_compile=1; feat_step_is_setup=1; feat_primary_is_runtime=1; feat_config_missing_file=1; feat_first_error_before_tests=1; feat_error_in_setup_step=1,* [new tag] 4.46.3 -> 4.46.3 * [new tag] 4.47.0 -> 4.47.0 * [new tag] 4.47.1 -> 4.47.1 * [new tag] 4.47.2 -> 4.47.2 * [new tag] 4.47.3 -> 4.47.3 * [new tag] 4.48.0 -> 4.48.0 * [new tag] 4.48.1 -> 4.48.1 * [new tag] 4.49.0 -> 4.49.0 * [new tag] 4.49.1 -> 4.49.1 * [new tag] 4.5.0 -> 4.5.0 * [new tag] 4.5.1 -> 4.5.1 * [new tag] 4.5.1.1 -> 4.5.1.1 * [new tag] 4.5.2 -> 4.5.2 * [new tag] 4.50.0 -> 4.50.0 * [new tag] 4.50.1 -> 4.50.1 * [new tag] 4.50.2 -> 4.50.2 * [new tag] 4.50.3 -> 4.50.3 * [new tag] 4.51.0 -> 4.51.0 * [new tag] 4.52.0 -> 4.52.0 * [new tag] 4.6.0 -> 4.6.0 * [new tag] 4.6.1 -> 4.6.1,0.4241857384488167,0.5108963735889769,0.00018558233350377516,0.019575947029945556,0.045156358598757156
test_failure,compilation,compilation,False,0.5302747820138275,0.21091555709551135,python/mypy,Tests,Formatting and code style with Black + ruff,Test,runtime.exit_code,ollama,0.81,False,feat_step_is_test=1; feat_primary_is_runtime=1; feat_first_error_before_tests=1; feat_error_in_test_step=1; feat_has_compile_task=1; feat_has_dependency_install=1,irectory Prepare all required actions Getting action download info Download action repository 'actions/checkout@v4' (SHA:<SHA>) Download action repository 'actions/setup-python@v5' (SHA:<SHA>) Download action repository 'PyO3/maturin-action@v1' (SHA:<SHA>) Complete job name: Formatting and code style with Black + ruff with: persist-credentials: false repository: python/mypy token: *** ssh-strict: true ssh-user: git clean: true sparse-checkout-cone-mode: true fetch-depth: 1 fetch-tags: false show-progress: true lfs: false submodules: false set-safe-directory: true env: TOX_SKIP_MISSING_INTERPRE,0.5302747820138275,0.13767731727501584,0.00038597886008031603,0.012302696932760121,0.31935922491831614
configuration,test_failure,test_failure,False,0.39589370280020797,0.017731320715683008,aio-libs/aiohttp,CI,check,Trigger codecov notification,runtime.exit_code,ollama,0.95,False,feat_primary_is_runtime=1; feat_first_error_before_tests=1,ï»¿Current runner version: '2.333.1' Hosted Compute Agent Version: 20260213.493 Commit: <SHA> Build Date: Worker ID: {675a81b3-9dee-4349-a32a-e9c357708271} Azure Region: eastus Ubuntu 24.04.4 LTS Image: ubuntu-24.04 Version: 20260413.86.1 Included Software: <url:github.com> Image Release: <url:github.com> Metadata: read Secret source: Dependabot Prepare workflow directory Prepare all required actions Getting action download info Download action repository 're-actors/alls-green@release/v1' (SHA:<SHA>) Download action repository 'codecov/codecov-action@v6' (SHA:<SHA>) Getting action download inf,0.37816238208452496,0.20035463863182076,0.00018434143318934657,0.025404935050257028,0.39589370280020797
test_failure,test_failure,test_failure,True,0.39589370280020797,0.017731320715683008,encode/starlette,Test Suite,check,Decide whether the needed jobs succeeded or failed,runtime.exit_code,ollama,0.855,False,feat_primary_is_runtime=1; feat_first_error_before_tests=1,ï»¿Current runner version: '2.331.0' Hosted Compute Agent Version: 20260213.493 Commit: <SHA> Build Date: Worker ID: {afb9f887-b246-4b20-b483-1e83c7a6338e} Azure Region: westus Ubuntu 24.04.3 LTS Image: ubuntu-24.04 Version: 20260224.36.1 Included Software: <url:github.com> Image Release: <url:github.com> Actions: read ArtifactMetadata: read Attestations: read Checks: read Contents: read Deployments: read Discussions: read Issues: read Metadata: read Models: read Packages: read Pages: read PullRequests: read RepositoryProjects: read SecurityEvents: read Statuses: read Secret source: None Prepa,0.37816238208452496,0.20035463863182076,0.00018434143318934657,0.025404935050257028,0.39589370280020797
compilation,configuration,configuration,False,0.5251233326920728,0.07572674067418722,tox-dev/tox,check,tox env pkg_meta on ubuntu-24.04,Setup check suite,runtime.exit_code,ollama,0.81,False,feat_kw_config_fail=1; feat_config_no_compile=1; feat_step_is_setup=1; feat_primary_is_runtime=1; feat_config_missing_file=1; feat_first_error_before_tests=1; feat_error_in_setup_step=1; feat_has_compile_task=1; feat_has_dependency_install=1,"o create a new branch to retain commits you create, you may do so (now or later) by using -c with the switch command. Example: git switch -c <new-branch-name> Or undo this operation with: git switch - Turn off this advice by setting config variable advice.detachedHead to false HEAD is now at b02b1dca Merge <SHA> into <SHA> [command]/usr/bin/git log -1 --format=%H <SHA> with: enable-cache: true cache-dependency-glob: pyproject.toml github-token: *** activate-environment: false working-directory: /home/runner/work/tox/tox restore-cache: true save-cache: true prune-cache: true cache-python: false",0.44939659201788557,0.5251233326920728,5.4575410768168766e-05,0.008239305509605093,0.01718619436966833
compilation,compilation,compilation,True,0.4846281774323393,0.09740066559469107,pydantic/pydantic,CI,core / Test with debug build (3.13),Run uv run pytest,runtime.exit_code,ollama,0.81,False,feat_kw_config_fail=1; feat_config_no_compile=1; feat_step_is_test=1; feat_primary_is_runtime=1; feat_config_missing_file=1; feat_first_error_before_tests=1; feat_error_in_test_step=1; feat_has_compile_task=1,**/uv.lock **/*.py.lock restore-cache: true save-cache: true prune-cache: true cache-python: false ignore-nothing-to-cache: false ignore-empty-workdir: false add-problem-matchers: true resolution-strategy: highest env: COLUMNS: 150 UV_FROZEN: true FORCE_COLOR: 1 (node:2338) [DEP0040] DeprecationWarning: The `punycode` module is deprecated. Please use a userland alternative instead. (Use `node --trace-deprecation ...` to show where the warning was created) Trying to find version for uv in: /home/runner/work/pydantic/pydantic/uv.toml Could not find file: /home/runner/work/pydantic/pydantic/uv.to,0.4846281774323393,0.12042803344669088,0.00035451679308411225,0.007361760490237521,0.38722751183764825
test_failure,test_failure,test_failure,True,0.39589370280020797,0.017731320715683008,astral-sh/ruff,CI,all required checks passed,Check required jobs passed,runtime.exit_code,ollama,0.855,False,feat_primary_is_runtime=1; feat_first_error_before_tests=1,"ï»¿Current runner version: '2.333.1' Hosted Compute Agent Version: 20260213.493 Commit: <SHA> Build Date: Worker ID: {1e70bfb6-20ea-4259-8ea0-637279790db1} Azure Region: westus3 - OS: Linux (x64) - Source: Docker - Name: ubuntu:24.04 - Version: 20260413.54.1 Metadata: read Secret source: Actions Prepare workflow directory Prepare all required actions Complete job name: all required checks passed failing=$(echo ""$NEEDS_JSON"" | jq -r 'to_entries[] | select(.value.result != ""success"" and .value.result != ""skipped"") | ""\(.key): \(.value.result)""') if [ -n ""$failing"" ]; then echo ""$failing"" exit 1 ",0.37816238208452496,0.20035463863182076,0.00018434143318934657,0.025404935050257028,0.39589370280020797
configuration,compilation,compilation,False,0.4343184815803638,0.15147101405893748,benoitc/gunicorn,lint,3.12 / tox-(other),Check generated docs,runtime.exit_code,ollama,0.95,False,feat_primary_is_runtime=1; feat_first_error_before_tests=1; feat_has_dependency_install=1,ï»¿Current runner version: '2.332.0' Hosted Compute Agent Version: 20260213.493 Commit: <SHA> Build Date: Worker ID: {3a426155-3779-4806-b226-4613b176a212} Azure Region: westcentralus Ubuntu 24.04.3 LTS Image: ubuntu-24.04 Version: 20260309.50.1 Included Software: <url:github.com> Image Release: <url:github.com> Contents: read Metadata: read Secret source: Actions Prepare workflow directory Prepare all required actions Getting action download info Download action repository 'actions/checkout@v6' (SHA:<SHA>) Download action repository 'actions/setup-python@v6' (SHA:<SHA>) Complete job name: 3.1,0.4343184815803638,0.24071271267159447,0.00023307381832696146,0.0418882644082886,0.2828474675214263
test_failure,test_failure,test_failure,True,0.39589370280020797,0.017731320715683008,aio-libs/aiohttp,CI,check,Decide whether the needed jobs succeeded or failed,runtime.exit_code,ollama,0.855,False,feat_primary_is_runtime=1; feat_first_error_before_tests=1,ï»¿Current runner version: '2.333.1' Hosted Compute Agent Version: 20260213.493 Commit: <SHA> Build Date: Worker ID: {b961d62e-60a6-4a43-8691-04121ce6c1fa} Azure Region: eastus2 Ubuntu 24.04.4 LTS Image: ubuntu-24.04 Version: 20260406.80.1 Included Software: <url:github.com> Image Release: <url:github.com> Metadata: read Secret source: Actions Prepare workflow directory Prepare all required actions Getting action download info Download action repository 're-actors/alls-green@release/v1' (SHA:<SHA>) Download action repository 'codecov/codecov-action@v6' (SHA:<SHA>) Getting action download info ,0.37816238208452496,0.20035463863182076,0.00018434143318934657,0.025404935050257028,0.39589370280020797
test_failure,compilation,compilation,False,0.4343184815803638,0.15147101405893748,benoitc/gunicorn,lint,3.12 / tox-(other),Check generated docs,runtime.exit_code,ollama,0.81,False,feat_primary_is_runtime=1; feat_first_error_before_tests=1; feat_has_dependency_install=1,ï»¿Current runner version: '2.331.0' Hosted Compute Agent Version: 20260123.484 Commit: <SHA> Build Date: Worker ID: {3082cbdf-f99d-4d9e-b663-0685800fe285} Azure Region: westus Ubuntu 24.04.3 LTS Image: ubuntu-24.04 Version: 20260126.10.1 Included Software: <url:github.com> Image Release: <url:github.com> Contents: read Metadata: read Secret source: Actions Prepare workflow directory Prepare all required actions Getting action download info Download action repository 'actions/checkout@v6' (SHA:<SHA>) Download action repository 'actions/setup-python@v6' (SHA:<SHA>) Complete job name: 3.12 / tox,0.4343184815803638,0.24071271267159447,0.00023307381832696146,0.0418882644082886,0.2828474675214263
test_failure,test_failure,test_failure,True,0.39589370280020797,0.017731320715683008,aio-libs/aiohttp,CI,check,Decide whether the needed jobs succeeded or failed,runtime.exit_code,ollama,0.855,False,feat_primary_is_runtime=1; feat_first_error_before_tests=1,ï»¿Current runner version: '2.333.1' Hosted Compute Agent Version: 20260213.493 Commit: <SHA> Build Date: Worker ID: {a683f6c7-981c-47ed-9dce-c82aca29308a} Azure Region: eastus Ubuntu 24.04.4 LTS Image: ubuntu-24.04 Version: 20260406.80.1 Included Software: <url:github.com> Image Release: <url:github.com> Metadata: read Secret source: Dependabot Prepare workflow directory Prepare all required actions Getting action download info Download action repository 're-actors/alls-green@release/v1' (SHA:<SHA>) Download action repository 'codecov/codecov-action@v6' (SHA:<SHA>) Getting action download inf,0.37816238208452496,0.20035463863182076,0.00018434143318934657,0.025404935050257028,0.39589370280020797
configuration,test_failure,test_failure,False,0.39589370280020797,0.017731320715683008,tox-dev/tox,check,tox env docs on ubuntu-24.04,Run check for docs,runtime.exit_code,ollama,0.95,False,feat_primary_is_runtime=1; feat_first_error_before_tests=1,"her instance in /home/runner/work/tox/tox/docs/cli_interface.rst [sphinx-argparse-cli.man/tox.1] /home/runner/work/tox/tox/docs/man/tox.1.rst:50: WARNING: duplicate label tox-exec---verbose, other instance in /home/runner/work/tox/tox/docs/cli_interface.rst [sphinx-argparse-cli.man/tox.1] /home/runner/work/tox/tox/docs/man/tox.1.rst:50: WARNING: duplicate label tox-exec--q, other instance in /home/runner/work/tox/tox/docs/cli_interface.rst [sphinx-argparse-cli.man/tox.1] /home/runner/work/tox/tox/docs/man/tox.1.rst:50: WARNING: duplicate label tox-exec---quiet, other instance in /home/runner/w",0.37816238208452496,0.20035463863182076,0.00018434143318934657,0.025404935050257028,0.39589370280020797
configuration,test_failure,test_failure,False,0.39589370280020797,0.017731320715683008,pypa/setuptools,tests,check,Decide whether the needed jobs succeeded or failed,runtime.exit_code,ollama,0.95,False,feat_primary_is_runtime=1; feat_first_error_before_tests=1,"ï»¿Current runner version: '2.331.0' Hosted Compute Agent Version: 20260123.484 Commit: <SHA> Build Date: Worker ID: {faed50eb-a780-4069-a1ad-d7b9930d797a} Azure Region: centralus Ubuntu 24.04.3 LTS Image: ubuntu-24.04 Version: 20260201.15.1 Included Software: <url:github.com> Image Release: <url:github.com> Contents: read Metadata: read Secret source: Actions Prepare workflow directory Prepare all required actions Getting action download info Download action repository 're-actors/alls-green@release/v1' (SHA:<SHA>) Complete job name: check with: allowed-skips: check-changed-folders, integratio",0.37816238208452496,0.20035463863182076,0.00018434143318934657,0.025404935050257028,0.39589370280020797
compilation,compilation,compilation,True,0.4343184815803638,0.15147101405893748,pypa/pipenv,CI,Package Manager Benchmark,Run benchmark suite,runtime.exit_code,ollama,0.81,False,feat_primary_is_runtime=1; feat_first_error_before_tests=1; feat_has_dependency_install=1,/usr/bin/git submodule foreach --recursive git config --local --show-origin --name-only --get-regexp remote.origin.url [command]/usr/bin/git config --local http.<url:github.com> AUTHORIZATION: basic *** [command]/usr/bin/git -c protocol.version=2 fetch --no-tags --prune --no-recurse-submodules --depth=1 origin +<SHA>:refs/remotes/pull/6560/merge From <url:github.com> * [new ref] <SHA> -> pull/6560/merge [command]/usr/bin/git sparse-checkout disable [command]/usr/bin/git config --local --unset-all extensions.worktreeConfig [command]/usr/bin/git checkout --progress --force refs/remotes/pull/6560,0.4343184815803638,0.24071271267159447,0.00023307381832696146,0.0418882644082886,0.2828474675214263
compilation,test_failure,test_failure,False,0.39589370280020797,0.017731320715683008,pytest-dev/pytest,test,check,Decide whether the needed jobs succeeded or failed,runtime.exit_code,ollama,0.855,False,feat_primary_is_runtime=1; feat_first_error_before_tests=1,"ï»¿Current runner version: '2.332.0' Hosted Compute Agent Version: 20260213.493 Commit: <SHA> Build Date: Worker ID: {4af58095-af70-47af-b413-e00647871d75} Azure Region: eastus Ubuntu 24.04.3 LTS Image: ubuntu-24.04 Version: 20260309.50.1 Included Software: <url:github.com> Image Release: <url:github.com> Metadata: read Secret source: None Prepare workflow directory Prepare all required actions Getting action download info Download action repository 're-actors/alls-green@<SHA>' (SHA:<SHA>) Complete job name: check with: jobs: { ""build"": { ""result"": ""failure"", ""outputs"": {} } } allowed-failures",0.37816238208452496,0.20035463863182076,0.00018434143318934657,0.025404935050257028,0.39589370280020797
compilation,test_failure,test_failure,False,0.39589370280020797,0.017731320715683008,astral-sh/ruff,CI,all required checks passed,Check required jobs passed,runtime.exit_code,ollama,0.855,False,feat_primary_is_runtime=1; feat_first_error_before_tests=1,"ï»¿Current runner version: '2.333.1' Hosted Compute Agent Version: 20260213.493 Commit: <SHA> Build Date: Worker ID: {279f5ea3-cb7d-42fe-949a-57345afe3d6b} Azure Region: northcentralus - OS: Linux (x64) - Source: Docker - Name: ubuntu:24.04 - Version: 20260323.53.1 Metadata: read Secret source: Actions Prepare workflow directory Prepare all required actions Complete job name: all required checks passed failing=$(echo ""$NEEDS_JSON"" | jq -r 'to_entries[] | select(.value.result != ""success"" and .value.result != ""skipped"") | ""\(.key): \(.value.result)""') if [ -n ""$failing"" ]; then echo ""$failing"" ",0.37816238208452496,0.20035463863182076,0.00018434143318934657,0.025404935050257028,0.39589370280020797
test_failure,test_failure,test_failure,True,0.39589370280020797,0.017731320715683008,aio-libs/aiohttp,CI,check,Decide whether the needed jobs succeeded or failed,runtime.exit_code,ollama,0.855,False,feat_primary_is_runtime=1; feat_first_error_before_tests=1,ï»¿Current runner version: '2.333.1' Hosted Compute Agent Version: 20260213.493 Commit: <SHA> Build Date: Worker ID: {587669b0-79c6-4f9c-9bba-776fc29c2197} Azure Region: northcentralus Ubuntu 24.04.4 LTS Image: ubuntu-24.04 Version: 20260329.72.1 Included Software: <url:github.com> Image Release: <url:github.com> Metadata: read Secret source: Actions Prepare workflow directory Prepare all required actions Getting action download info Download action repository 're-actors/alls-green@release/v1' (SHA:<SHA>) Download action repository 'codecov/codecov-action@v6' (SHA:<SHA>) Getting action downloa,0.37816238208452496,0.20035463863182076,0.00018434143318934657,0.025404935050257028,0.39589370280020797
compilation,test_failure,test_failure,False,0.39589370280020797,0.017731320715683008,pytest-dev/pytest,test,check,Decide whether the needed jobs succeeded or failed,runtime.exit_code,ollama,0.855,False,feat_primary_is_runtime=1; feat_first_error_before_tests=1,"ï»¿Current runner version: '2.331.0' Hosted Compute Agent Version: 20260123.484 Commit: <SHA> Build Date: Worker ID: {356af953-88d9-4d73-b991-8f2d49ebd0e5} Azure Region: westcentralus Ubuntu 24.04.3 LTS Image: ubuntu-24.04 Version: 20260209.23.1 Included Software: <url:github.com> Image Release: <url:github.com> Metadata: read Secret source: None Prepare workflow directory Prepare all required actions Getting action download info Download action repository 're-actors/alls-green@<SHA>' (SHA:<SHA>) Complete job name: check with: jobs: { ""build"": { ""result"": ""failure"", ""outputs"": {} } } allowed-f",0.37816238208452496,0.20035463863182076,0.00018434143318934657,0.025404935050257028,0.39589370280020797
test_failure,test_failure,test_failure,True,0.39589370280020797,0.017731320715683008,aio-libs/aiobotocore,CI/CD,check,Decide whether the needed jobs succeeded or failed,runtime.exit_code,ollama,0.855,False,feat_primary_is_runtime=1; feat_first_error_before_tests=1,"ï»¿Current runner version: '2.333.1' Hosted Compute Agent Version: 20260213.493 Commit: <SHA> Build Date: Worker ID: {2de86a12-d270-4d9f-b2ef-6b4c5023dc63} Azure Region: westus Ubuntu 24.04.4 LTS Image: ubuntu-24.04 Version: 20260413.86.1 Included Software: <url:github.com> Image Release: <url:github.com> Metadata: read Secret source: Actions Prepare workflow directory Prepare all required actions Getting action download info Download action repository 're-actors/alls-green@<SHA>' (SHA:<SHA>) Complete job name: check with: jobs: { ""build"": { ""result"": ""success"", ""outputs"": {} }, ""test"": { ""res",0.37816238208452496,0.20035463863182076,0.00018434143318934657,0.025404935050257028,0.39589370280020797
configuration,test_failure,test_failure,False,0.39589370280020797,0.017731320715683008,aio-libs/aiobotocore,CI/CD,test / Test Python 3.9 on ubuntu-24.04-arm,Run pre-commit hooks,runtime.exit_code,ollama,0.95,False,feat_primary_is_runtime=1; feat_first_error_before_tests=1,ï»¿Current runner version: '2.333.1' Hosted Compute Agent Version: 20260213.493 Commit: <SHA> Build Date: Worker ID: {560d2eee-6d02-4e63-a312-1bd2b08ea3c2} Azure Region: centralus - OS: Linux (arm64) - Source: Partner - Name: Ubuntu 24.04 by Arm Limited - Version: 20260318.59.1 - Included Software: <url:github.com> Metadata: read Secret source: Actions Prepare workflow directory Prepare all required actions Getting action download info Download action repository 'actions/checkout@<SHA>' (SHA:<SHA>) Download action repository 'astral-sh/setup-uv@<SHA>' (SHA:<SHA>) Download action repository 'co,0.37816238208452496,0.20035463863182076,0.00018434143318934657,0.025404935050257028,0.39589370280020797
compilation,test_failure,test_failure,False,0.39589370280020797,0.017731320715683008,astral-sh/ruff,CI,all required checks passed,Check required jobs passed,runtime.exit_code,ollama,0.855,False,feat_primary_is_runtime=1; feat_first_error_before_tests=1,"ï»¿Current runner version: '2.333.1' Hosted Compute Agent Version: 20260213.493 Commit: <SHA> Build Date: Worker ID: {87890f7b-148a-4342-ab56-568cc5e343d0} Azure Region: eastus - OS: Linux (x64) - Source: Docker - Name: ubuntu:24.04 - Version: 20260413.54.1 Metadata: read Secret source: None Prepare workflow directory Prepare all required actions Complete job name: all required checks passed failing=$(echo ""$NEEDS_JSON"" | jq -r 'to_entries[] | select(.value.result != ""success"" and .value.result != ""skipped"") | ""\(.key): \(.value.result)""') if [ -n ""$failing"" ]; then echo ""$failing"" exit 1 fi s",0.37816238208452496,0.20035463863182076,0.00018434143318934657,0.025404935050257028,0.39589370280020797
configuration,configuration,configuration,True,0.3817574628884621,0.04868424095789775,django/django,PR Quality Checks,Run Quality Checks on a PR,Run PR quality checks,runtime.exit_code,ollama,0.95,False,feat_tests_ran=1; feat_tests_failed=1; feat_num_tests_failed=1.82e+04; feat_num_tests_run=1.82e+04; feat_fail_ratio=1; feat_primary_is_runtime=1; feat_first_error_before_tests=1,ï»¿Current runner version: '2.333.1' Hosted Compute Agent Version: 20260213.493 Commit: <SHA> Build Date: Worker ID: {1943b302-ab8d-48bf-9eb6-8361787e9725} Azure Region: northcentralus Ubuntu 24.04.4 LTS Image: ubuntu-24.04 Version: 20260413.86.1 Included Software: <url:github.com> Image Release: <url:github.com> Contents: read Metadata: read PullRequests: write Secret source: Actions Prepare workflow directory Prepare all required actions Getting action download info Download action repository 'actions/checkout@v6' (SHA:<SHA>) Download action repository 'actions/setup-python@v6' (SHA:<SHA>) C,0.3330732219305643,0.3817574628884621,0.00027599399313732497,0.09114825975096168,0.19374506143687462
compilation,compilation,compilation,True,0.4343184815803638,0.15147101405893748,pypa/pipenv,CI,Package Manager Benchmark,Run benchmark suite,runtime.exit_code,ollama,0.81,False,feat_primary_is_runtime=1; feat_first_error_before_tests=1; feat_has_dependency_install=1,"tents of '/home/runner/work/pipenv/pipenv' [command]/usr/bin/git init /home/runner/work/pipenv/pipenv hint: Using 'master' as the name for the initial branch. This default branch name hint: will change to ""main"" in Git 3.0. To configure the initial branch name hint: to use in all of your new repositories, which will suppress this warning, hint: call: hint: hint: git config --global init.defaultBranch <name> hint: hint: Names commonly chosen instead of 'master' are 'main', 'trunk' and hint: 'development'. The just-created branch can be renamed via this command: hint: hint: git branch -m <name> ",0.4343184815803638,0.24071271267159447,0.00023307381832696146,0.0418882644082886,0.2828474675214263
compilation,test_failure,test_failure,False,0.5475031527331026,0.15174865613748456,fabric8io/kubernetes-client,Build,Java 17 Maven,Build Project,runtime.exit_code,ollama,0.855,False,feat_tests_ran=1; feat_num_tests_run=46; feat_build_duration=0.607; feat_fw_junit=1; feat_fw_gradle=1; feat_is_java=1; feat_step_is_compile=1; feat_primary_is_runtime=1; feat_first_error_after_tests_started=1; feat_error_in_compile_step=1; feat_error_in_test_step=1; feat_has_compile_task=1,r] [INFO] Kube API Test - Client Injecting Support [jar] [INFO] Fabric8 :: Openshift :: Java Client API [jar] [INFO] Fabric8 :: Openshift :: Java Client [jar] [INFO] Fabric8 :: Kubernetes :: Extensions [pom] [INFO] Fabric8 :: Knative :: Extension [pom] [INFO] Fabric8 :: Knative :: Model [bundle] [INFO] Fabric8 :: Knative :: Client [bundle] [INFO] Fabric8 :: Knative :: Examples [jar] [INFO] Fabric8 :: Knative :: Tests [jar] [INFO] Fabric8 :: Tekton :: Extension [pom] [INFO] Fabric8 :: Tekton :: Model [bundle] [INFO] Fabric8 :: Tekton :: Client [bundle] [INFO] Fabric8 :: Tekton :: Examples [jar],0.395754496595618,0.03680700883674571,0.00047698506741607216,0.019458356767117716,0.5475031527331026
configuration,test_failure,test_failure,False,0.39589370280020797,0.017731320715683008,pre-commit/pre-commit,main,main-windows / collector,check for failures,runtime.exit_code,ollama,0.95,False,feat_primary_is_runtime=1; feat_first_error_before_tests=1,ï»¿Current runner version: '2.334.0' Hosted Compute Agent Version: 20260213.493 Commit: <SHA> Build Date: Worker ID: {69a3d2c6-e56d-47b7-9f1c-f1346fe0f4d3} Azure Region: northcentralus Ubuntu 24.04.4 LTS Image: ubuntu-24.04 Version: 20260413.86.1 Included Software: <url:github.com> Image Release: <url:github.com> Actions: read ArtifactMetadata: read Attestations: read Checks: read Contents: read Deployments: read Discussions: read Issues: read Metadata: read Models: read Packages: read Pages: read PullRequests: read RepositoryProjects: read SecurityEvents: read Statuses: read VulnerabilityAler,0.37816238208452496,0.20035463863182076,0.00018434143318934657,0.025404935050257028,0.39589370280020797
compilation,compilation,compilation,True,0.527673877726214,0.21984706578223218,psf/requests,Tests,"build (pypy-3.10, windows-latest)",Install dependencies,runtime.exit_code,ollama,0.855,False,feat_fw_pytest=1; feat_step_is_setup=1; feat_primary_is_runtime=1; feat_first_error_after_tests_started=1; feat_error_in_setup_step=1; feat_error_in_test_step=1; feat_has_dependency_install=1,ï»¿Current runner version: '2.331.0' Hosted Compute Agent Version: 20260123.484 Commit: <SHA> Build Date: Worker ID: {e02ca37b-7ab4-4f52-9312-04e2e669676b} Azure Region: westus Microsoft Windows Server 2025 10.0.26100 Datacenter Image: windows-2025 Version: 20260127.11.2 Included Software: <url:github.com> Image Release: <url:github.com> Contents: read Metadata: read Secret source: Actions Prepare workflow directory Prepare all required actions Getting action download info Download action repository 'actions/checkout@<SHA>' (SHA:<SHA>) Download action repository 'actions/setup-python@<SHA>' (S,0.527673877726214,0.3078268119439818,0.0020813582330094743,0.05618675511262294,0.10623119698417183
configuration,test_failure,test_failure,False,0.39589370280020797,0.017731320715683008,psf/black,changelog,check,Grep CHANGES.md for PR number,runtime.exit_code,ollama,0.95,False,feat_primary_is_runtime=1; feat_first_error_before_tests=1,ï»¿Current runner version: '2.331.0' Hosted Compute Agent Version: 20260123.484 Commit: <SHA> Build Date: Worker ID: {24c6845f-c545-4008-a4e9-742a570791b6} Azure Region: eastus2 Ubuntu 24.04.3 LTS Image: ubuntu-24.04 Version: 20260201.15.1 Included Software: <url:github.com> Image Release: <url:github.com> Contents: read Metadata: read Secret source: None Prepare workflow directory Prepare all required actions Getting action download info Download action repository 'actions/checkout@<SHA>' (SHA:<SHA>) Complete job name: check with: persist-credentials: false repository: psf/black token: *** ss,0.37816238208452496,0.20035463863182076,0.00018434143318934657,0.025404935050257028,0.39589370280020797
compilation,compilation,compilation,True,0.5406562945467404,0.3056193926639361,celery/celery,Docker,docker-build,Build Docker container,runtime.exit_code,ollama,0.855,False,feat_tests_ran=1; feat_tests_failed=1; feat_num_tests_failed=2; feat_num_tests_run=2; feat_fail_ratio=1; feat_step_is_compile=1; feat_step_is_docker=1; feat_primary_is_runtime=1; feat_first_error_before_tests=1; feat_error_in_compile_step=1; feat_has_dependency_install=1,"/home/developer/celery && pyenv exec python3.12 -m pip install --no-deps -e /home/developer/celery && pyenv exec python3.11 -m pip install --no-deps -e /home/developer/celery && pyenv exec python3.10 -m pip install --no-deps -e /home/developer/celery && pyenv exec python3.9 -m pip install --no-deps -e /home/developer/celery && pyenv exec pypy3.11 -m pip install --no-deps -e /home/developer/celery #35 ... #39 [docs 10/10] WORKDIR /docs #39 DONE 0.7s #35 [celery stage-0 22/24] RUN --mount=type=cache,target=/home/developer/.cache/pip pyenv exec python3.13 -m pip install --no-deps -e /home/develop",0.5406562945467404,0.2350369018828042,0.0001765775671763107,0.12317430331269938,0.1009559226905799
test_failure,compilation,compilation,False,0.4343184815803638,0.15147101405893748,benoitc/gunicorn,lint,3.12 / tox-(other),Check generated docs,runtime.exit_code,ollama,0.81,False,feat_primary_is_runtime=1; feat_first_error_before_tests=1; feat_has_dependency_install=1,ï»¿Current runner version: '2.331.0' Hosted Compute Agent Version: 20260115.477 Commit: <SHA> Build Date: Worker ID: {f18b105a-1676-4524-9874-bd131c650f88} Azure Region: westus Ubuntu 24.04.3 LTS Image: ubuntu-24.04 Version: 20260119.4.1 Included Software: <url:github.com> Image Release: <url:github.com> Contents: read Metadata: read Secret source: Actions Prepare workflow directory Prepare all required actions Getting action download info Download action repository 'actions/checkout@v6' (SHA:<SHA>) Download action repository 'actions/setup-python@v6' (SHA:<SHA>) Complete job name: 3.12 / tox-,0.4343184815803638,0.24071271267159447,0.00023307381832696146,0.0418882644082886,0.2828474675214263
configuration,test_failure,test_failure,False,0.39589370280020797,0.017731320715683008,pypa/setuptools,tests,check,Decide whether the needed jobs succeeded or failed,runtime.exit_code,ollama,0.95,False,feat_primary_is_runtime=1; feat_first_error_before_tests=1,"ï»¿Current runner version: '2.331.0' Hosted Compute Agent Version: 20260115.477 Commit: <SHA> Build Date: Worker ID: {862a3234-dba6-4bfb-9817-732459036c51} Azure Region: westus Ubuntu 24.04.3 LTS Image: ubuntu-24.04 Version: 20260119.4.1 Included Software: <url:github.com> Image Release: <url:github.com> Contents: read Metadata: read Secret source: None Prepare workflow directory Prepare all required actions Getting action download info Download action repository 're-actors/alls-green@release/v1' (SHA:<SHA>) Complete job name: check with: allowed-skips: check-changed-folders, integration-test ",0.37816238208452496,0.20035463863182076,0.00018434143318934657,0.025404935050257028,0.39589370280020797
compilation,test_failure,test_failure,False,0.4118530103650595,0.035924247011553,pydantic/pydantic,Pydantic Family Integration Tests,Test pydantic settings (3.9),Run tests,runtime.exit_code,ollama,0.855,False,feat_kw_config_fail=1; feat_config_no_compile=1; feat_primary_is_runtime=1; feat_config_missing_file=1; feat_first_error_before_tests=1,ï»¿Current runner version: '2.332.0' Hosted Compute Agent Version: 20260213.493 Commit: <SHA> Build Date: Worker ID: {a7acd080-3552-4087-bfb8-2c2119dcb049} Azure Region: northcentralus Ubuntu 24.04.3 LTS Image: ubuntu-24.04 Version: 20260309.50.1 Included Software: <url:github.com> Image Release: <url:github.com> Actions: write ArtifactMetadata: write Attestations: write Checks: write Contents: write Deployments: write Discussions: write Issues: write Metadata: read Models: read Packages: write Pages: write PullRequests: write RepositoryProjects: write SecurityEvents: write Statuses: write Sec,0.3759287633535065,0.1914795309505436,0.00019468160239226797,0.0205440137284981,0.4118530103650595
compilation,test_failure,test_failure,False,0.5459862681219324,0.12191568501319577,pydantic/pydantic,CI,Test memray,Run tests,compile.syntax,rule,0.96,False,feat_fw_pytest=1; feat_kw_compile_fail=1; feat_kw_config_fail=1; feat_compile_no_tests=1; feat_compile_with_config=1; feat_primary_is_compile=1; feat_compile_python_syntax=1; feat_config_missing_file=1; feat_first_error_after_tests_started=1; feat_error_in_test_step=1; feat_compile_over_config_guard=1,er: git clean: true sparse-checkout-cone-mode: true fetch-depth: 1 fetch-tags: false show-progress: true lfs: false submodules: false set-safe-directory: true env: COLUMNS: 150 UV_FROZEN: true FORCE_COLOR: 1 Syncing repository: pydantic/pydantic Working directory is '/home/runner/work/pydantic/pydantic' [command]/usr/bin/git version git version 2.53.0 Temporarily overriding HOME='/home/runner/work/_temp/cf9964bf-e4f3-4305-a14d-84b2cec3ff31' before making global git config changes Adding repository directory to the temporary git global config as a safe directory [command]/usr/bin/git config --g,0.42407058310873663,0.020304336857951168,0.0018813695612992607,0.007757442350080643,0.5459862681219324
compilation,configuration,configuration,False,0.4954503569108801,0.20162702464659205,tox-dev/tox,check,test 3.13 on macos-15,Run test suite,runtime.exit_code,ollama,0.81,False,feat_fw_junit=1; feat_fw_pytest=1; feat_kw_config_fail=1; feat_config_no_compile=1; feat_step_is_test=1; feat_primary_is_runtime=1; feat_config_missing_file=1; feat_first_error_after_tests_started=1; feat_error_in_test_step=1; feat_has_compile_task=1,it config --local --name-only --get-regexp ^includeIf\.gitdir: includeif.gitdir:/Users/runner/work/tox/tox/.git.path includeif.gitdir:/Users/runner/work/tox/tox/.git/worktrees/*.path includeif.gitdir:/github/workspace/.git.path includeif.gitdir:/github/workspace/.git/worktrees/*.path [command]/opt/homebrew/bin/git config --local --get-all includeif.gitdir:/Users/runner/work/tox/tox/.git.path /Users/runner/work/_temp/git-credentials-33ea53cb-08bc-4f39-a8c0-0cd11abb5777.config [command]/opt/homebrew/bin/git config --local --unset includeif.gitdir:/Users/runner/work/tox/tox/.git.path /Users/runne,0.29382333226428803,0.4954503569108801,0.0036550115030878436,0.012088449147399765,0.19498285017434436
compilation,compilation,compilation,True,0.4343184815803638,0.15147101405893748,pypa/pipenv,CI,Package Manager Benchmark,Run benchmark suite,runtime.exit_code,ollama,0.81,False,feat_primary_is_runtime=1; feat_first_error_before_tests=1; feat_has_dependency_install=1,"tents of '/home/runner/work/pipenv/pipenv' [command]/usr/bin/git init /home/runner/work/pipenv/pipenv hint: Using 'master' as the name for the initial branch. This default branch name hint: will change to ""main"" in Git 3.0. To configure the initial branch name hint: to use in all of your new repositories, which will suppress this warning, hint: call: hint: hint: git config --global init.defaultBranch <name> hint: hint: Names commonly chosen instead of 'master' are 'main', 'trunk' and hint: 'development'. The just-created branch can be renamed via this command: hint: hint: git branch -m <name> ",0.4343184815803638,0.24071271267159447,0.00023307381832696146,0.0418882644082886,0.2828474675214263
test_failure,test_failure,test_failure,True,0.39589370280020797,0.017731320715683008,pypa/pip,CI,check,Decide whether the needed jobs succeeded or failed,runtime.exit_code,ollama,0.855,False,feat_primary_is_runtime=1; feat_first_error_before_tests=1,"ï»¿Current runner version: '2.333.1' Hosted Compute Agent Version: 20260213.493 Commit: <SHA> Build Date: Worker ID: {646060f6-7d10-41d8-b3e1-4a590b003ab8} Azure Region: westcentralus Ubuntu 24.04.4 LTS Image: ubuntu-24.04 Version: 20260406.80.1 Included Software: <url:github.com> Image Release: <url:github.com> Contents: read Metadata: read Secret source: None Prepare workflow directory Prepare all required actions Getting action download info Download action repository 're-actors/alls-green@<SHA>' (SHA:<SHA>) Complete job name: check with: allowed-skips: vendoring , jobs: { ""determine-change",0.37816238208452496,0.20035463863182076,0.00018434143318934657,0.025404935050257028,0.39589370280020797
compilation,configuration,configuration,False,0.5108963735889769,0.0867106351401602,tox-dev/tox,check,tox env docs on ubuntu-24.04,Install tox@self,runtime.exit_code,ollama,0.81,False,feat_kw_config_fail=1; feat_config_no_compile=1; feat_step_is_setup=1; feat_primary_is_runtime=1; feat_config_missing_file=1; feat_first_error_before_tests=1; feat_error_in_setup_step=1,* [new tag] 3.27.1 -> 3.27.1 * [new tag] 3.28.0 -> 3.28.0 * [new tag] 3.3.0 -> 3.3.0 * [new tag] 3.4.0 -> 3.4.0 * [new tag] 3.5.0 -> 3.5.0 * [new tag] 3.5.1 -> 3.5.1 * [new tag] 3.5.2 -> 3.5.2 * [new tag] 3.5.3 -> 3.5.3 * [new tag] 3.6.0 -> 3.6.0 * [new tag] 3.6.1 -> 3.6.1 * [new tag] 3.7.0 -> 3.7.0 * [new tag] 3.8.0 -> 3.8.0 * [new tag] 3.8.1 -> 3.8.1 * [new tag] 3.8.2 -> 3.8.2 * [new tag] 3.8.3 -> 3.8.3 * [new tag] 3.8.4 -> 3.8.4 * [new tag] 3.8.5 -> 3.8.5 * [new tag] 3.8.6 -> 3.8.6 * [new tag] 3.9.0 -> 3.9.0 * [new tag] 4.0.0 -> 4.0.0 * [new tag] 4.0.0a1 -> 4.0.0a1 * [new tag] 4.0.0a10 -> 4,0.4241857384488167,0.5108963735889769,0.00018558233350377516,0.019575947029945556,0.045156358598757156
compilation,compilation,compilation,True,0.4343184815803638,0.15147101405893748,pypa/pipenv,CI,Package Manager Benchmark,Run benchmark suite,runtime.exit_code,ollama,0.855,False,feat_primary_is_runtime=1; feat_first_error_before_tests=1; feat_has_dependency_install=1,"libgnutls30t64 1 upgraded, 22 newly installed, 0 to remove and 95 not upgraded. Need to get 7951 kB of archives. After this operation, 28.5 MB of additional disk space will be used. Get:1 file:/etc/apt/apt-mirrors.txt Mirrorlist [144 B] Get:2 <url:azure.archive.ubuntu.com> noble-updates/main amd64 libgnutls30t64 amd64 3.8.3-1.1ubuntu3.5 [1001 kB] Get:3 <url:azure.archive.ubuntu.com> noble/main amd64 libevent-2.1-7t64 amd64 2.1.12-stable-9ubuntu2 [145 kB] Get:4 <url:azure.archive.ubuntu.com> noble-updates/main amd64 libgpg-error-dev amd64 1.47-3build2.1 [128 kB] Get:5 <url:azure.archive.ubuntu.",0.4343184815803638,0.24071271267159447,0.00023307381832696146,0.0418882644082886,0.2828474675214263
configuration,configuration,configuration,True,0.5108963735889769,0.0867106351401602,tox-dev/tox,check,test 3.10 on macos-15,Install tox@self,runtime.exit_code,ollama,0.9,False,feat_kw_config_fail=1; feat_config_no_compile=1; feat_step_is_setup=1; feat_primary_is_runtime=1; feat_config_missing_file=1; feat_first_error_before_tests=1; feat_error_in_setup_step=1,* [new tag] 3.24.0 -> 3.24.0 * [new tag] 3.24.1 -> 3.24.1 * [new tag] 3.24.2 -> 3.24.2 * [new tag] 3.24.3 -> 3.24.3 * [new tag] 3.24.4 -> 3.24.4 * [new tag] 3.24.5 -> 3.24.5 * [new tag] 3.25.0 -> 3.25.0 * [new tag] 3.25.1 -> 3.25.1 * [new tag] 3.26.0 -> 3.26.0 * [new tag] 3.27.0 -> 3.27.0 * [new tag] 3.27.1 -> 3.27.1 * [new tag] 3.28.0 -> 3.28.0 * [new tag] 3.3.0 -> 3.3.0 * [new tag] 3.4.0 -> 3.4.0 * [new tag] 3.5.0 -> 3.5.0 * [new tag] 3.5.1 -> 3.5.1 * [new tag] 3.5.2 -> 3.5.2 * [new tag] 3.5.3 -> 3.5.3 * [new tag] 3.6.0 -> 3.6.0 * [new tag] 3.6.1 -> 3.6.1 * [new tag] 3.7.0 -> 3.7.0 * [new ta,0.4241857384488167,0.5108963735889769,0.00018558233350377516,0.019575947029945556,0.045156358598757156
infrastructure,infrastructure,infrastructure,True,0.3579859745485043,0.016831616144777795,apache/airflow,Tests,CI image checks / Static checks,Static checks,unknown.other,ollama,0.8,False,feat_first_error_before_tests=1; feat_has_dependency_install=1,UPGRADE_TO_NEWER_DEPENDENCIES: false GITHUB_TOKEN: *** Unable to find image 'bash:latest' locally latest: Pulling from library/bash 6a0ac1617861: Pulling fs layer 91eccb35d8cc: Pulling fs layer 2eddc95288cd: Pulling fs layer 2eddc95288cd: Verifying Checksum 2eddc95288cd: Download complete 6a0ac1617861: Verifying Checksum 6a0ac1617861: Download complete 91eccb35d8cc: Verifying Checksum 91eccb35d8cc: Download complete 6a0ac1617861: Pull complete 91eccb35d8cc: Pull complete 2eddc95288cd: Pull complete Digest: sha256:<HASH> Status: Downloaded newer image for bash:latest with: persist-credentials: ,0.16712037911370842,0.13262748954432,0.001111798389740665,0.3579859745485043,0.3411543584037265
compilation,test_failure,test_failure,False,0.39589370280020797,0.017731320715683008,pydantic/pydantic,CI,check,Decide whether the needed jobs succeeded or failed,runtime.exit_code,ollama,0.855,False,feat_primary_is_runtime=1; feat_first_error_before_tests=1,ï»¿Current runner version: '2.333.0' Hosted Compute Agent Version: 20260213.493 Commit: <SHA> Build Date: Worker ID: {3d75e529-07cf-47c1-bbcc-ec2813ddc84c} Azure Region: westus Ubuntu 24.04.4 LTS Image: ubuntu-24.04 Version: 20260323.65.1 Included Software: <url:github.com> Image Release: <url:github.com> Actions: read ArtifactMetadata: read Attestations: read Checks: read Contents: read Deployments: read Discussions: read Issues: read Metadata: read Models: read Packages: read Pages: read PullRequests: read RepositoryProjects: read SecurityEvents: read Statuses: read Secret source: None Prepa,0.37816238208452496,0.20035463863182076,0.00018434143318934657,0.025404935050257028,0.39589370280020797
test_failure,test_failure,test_failure,True,0.39589370280020797,0.017731320715683008,aio-libs/aiohttp,CI,check,Decide whether the needed jobs succeeded or failed,runtime.exit_code,ollama,0.855,False,feat_primary_is_runtime=1; feat_first_error_before_tests=1,ï»¿Current runner version: '2.333.0' Hosted Compute Agent Version: 20260213.493 Commit: <SHA> Build Date: Worker ID: {9e054191-ad7c-4217-8b6e-8072f49f19bc} Azure Region: northcentralus Ubuntu 24.04.4 LTS Image: ubuntu-24.04 Version: 20260323.65.1 Included Software: <url:github.com> Image Release: <url:github.com> Metadata: read Secret source: Actions Prepare workflow directory Prepare all required actions Getting action download info Download action repository 're-actors/alls-green@release/v1' (SHA:<SHA>) Download action repository 'codecov/codecov-action@v6' (SHA:<SHA>) Getting action downloa,0.37816238208452496,0.20035463863182076,0.00018434143318934657,0.025404935050257028,0.39589370280020797
configuration,test_failure,test_failure,False,0.39589370280020797,0.017731320715683008,mlflow/mlflow,JS,check-component-ids,Check componentId registry,runtime.exit_code,ollama,0.9,False,feat_primary_is_runtime=1; feat_first_error_before_tests=1,ï»¿Current runner version: '2.333.1' Hosted Compute Agent Version: 20260213.493 Commit: <SHA> Build Date: Worker ID: {c0d895ef-e023-41ea-9988-cdb41bddf41b} Azure Region: northcentralus - OS: Linux (x64) - Source: Docker - Name: ubuntu:24.04 - Version: 20260413.54.1 Contents: read Metadata: read Secret source: None Prepare workflow directory Prepare all required actions Getting action download info Download action repository 'actions/checkout@<SHA>' (SHA:<SHA>) Complete job name: check-component-ids with: persist-credentials: false repository: mlflow/mlflow token: *** ssh-strict: true ssh-user:,0.37816238208452496,0.20035463863182076,0.00018434143318934657,0.025404935050257028,0.39589370280020797
compilation,compilation,compilation,True,0.5260077423965216,0.3106256853605476,elastic/elasticsearch,docs-build,docs-preview / build,Build documentation,unknown.other,ollama,0.8,False,feat_is_java=1; feat_step_is_compile=1; feat_first_error_before_tests=1; feat_error_in_compile_step=1,ï»¿Current runner version: '2.331.0' Hosted Compute Agent Version: 20260123.484 Commit: <SHA> Build Date: Worker ID: {d9906237-1060-4f03-9fa0-92c97d6d5c60} Azure Region: westus3 Ubuntu 24.04.3 LTS Image: ubuntu-24.04 Version: 20260201.15.1 Included Software: <url:github.com> Image Release: <url:github.com> Contents: read Deployments: write Metadata: read Secret source: Actions Prepare workflow directory Prepare all required actions Getting action download info Download action repository 'actions/checkout@v6' (SHA:<SHA>) Download action repository 'actions/github-script@v8' (SHA:<SHA>) Download,0.5260077423965216,0.154710610790887,0.0009324379502660736,0.215382057035974,0.1029671518263514
configuration,configuration,configuration,True,0.4954503569108801,0.20162702464659205,tox-dev/tox,check,test 3.12 on ubuntu-24.04,Run test suite,runtime.exit_code,ollama,0.9,False,feat_fw_junit=1; feat_fw_pytest=1; feat_kw_config_fail=1; feat_config_no_compile=1; feat_step_is_test=1; feat_primary_is_runtime=1; feat_config_missing_file=1; feat_first_error_after_tests_started=1; feat_error_in_test_step=1; feat_has_compile_task=1,"nd' && git config --local --unset-all 'core.sshCommand' || :"" Removing HTTP extra header [command]/usr/bin/git config --local --name-only --get-regexp http\.https\:\/\/github\.com\/\.extraheader [command]/usr/bin/git submodule foreach --recursive sh -c ""git config --local --name-only --get-regexp 'http\.https\:\/\/github\.com\/\.extraheader' && git config --local --unset-all 'http.<url:github.com> || :"" Removing includeIf entries pointing to credentials config files [command]/usr/bin/git config --local --name-only --get-regexp ^includeIf\.gitdir: includeif.gitdir:/home/runner/work/tox/tox/.git",0.29382333226428803,0.4954503569108801,0.0036550115030878436,0.012088449147399765,0.19498285017434436
test_failure,test_failure,test_failure,True,0.39589370280020797,0.017731320715683008,tiangolo/fastapi,Test Redistribute,test-redistribute-alls-green,Decide whether the needed jobs succeeded or failed,runtime.exit_code,ollama,0.855,False,feat_primary_is_runtime=1; feat_first_error_before_tests=1,"ï»¿Current runner version: '2.333.1' Hosted Compute Agent Version: 20260213.493 Commit: <SHA> Build Date: Worker ID: {27c77a78-7fe0-4cd3-9523-c2a6117232ad} Azure Region: westus Ubuntu 24.04.4 LTS Image: ubuntu-24.04 Version: 20260406.80.1 Included Software: <url:github.com> Image Release: <url:github.com> Contents: read Metadata: read Packages: read Secret source: None Prepare workflow directory Prepare all required actions Getting action download info Download action repository 're-actors/alls-green@release/v1' (SHA:<SHA>) Complete job name: test-redistribute-alls-green with: jobs: { ""test-re",0.37816238208452496,0.20035463863182076,0.00018434143318934657,0.025404935050257028,0.39589370280020797
test_failure,test_failure,test_failure,True,0.39589370280020797,0.017731320715683008,pydantic/pydantic,CI,check,Decide whether the needed jobs succeeded or failed,runtime.exit_code,ollama,0.855,False,feat_primary_is_runtime=1; feat_first_error_before_tests=1,"ï»¿Current runner version: '2.334.0' Hosted Compute Agent Version: 20260213.493 Commit: <SHA> Build Date: Worker ID: {2a884b0d-4207-4e3a-8982-3a2cb6434c9e} Azure Region: centralus Ubuntu 24.04.4 LTS Image: ubuntu-24.04 Version: 20260413.86.1 Included Software: <url:github.com> Image Release: <url:github.com> Contents: read Metadata: read Secret source: None Prepare workflow directory Prepare all required actions Getting action download info Download action repository 're-actors/alls-green@<SHA>' (SHA:<SHA>) Complete job name: check with: jobs: { ""lint"": { ""result"": ""failure"", ""outputs"": {} }, ",0.37816238208452496,0.20035463863182076,0.00018434143318934657,0.025404935050257028,0.39589370280020797
compilation,test_failure,test_failure,False,0.39589370280020797,0.017731320715683008,python-poetry/poetry,Tests,Status,Run false,runtime.exit_code,ollama,0.855,False,feat_primary_is_runtime=1; feat_first_error_before_tests=1,ï»¿Current runner version: '2.331.0' Hosted Compute Agent Version: 20260123.484 Commit: <SHA> Build Date: Worker ID: {4f18b2e5-d583-4ed9-9cd8-ba273c4c517b} Azure Region: centralus Ubuntu 24.04.3 LTS Image: ubuntu-24.04 Version: 20260201.15.1 Included Software: <url:github.com> Image Release: <url:github.com> Metadata: read Secret source: None Prepare workflow directory Prepare all required actions Complete job name: Status false shell: /usr/bin/bash --noprofile --norc -e -o pipefail {0} ##[error]Process completed with exit code 1. Cleaning up orphan processes,0.37816238208452496,0.20035463863182076,0.00018434143318934657,0.025404935050257028,0.39589370280020797
compilation,test_failure,test_failure,False,0.5459862681219324,0.12191568501319577,pallets/click,Tests,3.14,Run uv run --locked --no-default-groups --group dev tox run,compile.syntax,ollama,0.95,False,feat_fw_pytest=1; feat_kw_compile_fail=1; feat_kw_config_fail=1; feat_compile_no_tests=1; feat_compile_with_config=1; feat_primary_is_compile=1; feat_compile_python_syntax=1; feat_config_missing_file=1; feat_first_error_after_tests_started=1; feat_error_in_test_step=1; feat_compile_over_config_guard=1,ï»¿Current runner version: '2.333.1' Hosted Compute Agent Version: 20260213.493 Commit: <SHA> Build Date: Worker ID: {cef7fb8e-7c43-4c27-843f-7f9fac2cb593} Azure Region: centralus Ubuntu 24.04.4 LTS Image: ubuntu-24.04 Version: 20260406.80.1 Included Software: <url:github.com> Image Release: <url:github.com> Metadata: read Secret source: None Prepare workflow directory Prepare all required actions Getting action download info Download action repository 'actions/checkout@<SHA>' (SHA:<SHA>) Download action repository 'astral-sh/setup-uv@<SHA>' (SHA:<SHA>) Download action repository 'actions/setu,0.42407058310873663,0.020304336857951168,0.0018813695612992607,0.007757442350080643,0.5459862681219324
compilation,test_failure,test_failure,False,0.4118530103650595,0.035924247011553,pydantic/pydantic,Pydantic Family Integration Tests,Test pydantic settings (3.9),Run tests,runtime.exit_code,ollama,0.855,False,feat_kw_config_fail=1; feat_config_no_compile=1; feat_primary_is_runtime=1; feat_config_missing_file=1; feat_first_error_before_tests=1,ï»¿Current runner version: '2.333.1' Hosted Compute Agent Version: 20260213.493 Commit: <SHA> Build Date: Worker ID: {77743aaf-6227-4617-8ca0-eb9821f9ef82} Azure Region: eastus2 Ubuntu 24.04.4 LTS Image: ubuntu-24.04 Version: 20260323.65.1 Included Software: <url:github.com> Image Release: <url:github.com> Actions: write ArtifactMetadata: write Attestations: write Checks: write Contents: write Deployments: write Discussions: write Issues: write Metadata: read Models: read Packages: write Pages: write PullRequests: write RepositoryProjects: write SecurityEvents: write Statuses: write Secret sou,0.3759287633535065,0.1914795309505436,0.00019468160239226797,0.0205440137284981,0.4118530103650595
test_failure,test_failure,test_failure,True,0.39589370280020797,0.017731320715683008,aio-libs/aiohttp,CI,check,Decide whether the needed jobs succeeded or failed,runtime.exit_code,ollama,0.855,False,feat_primary_is_runtime=1; feat_first_error_before_tests=1,ï»¿Current runner version: '2.333.0' Hosted Compute Agent Version: 20260213.493 Commit: <SHA> Build Date: Worker ID: {bc1f8dc3-8390-469b-8dea-04c45c410024} Azure Region: northcentralus Ubuntu 24.04.4 LTS Image: ubuntu-24.04 Version: 20260323.65.1 Included Software: <url:github.com> Image Release: <url:github.com> Metadata: read Secret source: Actions Prepare workflow directory Prepare all required actions Getting action download info Download action repository 're-actors/alls-green@release/v1' (SHA:<SHA>) Download action repository 'codecov/codecov-action@v6' (SHA:<SHA>) Getting action downloa,0.37816238208452496,0.20035463863182076,0.00018434143318934657,0.025404935050257028,0.39589370280020797
configuration,compilation,compilation,False,0.5066524268068551,0.09379588603184924,pypa/virtualenv,🧪 check,🧪 test 3.14 - windows-2025,🛠️ Install OS dependencies,runtime.exit_code,ollama,0.95,False,feat_step_is_setup=1; feat_primary_is_runtime=1; feat_first_error_before_tests=1; feat_error_in_setup_step=1,ï»¿Current runner version: '2.331.0' Hosted Compute Agent Version: 20260213.493 Commit: <SHA> Build Date: Worker ID: {280a29f3-dc84-4838-a4be-5d29dddab844} Azure Region: eastus2 Microsoft Windows Server 2025 10.0.26100 Datacenter Image: windows-2025 Version: 20260217.31.1 Included Software: <url:github.com> Image Release: <url:github.com> Contents: read Metadata: read Secret source: None Prepare workflow directory Prepare all required actions Getting action download info Download action repository 'astral-sh/setup-uv@v4' (SHA:<SHA>) Download action repository 'actions/checkout@v4' (SHA:<SHA>) ,0.5066524268068551,0.41285654077500583,0.00020864883971992142,0.02874331595661239,0.051539067621806774
test_failure,test_failure,test_failure,True,0.43528491258847196,0.07904990104792692,pypa/pipenv,ruff,ruff,Run ruff check --output-format=github .,runtime.exit_code,ollama,0.855,False,feat_step_is_lint=1; feat_primary_is_runtime=1; feat_first_error_before_tests=1; feat_error_in_lint_step=1; feat_has_dependency_install=1,ï»¿Current runner version: '2.332.0' Hosted Compute Agent Version: 20260213.493 Commit: <SHA> Build Date: Worker ID: {95f2abd6-929c-4f80-acfb-8240a02d2768} Azure Region: westus Ubuntu 24.04.3 LTS Image: ubuntu-24.04 Version: 20260309.50.1 Included Software: <url:github.com> Image Release: <url:github.com> Actions: write ArtifactMetadata: write Attestations: write Checks: write Contents: write Deployments: write Discussions: write Issues: write Metadata: read Models: read Packages: write Pages: write PullRequests: write RepositoryProjects: write SecurityEvents: write Statuses: write Secret sour,0.35623501154054504,0.17092794364571534,0.00020779061664597375,0.037344341608621705,0.43528491258847196
compilation,compilation,compilation,True,0.475189143507857,0.14540485784166218,opensearch-project/OpenSearch,Gradle Check (Jenkins),Code-Diff-Analyzer / Code-Diff-Analyzer,Check final status,runtime.exit_code,ollama,0.855,False,feat_fw_gradle=1; feat_is_java=1; feat_kw_config_fail=1; feat_config_no_compile=1; feat_primary_is_runtime=1; feat_config_auth_permission=1; feat_first_error_before_tests=1; feat_config_strong_only=1,"echo ""HEAD_SHA=$head_sha"" >> $GITHUB_ENV shell: /usr/bin/bash -e {0} env: AWS_REGION: us-east-1 ANTHROPIC_MODEL: us.anthropic.claude-sonnet-4-6 ANTHROPIC_SMALL_FAST_MODEL: us.anthropic.claude-haiku-4-5-20251001-v1:0 CLAUDE_CODE_USE_BEDROCK: 1 CLAUDE_CODE_MAX_INPUT_TOKENS: 160000 CLAUDE_CODE_MAX_OUTPUT_TOKENS: 4096 MAX_THINKING_TOKENS: 1024 DIFF_CONTENT_PATH: git_diff_content.txt DIFF_REPORT_PATH: git_diff_analyzer.json PR author 'vinaykpud' is not a bot, proceeding... % Total % Received % Xferd Average Speed Time Time Time Current Dload Upload Total Spent Left Speed 0 0 0 0 0 0 0 0 --:--:-- --",0.475189143507857,0.13507777632510581,0.00016555853322064578,0.32978428566619483,0.05978323596762164
infrastructure,infrastructure,infrastructure,True,0.3579859745485043,0.016831616144777795,apache/airflow,Tests,CI image checks / Static checks,Static checks,unknown.other,ollama,0.8,False,feat_first_error_before_tests=1; feat_has_dependency_install=1,"docker run -v ""${GITHUB_WORKSPACE}:/workspace"" -u 0:0 bash -c ""rm -rf /workspace/*"" shell: /usr/bin/bash --noprofile --norc -e -o pipefail {0} env: PYTHON_MAJOR_MINOR_VERSION: 3.10 UPGRADE_TO_NEWER_DEPENDENCIES: false GITHUB_TOKEN: *** Unable to find image 'bash:latest' locally latest: Pulling from library/bash 6a0ac1617861: Pulling fs layer 91eccb35d8cc: Pulling fs layer 2eddc95288cd: Pulling fs layer 2eddc95288cd: Download complete 91eccb35d8cc: Verifying Checksum 91eccb35d8cc: Download complete 6a0ac1617861: Download complete 6a0ac1617861: Pull complete 91eccb35d8cc: Pull complete 2eddc9528",0.16712037911370842,0.13262748954432,0.001111798389740665,0.3579859745485043,0.3411543584037265
compilation,test_failure,test_failure,False,0.39589370280020797,0.017731320715683008,aio-libs/aiobotocore,CI/CD,check,Decide whether the needed jobs succeeded or failed,runtime.exit_code,ollama,0.855,False,feat_primary_is_runtime=1; feat_first_error_before_tests=1,"ï»¿Current runner version: '2.333.1' Hosted Compute Agent Version: 20260213.493 Commit: <SHA> Build Date: Worker ID: {9b5a2da8-3a55-445f-8e5b-4396f18670f5} Azure Region: westus3 Ubuntu 24.04.4 LTS Image: ubuntu-24.04 Version: 20260413.86.1 Included Software: <url:github.com> Image Release: <url:github.com> Metadata: read Secret source: Actions Prepare workflow directory Prepare all required actions Getting action download info Download action repository 're-actors/alls-green@<SHA>' (SHA:<SHA>) Complete job name: check with: jobs: { ""build"": { ""result"": ""success"", ""outputs"": {} }, ""test"": { ""re",0.37816238208452496,0.20035463863182076,0.00018434143318934657,0.025404935050257028,0.39589370280020797
compilation,test_failure,test_failure,False,0.39589370280020797,0.017731320715683008,aio-libs/aiohttp,CI,check,Decide whether the needed jobs succeeded or failed,runtime.exit_code,ollama,0.855,False,feat_primary_is_runtime=1; feat_first_error_before_tests=1,ï»¿Current runner version: '2.333.1' Hosted Compute Agent Version: 20260213.493 Commit: <SHA> Build Date: Worker ID: {d660855d-04ea-4b38-b657-68c165038b7d} Azure Region: westcentralus Ubuntu 24.04.4 LTS Image: ubuntu-24.04 Version: 20260323.65.1 Included Software: <url:github.com> Image Release: <url:github.com> Metadata: read Secret source: Dependabot Prepare workflow directory Prepare all required actions Getting action download info Download action repository 're-actors/alls-green@release/v1' (SHA:<SHA>) Download action repository 'codecov/codecov-action@v6' (SHA:<SHA>) Getting action downl,0.37816238208452496,0.20035463863182076,0.00018434143318934657,0.025404935050257028,0.39589370280020797
test_failure,test_failure,test_failure,True,0.39589370280020797,0.017731320715683008,astral-sh/ruff,CI,all required checks passed,Check required jobs passed,runtime.exit_code,ollama,0.855,False,feat_primary_is_runtime=1; feat_first_error_before_tests=1,"ï»¿Current runner version: '2.333.1' Hosted Compute Agent Version: 20260213.493 Commit: <SHA> Build Date: Worker ID: {70ae98dd-184e-4824-a174-43de63ad8d4d} Azure Region: centralus - OS: Linux (x64) - Source: Docker - Name: ubuntu:24.04 - Version: 20260413.54.1 Metadata: read Secret source: Actions Prepare workflow directory Prepare all required actions Complete job name: all required checks passed failing=$(echo ""$NEEDS_JSON"" | jq -r 'to_entries[] | select(.value.result != ""success"" and .value.result != ""skipped"") | ""\(.key): \(.value.result)""') if [ -n ""$failing"" ]; then echo ""$failing"" exit ",0.37816238208452496,0.20035463863182076,0.00018434143318934657,0.025404935050257028,0.39589370280020797
test_failure,test_failure,test_failure,True,0.39589370280020797,0.017731320715683008,aio-libs/aiohttp,CI,check,Decide whether the needed jobs succeeded or failed,runtime.exit_code,ollama,0.855,False,feat_primary_is_runtime=1; feat_first_error_before_tests=1,ï»¿Current runner version: '2.333.0' Hosted Compute Agent Version: 20260213.493 Commit: <SHA> Build Date: Worker ID: {02ff3d40-bf3d-4670-8499-b859876b8014} Azure Region: westcentralus Ubuntu 24.04.4 LTS Image: ubuntu-24.04 Version: 20260323.65.1 Included Software: <url:github.com> Image Release: <url:github.com> Metadata: read Secret source: Actions Prepare workflow directory Prepare all required actions Getting action download info Download action repository 're-actors/alls-green@release/v1' (SHA:<SHA>) Download action repository 'codecov/codecov-action@v6' (SHA:<SHA>) Getting action download,0.37816238208452496,0.20035463863182076,0.00018434143318934657,0.025404935050257028,0.39589370280020797
infrastructure,configuration,configuration,False,0.501488343219975,0.020724075492872418,ben-manes/caffeine,Static analysis for Java,Forbidden APIs,Forbidden Apis,dep.auth,ollama,0.81,False,feat_fw_gradle=1; feat_is_java=1; feat_kw_config_fail=1; feat_config_no_compile=1; feat_primary_is_config=1; feat_config_auth_permission=1; feat_config_strong_only=1,ï»¿Current runner version: '2.333.1' Hosted Compute Agent Version: 20260213.493 Commit: <SHA> Build Date: Worker ID: {b5907226-6a1d-436a-b5e2-8af24198204d} Azure Region: eastus2 Ubuntu 24.04.4 LTS Image: ubuntu-24.04 Version: 20260413.86.1 Included Software: <url:github.com> Image Release: <url:github.com> Contents: read Metadata: read Secret source: Actions Prepare workflow directory Prepare all required actions Getting action download info Download action repository 'step-security/harden-runner@<SHA>' (SHA:<SHA>) Download action repository 'actions/checkout@<SHA>' (SHA:<SHA>) Complete job na,0.011986917212712115,0.501488343219975,9.483217877369698e-05,0.4807642677271026,0.0056656396614365254
configuration,test_failure,test_failure,False,0.39589370280020797,0.017731320715683008,psf/black,changelog,check,Grep CHANGES.md for PR number,runtime.exit_code,ollama,0.95,False,feat_primary_is_runtime=1; feat_first_error_before_tests=1,ï»¿Current runner version: '2.331.0' Hosted Compute Agent Version: 20260213.493 Commit: <SHA> Build Date: Worker ID: {ffe2bceb-f25d-4b26-8c05-99ba589a6729} Azure Region: northcentralus Ubuntu 24.04.3 LTS Image: ubuntu-24.04 Version: 20260224.36.1 Included Software: <url:github.com> Image Release: <url:github.com> Contents: read Metadata: read Secret source: None Prepare workflow directory Prepare all required actions Getting action download info Download action repository 'actions/checkout@<SHA>' (SHA:<SHA>) Complete job name: check with: persist-credentials: false repository: psf/black token:,0.37816238208452496,0.20035463863182076,0.00018434143318934657,0.025404935050257028,0.39589370280020797
compilation,test_failure,test_failure,False,0.39589370280020797,0.017731320715683008,astral-sh/ruff,CI,all required checks passed,Check required jobs passed,runtime.exit_code,ollama,0.855,False,feat_primary_is_runtime=1; feat_first_error_before_tests=1,"ï»¿Current runner version: '2.333.1' Hosted Compute Agent Version: 20260213.493 Commit: <SHA> Build Date: Worker ID: {7f71b93a-c39f-45f0-aaf5-71149368c30f} Azure Region: westus3 - OS: Linux (x64) - Source: Docker - Name: ubuntu:24.04 - Version: 20260413.54.1 Metadata: read Secret source: None Prepare workflow directory Prepare all required actions Complete job name: all required checks passed failing=$(echo ""$NEEDS_JSON"" | jq -r 'to_entries[] | select(.value.result != ""success"" and .value.result != ""skipped"") | ""\(.key): \(.value.result)""') if [ -n ""$failing"" ]; then echo ""$failing"" exit 1 fi ",0.37816238208452496,0.20035463863182076,0.00018434143318934657,0.025404935050257028,0.39589370280020797
compilation,test_failure,test_failure,False,0.39589370280020797,0.017731320715683008,pytest-dev/pytest,test,check,Decide whether the needed jobs succeeded or failed,runtime.exit_code,ollama,0.855,False,feat_primary_is_runtime=1; feat_first_error_before_tests=1,"ï»¿Current runner version: '2.333.1' Hosted Compute Agent Version: 20260213.493 Commit: <SHA> Build Date: Worker ID: {81f135fb-1655-48c1-b24e-9b9059321ef2} Azure Region: eastus Ubuntu 24.04.4 LTS Image: ubuntu-24.04 Version: 20260413.86.1 Included Software: <url:github.com> Image Release: <url:github.com> Metadata: read Secret source: None Prepare workflow directory Prepare all required actions Getting action download info Download action repository 're-actors/alls-green@<SHA>' (SHA:<SHA>) Complete job name: check with: jobs: { ""build"": { ""result"": ""failure"", ""outputs"": {} } } allowed-failures",0.37816238208452496,0.20035463863182076,0.00018434143318934657,0.025404935050257028,0.39589370280020797
test_failure,test_failure,test_failure,True,0.43528491258847196,0.07904990104792692,pypa/pipenv,ruff,ruff,Run ruff check --output-format=github .,runtime.exit_code,ollama,0.855,False,feat_step_is_lint=1; feat_primary_is_runtime=1; feat_first_error_before_tests=1; feat_error_in_lint_step=1; feat_has_dependency_install=1,ï»¿Current runner version: '2.333.0' Hosted Compute Agent Version: 20260213.493 Commit: <SHA> Build Date: Worker ID: {fae3f25b-8606-431e-9689-bd63be25b4a0} Azure Region: eastus2 Ubuntu 24.04.4 LTS Image: ubuntu-24.04 Version: 20260323.65.1 Included Software: <url:github.com> Image Release: <url:github.com> Actions: write ArtifactMetadata: write Attestations: write Checks: write Contents: write Deployments: write Discussions: write Issues: write Metadata: read Models: read Packages: write Pages: write PullRequests: write RepositoryProjects: write SecurityEvents: write Statuses: write Secret sou,0.35623501154054504,0.17092794364571534,0.00020779061664597375,0.037344341608621705,0.43528491258847196
test_failure,test_failure,test_failure,True,0.39589370280020797,0.017731320715683008,aio-libs/aiohttp,CI,check,Decide whether the needed jobs succeeded or failed,runtime.exit_code,ollama,0.855,False,feat_primary_is_runtime=1; feat_first_error_before_tests=1,ï»¿Current runner version: '2.333.1' Hosted Compute Agent Version: 20260213.493 Commit: <SHA> Build Date: Worker ID: {d60d031f-07d8-40f2-9e0c-f8a5a6f756fe} Azure Region: westcentralus Ubuntu 24.04.4 LTS Image: ubuntu-24.04 Version: 20260413.86.1 Included Software: <url:github.com> Image Release: <url:github.com> Metadata: read Secret source: None Prepare workflow directory Prepare all required actions Getting action download info Download action repository 're-actors/alls-green@release/v1' (SHA:<SHA>) Download action repository 'codecov/codecov-action@v6' (SHA:<SHA>) Getting action download in,0.37816238208452496,0.20035463863182076,0.00018434143318934657,0.025404935050257028,0.39589370280020797
compilation,test_failure,test_failure,False,0.39589370280020797,0.017731320715683008,aio-libs/aiobotocore,CI/CD,test / Test Python 3.9 on ubuntu-24.04,Run unittests,runtime.exit_code,ollama,0.855,False,feat_primary_is_runtime=1; feat_first_error_before_tests=1,ï»¿Current runner version: '2.333.1' Hosted Compute Agent Version: 20260213.493 Commit: <SHA> Build Date: Worker ID: {f52023ca-9bc5-4ea7-96c9-1070a179ab35} Azure Region: northcentralus Ubuntu 24.04.4 LTS Image: ubuntu-24.04 Version: 20260329.72.1 Included Software: <url:github.com> Image Release: <url:github.com> Metadata: read Secret source: None Prepare workflow directory Prepare all required actions Getting action download info Download action repository 'actions/checkout@<SHA>' (SHA:<SHA>) Download action repository 'astral-sh/setup-uv@<SHA>' (SHA:<SHA>) Download action repository 'codecov,0.37816238208452496,0.20035463863182076,0.00018434143318934657,0.025404935050257028,0.39589370280020797
configuration,test_failure,test_failure,False,0.39589370280020797,0.017731320715683008,mlflow/mlflow,JS,check-component-ids,Check componentId registry,runtime.exit_code,ollama,0.9,False,feat_primary_is_runtime=1; feat_first_error_before_tests=1,ï»¿Current runner version: '2.333.1' Hosted Compute Agent Version: 20260213.493 Commit: <SHA> Build Date: Worker ID: {1c37a2b7-5772-49a5-986b-9a43bdc8e345} Azure Region: centralus - OS: Linux (x64) - Source: Docker - Name: ubuntu:24.04 - Version: 20260413.54.1 Contents: read Metadata: read Secret source: None Prepare workflow directory Prepare all required actions Getting action download info Download action repository 'actions/checkout@<SHA>' (SHA:<SHA>) Complete job name: check-component-ids with: persist-credentials: false repository: mlflow/mlflow token: *** ssh-strict: true ssh-user: git ,0.37816238208452496,0.20035463863182076,0.00018434143318934657,0.025404935050257028,0.39589370280020797
infrastructure,test_failure,test_failure,False,0.39589370280020797,0.017731320715683008,pypa/pip,CI,mre / 3.15 / Windows,Run MRE,runtime.exit_code,ollama,0.855,False,feat_primary_is_runtime=1; feat_first_error_before_tests=1,ï»¿Current runner version: '2.333.1' Hosted Compute Agent Version: 20260213.493 Commit: <SHA> Build Date: Worker ID: {591bbf5e-e1db-4722-92f5-6c366d37df0d} Azure Region: eastus Microsoft Windows Server 2025 10.0.26100 Datacenter Image: windows-2025 Version: 20260413.84.1 Included Software: <url:github.com> Image Release: <url:github.com> Contents: read Metadata: read Secret source: None Prepare workflow directory Prepare all required actions Getting action download info Download action repository 'actions/checkout@<SHA>' (SHA:<SHA>) Download action repository 'actions/setup-python@<SHA>' (SHA:,0.37816238208452496,0.20035463863182076,0.00018434143318934657,0.025404935050257028,0.39589370280020797
test_failure,configuration,configuration,False,0.5397780984283961,0.12387697127690728,scrapy/scrapy,Windows,"tests (3.13, extra-deps)",Run tests,policy.branch_or_protection,ollama,0.855,False,feat_fw_junit=1; feat_fw_pytest=1; feat_primary_is_config=1; feat_has_dependency_install=1,"[command]""C:\Program Files\Git\bin\git.exe"" checkout --progress --force refs/remotes/pull/7115/merge Note: switching to 'refs/remotes/pull/7115/merge'. You are in 'detached HEAD' state. You can look around, make experimental changes and commit them, and you can discard any commits you make in this state without impacting any branches by switching back to a branch. If you want to create a new branch to retain commits you create, you may do so (now or later) by using -c with the switch command. Example: git switch -c <new-branch-name> Or undo this operation with: git switch - Turn off this advic",0.02780096479056729,0.5397780984283961,0.0011532886317336386,0.015366520997814182,0.4159011271514888
configuration,test_failure,test_failure,False,0.39589370280020797,0.017731320715683008,django/django,Check commit prefix,check-commit-suffix,Check commit messages suffix,runtime.exit_code,ollama,0.95,False,feat_primary_is_runtime=1; feat_first_error_before_tests=1,ï»¿Current runner version: '2.333.1' Hosted Compute Agent Version: 20260213.493 Commit: <SHA> Build Date: Worker ID: {c68e17c2-2e04-415d-b57e-7c8471470435} Azure Region: westus Ubuntu 24.04.4 LTS Image: ubuntu-24.04 Version: 20260406.80.1 Included Software: <url:github.com> Image Release: <url:github.com> Contents: read Metadata: read Secret source: None Prepare workflow directory Prepare all required actions Getting action download info Download action repository 'actions/checkout@v6' (SHA:<SHA>) Complete job name: check-commit-suffix with: persist-credentials: false repository: django/django,0.37816238208452496,0.20035463863182076,0.00018434143318934657,0.025404935050257028,0.39589370280020797
compilation,test_failure,test_failure,False,0.39589370280020797,0.017731320715683008,aio-libs/aiobotocore,CI/CD,check,Decide whether the needed jobs succeeded or failed,runtime.exit_code,ollama,0.855,False,feat_primary_is_runtime=1; feat_first_error_before_tests=1,"ï»¿Current runner version: '2.333.1' Hosted Compute Agent Version: 20260213.493 Commit: <SHA> Build Date: Worker ID: {c9118ca0-a0a6-4824-873d-dc71e40e0b59} Azure Region: westus Ubuntu 24.04.4 LTS Image: ubuntu-24.04 Version: 20260406.80.1 Included Software: <url:github.com> Image Release: <url:github.com> Metadata: read Secret source: Actions Prepare workflow directory Prepare all required actions Getting action download info Download action repository 're-actors/alls-green@<SHA>' (SHA:<SHA>) Complete job name: check with: jobs: { ""build"": { ""result"": ""success"", ""outputs"": {} }, ""test"": { ""res",0.37816238208452496,0.20035463863182076,0.00018434143318934657,0.025404935050257028,0.39589370280020797
compilation,test_failure,test_failure,False,0.4462507206611077,0.0788071520825695,pydantic/pydantic,CI,Test windows-latest / 3.12,"Run uv run python -c ""import pydantic.version; print(pydantic.version.version_info())""",runtime.exit_code,ollama,0.855,False,feat_fw_pytest=1; feat_kw_config_fail=1; feat_config_no_compile=1; feat_primary_is_runtime=1; feat_config_missing_file=1; feat_first_error_after_tests_started=1; feat_error_in_test_step=1,"[command]""C:\Program Files\Git\bin\git.exe"" log -1 --format=%H <SHA> with: python-version: 3.12 activate-environment: false working-directory: D:\a\pydantic\pydantic github-token: *** enable-cache: auto cache-dependency-glob: **/*requirements*.txt **/*requirements*.in **/*constraints*.txt **/*constraints*.in **/pyproject.toml **/uv.lock **/*.py.lock restore-cache: true save-cache: true prune-cache: true cache-python: false ignore-nothing-to-cache: false ignore-empty-workdir: false add-problem-matchers: true resolution-strategy: highest env: COLUMNS: 150 UV_FROZEN: true FORCE_COLOR: 1 OS: windo",0.3674435685785382,0.15843637595321236,0.0015919532420832837,0.026277381565058523,0.4462507206611077
test_failure,test_failure,test_failure,True,0.39589370280020797,0.017731320715683008,pypa/pip,CI,check,Decide whether the needed jobs succeeded or failed,runtime.exit_code,ollama,0.855,False,feat_primary_is_runtime=1; feat_first_error_before_tests=1,"ï»¿Current runner version: '2.331.0' Hosted Compute Agent Version: 20260115.477 Commit: <SHA> Build Date: Worker ID: {b547b99f-d7c8-4750-b965-1f99e365ffa3} Azure Region: westcentralus Ubuntu 22.04.5 LTS Image: ubuntu-22.04 Version: 20260119.13.1 Included Software: <url:github.com> Image Release: <url:github.com> Contents: read Metadata: read Packages: read Secret source: None Prepare workflow directory Prepare all required actions Getting action download info Download action repository 're-actors/alls-green@release/v1' (SHA:<SHA>) Complete job name: check with: allowed-skips: vendoring , jobs:",0.37816238208452496,0.20035463863182076,0.00018434143318934657,0.025404935050257028,0.39589370280020797
compilation,test_failure,test_failure,False,0.4462507206611077,0.0788071520825695,pydantic/pydantic,CI,Test macos-latest / 3.11,"Run uv run python -c ""import pydantic.version; print(pydantic.version.version_info())""",runtime.exit_code,ollama,0.81,False,feat_fw_pytest=1; feat_kw_config_fail=1; feat_config_no_compile=1; feat_primary_is_runtime=1; feat_config_missing_file=1; feat_first_error_after_tests_started=1; feat_error_in_test_step=1,ï»¿Current runner version: '2.333.0' Hosted Compute Agent Version: 20260213.493 Commit: <SHA> Build Date: Worker ID: {8198cfcf-c80b-4cfa-b1dc-f30b45453ef9} Azure Region: westus macOS 15.7.4 24G517 Image: macos-15-arm64 Version: 20260325.0234.1 Included Software: <url:github.com> Image Release: <url:github.com> Actions: write ArtifactMetadata: write Attestations: write Checks: write Contents: write Deployments: write Discussions: write Issues: write Metadata: read Models: read Packages: write Pages: write PullRequests: write RepositoryProjects: write SecurityEvents: write Statuses: write Secret,0.3674435685785382,0.15843637595321236,0.0015919532420832837,0.026277381565058523,0.4462507206611077
infrastructure,test_failure,test_failure,False,0.39589370280020797,0.017731320715683008,pypa/pip,CI,mre / 3.15 / main,Run MRE against main,runtime.exit_code,ollama,0.855,False,feat_primary_is_runtime=1; feat_first_error_before_tests=1,ï»¿Current runner version: '2.333.1' Hosted Compute Agent Version: 20260213.493 Commit: <SHA> Build Date: Worker ID: {3749f6ac-b869-4d25-a7bc-8c815959796b} Azure Region: centralus Microsoft Windows Server 2025 10.0.26100 Datacenter Image: windows-2025 Version: 20260413.84.1 Included Software: <url:github.com> Image Release: <url:github.com> Contents: read Metadata: read Secret source: None Prepare workflow directory Prepare all required actions Getting action download info Download action repository 'actions/checkout@<SHA>' (SHA:<SHA>) Download action repository 'actions/setup-python@<SHA>' (S,0.37816238208452496,0.20035463863182076,0.00018434143318934657,0.025404935050257028,0.39589370280020797
test_failure,infrastructure,infrastructure,False,0.4847595401870418,0.011723584063406345,pypa/pipenv,CI,Windows / 3.10,Run tests,infra.network.socket,ollama,0.855,False,feat_fw_pytest=1; feat_kw_test_assert=1; feat_primary_is_infra=1; feat_first_error_after_tests_started=1; feat_error_in_test_step=1; feat_has_dependency_install=1,"Successfully installed packaging-26.0 setuptools-82.0.1 wheel-0.46.3 git submodule sync git submodule update --init --recursive python -m pip install -e . --upgrade pipenv install --deploy --dev --python=3.10 shell: C:\Program Files\PowerShell\7\pwsh.EXE -command "". '{0}'"" env: pythonLocation: C:\hostedtoolcache\windows\Python\3.10.11\x64 PKG_CONFIG_PATH: C:\hostedtoolcache\windows\Python\3.10.11\x64/lib/pkgconfig Python_ROOT_DIR: C:\hostedtoolcache\windows\Python\3.10.11\x64 Python2_ROOT_DIR: C:\hostedtoolcache\windows\Python\3.10.11\x64 Python3_ROOT_DIR: C:\hostedtoolcache\windows\Python\3.1",0.027498719869563197,0.01354470143649106,0.0011610823832684765,0.4847595401870418,0.47303595612363547
compilation,compilation,compilation,True,0.5241338133689272,0.08075110500935168,FasterXML/jackson-core,CIFuzz,Fuzzing,Build Fuzzers,dep.not_found,ollama,0.81,False,feat_fw_gradle=1; feat_is_java=1; feat_kw_compile_fail=1; feat_compile_no_tests=1; feat_step_is_compile=1; feat_primary_is_config=1; feat_compile_jvm_strong=1; feat_first_error_before_tests=1; feat_error_in_compile_step=1; feat_has_compile_task=1; feat_compile_over_config_guard=1,Progress (1): 0.5/1.7 MB Progress (1): 0.5/1.7 MB Progress (1): 0.5/1.7 MB Progress (1): 0.5/1.7 MB Progress (1): 0.5/1.7 MB Progress (1): 0.5/1.7 MB Progress (1): 0.5/1.7 MB Progress (1): 0.5/1.7 MB Progress (1): 0.5/1.7 MB Progress (1): 0.5/1.7 MB Progress (1): 0.5/1.7 MB Progress (1): 0.6/1.7 MB Progress (1): 0.6/1.7 MB Progress (1): 0.6/1.7 MB Progress (1): 0.6/1.7 MB Progress (1): 0.6/1.7 MB Progress (1): 0.6/1.7 MB Progress (1): 0.6/1.7 MB Progress (1): 0.6/1.7 MB Progress (1): 0.6/1.7 MB Progress (1): 0.6/1.7 MB Progress (1): 0.6/1.7 MB Progress (1): 0.6/1.7 MB Progress (1): 0.7/1.7 MB ,0.5241338133689272,0.4433827083595755,4.371062688841066e-05,0.0262407258293703,0.00619904181523858
configuration,test_failure,test_failure,False,0.39589370280020797,0.017731320715683008,psf/black,changelog,check,Grep CHANGES.md for PR number,runtime.exit_code,ollama,0.95,False,feat_primary_is_runtime=1; feat_first_error_before_tests=1,ï»¿Current runner version: '2.333.1' Hosted Compute Agent Version: 20260213.493 Commit: <SHA> Build Date: Worker ID: {3ecbe159-3360-4ed8-a90f-e19205110daf} Azure Region: eastus Ubuntu 24.04.4 LTS Image: ubuntu-24.04 Version: 20260406.80.1 Included Software: <url:github.com> Image Release: <url:github.com> Contents: read Metadata: read Secret source: None Prepare workflow directory Prepare all required actions Getting action download info Download action repository 'actions/checkout@<SHA>' (SHA:<SHA>) Complete job name: check with: persist-credentials: false repository: psf/black token: *** ssh,0.37816238208452496,0.20035463863182076,0.00018434143318934657,0.025404935050257028,0.39589370280020797
test_failure,test_failure,test_failure,True,0.39589370280020797,0.017731320715683008,aio-libs/aiohttp,CI,check,Decide whether the needed jobs succeeded or failed,runtime.exit_code,ollama,0.855,False,feat_primary_is_runtime=1; feat_first_error_before_tests=1,ï»¿Current runner version: '2.333.1' Hosted Compute Agent Version: 20260213.493 Commit: <SHA> Build Date: Worker ID: {bbc761ff-834b-4774-9aa3-1f14b300528c} Azure Region: centralus Ubuntu 24.04.4 LTS Image: ubuntu-24.04 Version: 20260329.72.1 Included Software: <url:github.com> Image Release: <url:github.com> Metadata: read Secret source: Actions Prepare workflow directory Prepare all required actions Getting action download info Download action repository 're-actors/alls-green@release/v1' (SHA:<SHA>) Download action repository 'codecov/codecov-action@v6' (SHA:<SHA>) Getting action download inf,0.37816238208452496,0.20035463863182076,0.00018434143318934657,0.025404935050257028,0.39589370280020797
test_failure,test_failure,test_failure,True,0.39589370280020797,0.017731320715683008,aio-libs/aiohttp,CI,check,Decide whether the needed jobs succeeded or failed,runtime.exit_code,ollama,0.855,False,feat_primary_is_runtime=1; feat_first_error_before_tests=1,ï»¿Current runner version: '2.333.1' Hosted Compute Agent Version: 20260213.493 Commit: <SHA> Build Date: Worker ID: {d9384763-14a4-42bd-872c-81b3823ffbfd} Azure Region: eastus Ubuntu 24.04.4 LTS Image: ubuntu-24.04 Version: 20260406.80.1 Included Software: <url:github.com> Image Release: <url:github.com> Metadata: read Secret source: Actions Prepare workflow directory Prepare all required actions Getting action download info Download action repository 're-actors/alls-green@release/v1' (SHA:<SHA>) Download action repository 'codecov/codecov-action@v6' (SHA:<SHA>) Getting action download info D,0.37816238208452496,0.20035463863182076,0.00018434143318934657,0.025404935050257028,0.39589370280020797
compilation,configuration,configuration,False,0.5108963735889769,0.0867106351401602,tox-dev/tox,check,test 3.13 on ubuntu-24.04,Install tox@self,runtime.exit_code,ollama,0.81,False,feat_kw_config_fail=1; feat_config_no_compile=1; feat_step_is_setup=1; feat_primary_is_runtime=1; feat_config_missing_file=1; feat_first_error_before_tests=1; feat_error_in_setup_step=1,* [new tag] 3.27.1 -> 3.27.1 * [new tag] 3.28.0 -> 3.28.0 * [new tag] 3.3.0 -> 3.3.0 * [new tag] 3.4.0 -> 3.4.0 * [new tag] 3.5.0 -> 3.5.0 * [new tag] 3.5.1 -> 3.5.1 * [new tag] 3.5.2 -> 3.5.2 * [new tag] 3.5.3 -> 3.5.3 * [new tag] 3.6.0 -> 3.6.0 * [new tag] 3.6.1 -> 3.6.1 * [new tag] 3.7.0 -> 3.7.0 * [new tag] 3.8.0 -> 3.8.0 * [new tag] 3.8.1 -> 3.8.1 * [new tag] 3.8.2 -> 3.8.2 * [new tag] 3.8.3 -> 3.8.3 * [new tag] 3.8.4 -> 3.8.4 * [new tag] 3.8.5 -> 3.8.5 * [new tag] 3.8.6 -> 3.8.6 * [new tag] 3.9.0 -> 3.9.0 * [new tag] 4.0.0 -> 4.0.0 * [new tag] 4.0.0a1 -> 4.0.0a1 * [new tag] 4.0.0a10 -> 4,0.4241857384488167,0.5108963735889769,0.00018558233350377516,0.019575947029945556,0.045156358598757156
test_failure,test_failure,test_failure,True,0.39589370280020797,0.017731320715683008,aio-libs/aiohttp,CI,check,Decide whether the needed jobs succeeded or failed,runtime.exit_code,ollama,0.855,False,feat_primary_is_runtime=1; feat_first_error_before_tests=1,ï»¿Current runner version: '2.333.1' Hosted Compute Agent Version: 20260213.493 Commit: <SHA> Build Date: Worker ID: {be647bba-ab56-40cb-a084-730e4c50d072} Azure Region: northcentralus Ubuntu 24.04.4 LTS Image: ubuntu-24.04 Version: 20260329.72.1 Included Software: <url:github.com> Image Release: <url:github.com> Metadata: read Secret source: Dependabot Prepare workflow directory Prepare all required actions Getting action download info Download action repository 're-actors/alls-green@release/v1' (SHA:<SHA>) Download action repository 'codecov/codecov-action@v6' (SHA:<SHA>) Getting action down,0.37816238208452496,0.20035463863182076,0.00018434143318934657,0.025404935050257028,0.39589370280020797
compilation,test_failure,test_failure,False,0.5383976504270003,0.25071174165364624,pydantic/pydantic,Third party tests,Test Cadwyn (main branch) on Python 3.11,Run Cadwyn tests,runtime.exit_code,ollama,0.855,False,feat_fw_pytest=1; feat_primary_is_runtime=1; feat_first_error_after_tests_started=1; feat_error_in_test_step=1; feat_has_dependency_install=1,"pyproject.toml. Falling back to latest. Fetching version data from <url:raw.githubusercontent.com> ... Downloading uv from ""<url:releases.astral.sh> ... [command]/usr/bin/tar xz --warning=no-unknown-keyword --overwrite -C /home/runner/work/_temp/f957a392-c35d-4d57-8bae-782d16722100 -f /home/runner/work/_temp/32a1bd78-3296-4732-b6c3-ccc5a67d4940 Added /home/runner/.local/bin to the path Added /opt/hostedtoolcache/uv/0.11.2/x86_64 to the path Set UV_PYTHON_INSTALL_DIR to /home/runner/work/_temp/uv-python-dir Added /home/runner/work/_temp/uv-python-dir to the path Set UV_PYTHON to 3.11 Creating a",0.28768590877335404,0.1377441340393763,0.0012915882105994049,0.034880718549670016,0.5383976504270003
test_failure,test_failure,test_failure,True,0.39589370280020797,0.017731320715683008,encode/starlette,Test Suite,check,Decide whether the needed jobs succeeded or failed,runtime.exit_code,ollama,0.855,False,feat_primary_is_runtime=1; feat_first_error_before_tests=1,ï»¿Current runner version: '2.331.0' Hosted Compute Agent Version: 20260213.493 Commit: <SHA> Build Date: Worker ID: {3d668414-e32b-4be8-9577-1a5835db9e43} Azure Region: westcentralus Ubuntu 24.04.3 LTS Image: ubuntu-24.04 Version: 20260224.36.1 Included Software: <url:github.com> Image Release: <url:github.com> Actions: write ArtifactMetadata: write Attestations: write Checks: write Contents: write Deployments: write Discussions: write Issues: write Metadata: read Models: read Packages: write Pages: write PullRequests: write RepositoryProjects: write SecurityEvents: write Statuses: write Secr,0.37816238208452496,0.20035463863182076,0.00018434143318934657,0.025404935050257028,0.39589370280020797
compilation,test_failure,test_failure,False,0.39589370280020797,0.017731320715683008,python-poetry/poetry,Tests,Status,Run false,runtime.exit_code,ollama,0.855,False,feat_primary_is_runtime=1; feat_first_error_before_tests=1,ï»¿Current runner version: '2.332.0' Hosted Compute Agent Version: 20260213.493 Commit: <SHA> Build Date: Worker ID: {1135a5d7-a517-45a5-a1f9-87df82cde676} Azure Region: northcentralus Ubuntu 24.04.3 LTS Image: ubuntu-24.04 Version: 20260302.42.1 Included Software: <url:github.com> Image Release: <url:github.com> Metadata: read Secret source: None Prepare workflow directory Prepare all required actions Complete job name: Status false shell: /usr/bin/bash --noprofile --norc -e -o pipefail {0} ##[error]Process completed with exit code 1. Cleaning up orphan processes,0.37816238208452496,0.20035463863182076,0.00018434143318934657,0.025404935050257028,0.39589370280020797
infrastructure,infrastructure,infrastructure,True,0.484991808977587,0.25933526076606944,apache/airflow,Tests,Special tests / Latest SQLAlchemy test: core / DB-core:LatestSQLAlchemy-Postgres:14:3.10:Core...Serialization,core:DB Tests LatestSQLAlchemy-Postgres 14 Py3.10:Core Other Serialization,runtime.exit_code,ollama,0.855,False,feat_primary_is_runtime=1,ï»¿Current runner version: '2.333.1' Hosted Compute Agent Version: 20260213.493 Commit: <SHA> Build Date: Worker ID: {ba5f065e-f2bc-4106-8116-10ebc0d705cb} Azure Region: westus3 Ubuntu 22.04.5 LTS Image: ubuntu-22.04 Version: 20260413.88.1 Included Software: <url:github.com> Image Release: <url:github.com> Contents: read Metadata: read Secret source: None Prepare workflow directory Prepare all required actions Getting action download info Download action repository 'actions/checkout@<SHA>' (SHA:<SHA>) Uses: apache/airflow/.github/workflows/run-unit-tests.yml@refs/pull/65853/merge (<SHA>) runne,0.22565654821151754,0.07365371705491316,0.00017709875919927085,0.484991808977587,0.21552082699678315
test_failure,test_failure,test_failure,True,0.39589370280020797,0.017731320715683008,pypa/pip,CI,check,Decide whether the needed jobs succeeded or failed,runtime.exit_code,ollama,0.855,False,feat_primary_is_runtime=1; feat_first_error_before_tests=1,ï»¿Current runner version: '2.331.0' Hosted Compute Agent Version: 20260115.477 Commit: <SHA> Build Date: Worker ID: {ceed4ad5-5b96-4e1b-a2ae-43217f6d2174} Azure Region: northcentralus Ubuntu 22.04.5 LTS Image: ubuntu-22.04 Version: 20260119.13.1 Included Software: <url:github.com> Image Release: <url:github.com> Contents: read Metadata: read Packages: read Secret source: Dependabot Prepare workflow directory Prepare all required actions Getting action download info Download action repository 're-actors/alls-green@release/v1' (SHA:<SHA>) Complete job name: check with: allowed-skips: vendoring ,0.37816238208452496,0.20035463863182076,0.00018434143318934657,0.025404935050257028,0.39589370280020797
compilation,test_failure,test_failure,False,0.39589370280020797,0.017731320715683008,tiangolo/fastapi,Test,check,Decide whether the needed jobs succeeded or failed,runtime.exit_code,ollama,0.81,False,feat_primary_is_runtime=1; feat_first_error_before_tests=1,"""followers_url"": ""<url:api.github.com> ""following_url"": ""<url:api.github.com> ""gists_url"": ""<url:api.github.com> ""gravatar_id"": """", ""html_url"": ""<url:github.com> ""id"": 44426557, ""login"": ""HeHongyeFY"", ""node_id"": ""MDQ6VXNlcjQ0NDI2NTU3"", ""organizations_url"": ""<url:api.github.com> ""received_events_url"": ""<url:api.github.com> ""repos_url"": ""<url:api.github.com> ""site_admin"": false, ""starred_url"": ""<url:api.github.com> ""subscriptions_url"": ""<url:api.github.com> ""type"": ""User"", ""url"": ""<url:api.github.com> ""user_view_type"": ""public"" }, ""private"": false, ""pull_request_creation_policy"": ""all"", ""pulls_u",0.37816238208452496,0.20035463863182076,0.00018434143318934657,0.025404935050257028,0.39589370280020797
test_failure,test_failure,test_failure,True,0.39589370280020797,0.017731320715683008,pypa/pip,CI,check,Decide whether the needed jobs succeeded or failed,runtime.exit_code,ollama,0.855,False,feat_primary_is_runtime=1; feat_first_error_before_tests=1,"ï»¿Current runner version: '2.331.0' Hosted Compute Agent Version: 20260213.493 Commit: <SHA> Build Date: Worker ID: {b9d3a8fc-8692-48a8-853f-b2bba9d7dfde} Azure Region: westus3 Ubuntu 22.04.5 LTS Image: ubuntu-22.04 Version: 20260224.45.1 Included Software: <url:github.com> Image Release: <url:github.com> Contents: read Metadata: read Packages: read Secret source: None Prepare workflow directory Prepare all required actions Getting action download info Download action repository 're-actors/alls-green@release/v1' (SHA:<SHA>) Complete job name: check with: allowed-skips: vendoring , jobs: { ""de",0.37816238208452496,0.20035463863182076,0.00018434143318934657,0.025404935050257028,0.39589370280020797
compilation,compilation,compilation,True,0.4343184815803638,0.15147101405893748,pypa/pipenv,CI,Package Manager Benchmark,Run benchmark suite,runtime.exit_code,ollama,0.81,False,feat_primary_is_runtime=1; feat_first_error_before_tests=1; feat_has_dependency_install=1,"git config --local --name-only --get-regexp 'core\.sshCommand' && git config --local --unset-all 'core.sshCommand' || :"" [command]/usr/bin/git config --local --name-only --get-regexp http\.https\:\/\/github\.com\/\.extraheader [command]/usr/bin/git submodule foreach --recursive sh -c ""git config --local --name-only --get-regexp 'http\.https\:\/\/github\.com\/\.extraheader' && git config --local --unset-all 'http.<url:github.com> || :"" [command]/usr/bin/git config --local --name-only --get-regexp ^includeIf\.gitdir: [command]/usr/bin/git submodule foreach --recursive git config --local --show-o",0.4343184815803638,0.24071271267159447,0.00023307381832696146,0.0418882644082886,0.2828474675214263
test_failure,test_failure,test_failure,True,0.5459862681219324,0.12191568501319577,pallets/click,Tests,3.13,Run uv run --locked --no-default-groups --group dev tox run,compile.syntax,ollama,0.81,False,feat_fw_pytest=1; feat_kw_compile_fail=1; feat_kw_config_fail=1; feat_compile_no_tests=1; feat_compile_with_config=1; feat_primary_is_compile=1; feat_compile_python_syntax=1; feat_config_missing_file=1; feat_first_error_after_tests_started=1; feat_error_in_test_step=1; feat_compile_over_config_guard=1,ï»¿Current runner version: '2.333.1' Hosted Compute Agent Version: 20260213.493 Commit: <SHA> Build Date: Worker ID: {e79120ff-b77d-4c19-8686-46b191f53f94} Azure Region: westus Ubuntu 24.04.4 LTS Image: ubuntu-24.04 Version: 20260406.80.1 Included Software: <url:github.com> Image Release: <url:github.com> Metadata: read Secret source: None Prepare workflow directory Prepare all required actions Getting action download info Download action repository 'actions/checkout@<SHA>' (SHA:<SHA>) Download action repository 'astral-sh/setup-uv@<SHA>' (SHA:<SHA>) Download action repository 'actions/setup-p,0.42407058310873663,0.020304336857951168,0.0018813695612992607,0.007757442350080643,0.5459862681219324
configuration,test_failure,test_failure,False,0.39589370280020797,0.017731320715683008,psf/black,changelog,check,Grep CHANGES.md for PR number,runtime.exit_code,ollama,0.95,False,feat_primary_is_runtime=1; feat_first_error_before_tests=1,ï»¿Current runner version: '2.333.1' Hosted Compute Agent Version: 20260213.493 Commit: <SHA> Build Date: Worker ID: {e1a15c90-5eb9-4013-b14b-c3c70d35be90} Azure Region: eastus Ubuntu 24.04.4 LTS Image: ubuntu-24.04 Version: 20260406.80.1 Included Software: <url:github.com> Image Release: <url:github.com> Contents: read Metadata: read Secret source: None Prepare workflow directory Prepare all required actions Getting action download info Download action repository 'actions/checkout@<SHA>' (SHA:<SHA>) Complete job name: check with: persist-credentials: false repository: psf/black token: *** ssh,0.37816238208452496,0.20035463863182076,0.00018434143318934657,0.025404935050257028,0.39589370280020797
test_failure,test_failure,test_failure,True,0.39589370280020797,0.017731320715683008,pypa/pip,CI,check,Decide whether the needed jobs succeeded or failed,runtime.exit_code,ollama,0.855,False,feat_primary_is_runtime=1; feat_first_error_before_tests=1,"ï»¿Current runner version: '2.334.0' Hosted Compute Agent Version: 20260213.493 Commit: <SHA> Build Date: Worker ID: {b9f0c0dc-541e-4304-aa8f-54244ac6371c} Azure Region: eastus2 Ubuntu 24.04.4 LTS Image: ubuntu-24.04 Version: 20260413.86.1 Included Software: <url:github.com> Image Release: <url:github.com> Contents: read Metadata: read Secret source: None Prepare workflow directory Prepare all required actions Getting action download info Download action repository 're-actors/alls-green@<SHA>' (SHA:<SHA>) Complete job name: check with: allowed-skips: vendoring , jobs: { ""determine-changes"": { ",0.37816238208452496,0.20035463863182076,0.00018434143318934657,0.025404935050257028,0.39589370280020797
test_failure,test_failure,test_failure,True,0.4462507206611077,0.0788071520825695,pydantic/pydantic,CI,Test memray,Run tests,runtime.exit_code,ollama,0.81,False,feat_fw_pytest=1; feat_kw_config_fail=1; feat_config_no_compile=1; feat_primary_is_runtime=1; feat_config_missing_file=1; feat_first_error_after_tests_started=1; feat_error_in_test_step=1,ï»¿Current runner version: '2.333.0' Hosted Compute Agent Version: 20260213.493 Commit: <SHA> Build Date: Worker ID: {603132ef-eaa2-4020-b648-955187dd08b6} Azure Region: westus Ubuntu 24.04.4 LTS Image: ubuntu-24.04 Version: 20260323.65.1 Included Software: <url:github.com> Image Release: <url:github.com> Actions: write ArtifactMetadata: write Attestations: write Checks: write Contents: write Deployments: write Discussions: write Issues: write Metadata: read Models: read Packages: write Pages: write PullRequests: write RepositoryProjects: write SecurityEvents: write Statuses: write Secret sour,0.3674435685785382,0.15843637595321236,0.0015919532420832837,0.026277381565058523,0.4462507206611077
configuration,configuration,configuration,True,0.542989314818322,0.16610693668069204,aio-libs/aiohttp,CI,Linter,Run docs spelling,runtime.exit_code,ollama,0.9,False,feat_fw_pytest=1; feat_kw_config_fail=1; feat_config_no_compile=1; feat_primary_is_runtime=1; feat_config_auth_permission=1; feat_error_in_setup_step=1; feat_has_dependency_install=1; feat_config_strong_only=1,"six-1.17.0-py2.py3-none-any.whl (11 kB) Using cached typing_extensions-4.15.0-py3-none-any.whl (44 kB) Using cached typing_inspection-0.4.2-py3-none-any.whl (14 kB) Using cached virtualenv-21.2.0-py3-none-any.whl (5.8 MB) Using cached distlib-0.4.0-py2.py3-none-any.whl (469 kB) Using cached filelock-3.25.2-py3-none-any.whl (26 kB) Using cached platformdirs-4.9.4-py3-none-any.whl (21 kB) Using cached python_discovery-1.2.0-py3-none-any.whl (31 kB) Installing collected packages: forbiddenfruit, distlib, zlib_ng, valkey, uvloop, typing_extensions, six, pyyaml, proxy.py, pluggy, platformdirs, path",0.044954847361541796,0.542989314818322,6.949065235108961e-05,0.03510396903015507,0.37688237813763
compilation,test_failure,test_failure,False,0.39589370280020797,0.017731320715683008,tiangolo/fastapi,pre-commit,pre-commit-alls-green,Decide whether the needed jobs succeeded or failed,runtime.exit_code,ollama,0.855,False,feat_primary_is_runtime=1; feat_first_error_before_tests=1,"""repos_url"": ""<url:api.github.com> ""site_admin"": false, ""starred_url"": ""<url:api.github.com> ""subscriptions_url"": ""<url:api.github.com> ""type"": ""User"", ""url"": ""<url:api.github.com> ""user_view_type"": ""public"" }, ""private"": false, ""pull_request_creation_policy"": ""all"", ""pulls_url"": ""<url:api.github.com> ""pushed_at"": """", ""releases_url"": ""<url:api.github.com> ""size"": 40564, ""squash_merge_commit_message"": ""COMMIT_MESSAGES"", ""squash_merge_commit_title"": ""COMMIT_OR_PR_TITLE"", ""ssh_url"": ""git@github.com:WhitehatD/fastapi.git"", ""stargazers_count"": 0, ""stargazers_url"": ""<url:api.github.com> ""statuses_ur",0.37816238208452496,0.20035463863182076,0.00018434143318934657,0.025404935050257028,0.39589370280020797
compilation,test_failure,test_failure,False,0.39589370280020797,0.017731320715683008,astral-sh/ruff,CI,all required checks passed,Check required jobs passed,runtime.exit_code,ollama,0.855,False,feat_primary_is_runtime=1; feat_first_error_before_tests=1,"ï»¿Current runner version: '2.333.1' Hosted Compute Agent Version: 20260213.493 Commit: <SHA> Build Date: Worker ID: {5b99e19f-7b4a-4eb4-a1b6-48d32b9a7740} Azure Region: northcentralus - OS: Linux (x64) - Source: Docker - Name: ubuntu:24.04 - Version: 20260323.53.1 Metadata: read Secret source: Actions Prepare workflow directory Prepare all required actions Complete job name: all required checks passed failing=$(echo ""$NEEDS_JSON"" | jq -r 'to_entries[] | select(.value.result != ""success"" and .value.result != ""skipped"") | ""\(.key): \(.value.result)""') if [ -n ""$failing"" ]; then echo ""$failing"" ",0.37816238208452496,0.20035463863182076,0.00018434143318934657,0.025404935050257028,0.39589370280020797
configuration,compilation,compilation,False,0.4343184815803638,0.15147101405893748,sqlalchemy/sqlalchemy,Run tests,test-3.11-windows-latest-x86-cext-greenlet,Run tests,runtime.exit_code,ollama,0.95,False,feat_primary_is_runtime=1; feat_first_error_before_tests=1; feat_has_dependency_install=1,ï»¿Current runner version: '2.331.0' Hosted Compute Agent Version: 20260213.493 Commit: <SHA> Build Date: Worker ID: {881c98bf-ddb6-474e-954e-a325aeeec216} Azure Region: northcentralus Microsoft Windows Server 2025 10.0.26100 Datacenter Image: windows-2025 Version: 20260217.31.1 Included Software: <url:github.com> Image Release: <url:github.com> Contents: read Metadata: read Secret source: Actions Prepare workflow directory Prepare all required actions Getting action download info Download action repository 'actions/checkout@v4' (SHA:<SHA>) Download action repository 'actions/setup-python@v5' ,0.4343184815803638,0.24071271267159447,0.00023307381832696146,0.0418882644082886,0.2828474675214263
compilation,test_failure,test_failure,False,0.39589370280020797,0.017731320715683008,aio-libs/aiohttp,CI,check,Decide whether the needed jobs succeeded or failed,runtime.exit_code,ollama,0.855,False,feat_primary_is_runtime=1; feat_first_error_before_tests=1,ï»¿Current runner version: '2.333.0' Hosted Compute Agent Version: 20260213.493 Commit: <SHA> Build Date: Worker ID: {17bdc281-b16b-4ffb-b199-c302439a5d06} Azure Region: eastus2 Ubuntu 24.04.4 LTS Image: ubuntu-24.04 Version: 20260323.65.1 Included Software: <url:github.com> Image Release: <url:github.com> Metadata: read Secret source: Actions Prepare workflow directory Prepare all required actions Getting action download info Download action repository 're-actors/alls-green@release/v1' (SHA:<SHA>) Download action repository 'codecov/codecov-action@v5' (SHA:<SHA>) Getting action download info ,0.37816238208452496,0.20035463863182076,0.00018434143318934657,0.025404935050257028,0.39589370280020797
test_failure,test_failure,test_failure,True,0.39589370280020797,0.017731320715683008,encode/starlette,Test Suite,check,Decide whether the needed jobs succeeded or failed,runtime.exit_code,ollama,0.855,False,feat_primary_is_runtime=1; feat_first_error_before_tests=1,ï»¿Current runner version: '2.331.0' Hosted Compute Agent Version: 20260123.484 Commit: <SHA> Build Date: Worker ID: {797e20ae-1aff-4255-a74d-b71a495c5499} Azure Region: eastus2 Ubuntu 24.04.3 LTS Image: ubuntu-24.04 Version: 20260209.23.1 Included Software: <url:github.com> Image Release: <url:github.com> Actions: read ArtifactMetadata: read Attestations: read Checks: read Contents: read Deployments: read Discussions: read Issues: read Metadata: read Models: read Packages: read Pages: read PullRequests: read RepositoryProjects: read SecurityEvents: read Statuses: read Secret source: None Prep,0.37816238208452496,0.20035463863182076,0.00018434143318934657,0.025404935050257028,0.39589370280020797
compilation,test_failure,test_failure,False,0.4476259055455641,0.1640151926028447,mapstruct/mapstruct,Java EA,Linux JDK EA,Test,dep.not_found,ollama,0.855,False,feat_tests_ran=1; feat_num_tests_run=12; feat_build_duration=0.094; feat_fw_junit=1; feat_is_java=1; feat_step_is_test=1; feat_primary_is_config=1; feat_first_error_after_tests_started=1; feat_error_in_test_step=1; feat_has_compile_task=1,"SITE: jdk.java.net RELEASE: EA VERSION: latest INSTALL_AS_VERSION: URI: openjdk 21.0.10 2026-01-20 LTS OpenJDK Runtime Environment Temurin-21.0.10+7 (build 21.0.10+7-LTS) OpenJDK 64-Bit Server VM Temurin-21.0.10+7 (build 21.0.10+7-LTS, mixed mode, sharing) Archive openjdk-27-ea+16_linux-x64_bin.tar.gz in file:///home/runner/.oracle-actions/setup-java/807f9a3e/ with: java-version: 2139121090 distribution: jdkfile jdkFile: /home/runner/.oracle-actions/setup-java/807f9a3e/openjdk-27-ea+16_linux-x64_bin.tar.gz java-package: jdk check-latest: false server-id: github server-username: GITHUB_ACTOR se",0.2211177368343092,0.2836107129427194,0.01765180509158413,0.029993839585823103,0.4476259055455641
test_failure,test_failure,test_failure,True,0.39589370280020797,0.017731320715683008,pypa/pip,CI,check,Decide whether the needed jobs succeeded or failed,runtime.exit_code,ollama,0.855,False,feat_primary_is_runtime=1; feat_first_error_before_tests=1,"ï»¿Current runner version: '2.332.0' Hosted Compute Agent Version: 20260213.493 Commit: <SHA> Build Date: Worker ID: {f9743fc4-edb4-41f3-a1f5-b669e6481a34} Azure Region: centralus Ubuntu 24.04.3 LTS Image: ubuntu-24.04 Version: 20260309.50.1 Included Software: <url:github.com> Image Release: <url:github.com> Contents: read Metadata: read Packages: read Secret source: Actions Prepare workflow directory Prepare all required actions Getting action download info Download action repository 're-actors/alls-green@release/v1' (SHA:<SHA>) Complete job name: check with: allowed-skips: , jobs: { ""determi",0.37816238208452496,0.20035463863182076,0.00018434143318934657,0.025404935050257028,0.39589370280020797
test_failure,test_failure,test_failure,True,0.39589370280020797,0.017731320715683008,encode/starlette,Test Suite,check,Decide whether the needed jobs succeeded or failed,runtime.exit_code,ollama,0.855,False,feat_primary_is_runtime=1; feat_first_error_before_tests=1,ï»¿Current runner version: '2.331.0' Hosted Compute Agent Version: 20260123.484 Commit: <SHA> Build Date: Worker ID: {5b463130-408f-48e3-9e19-84b3718255d6} Azure Region: westus3 Ubuntu 24.04.3 LTS Image: ubuntu-24.04 Version: 20260201.15.1 Included Software: <url:github.com> Image Release: <url:github.com> Actions: read ArtifactMetadata: read Attestations: read Checks: read Contents: read Deployments: read Discussions: read Issues: read Metadata: read Models: read Packages: read Pages: read PullRequests: read RepositoryProjects: read SecurityEvents: read Statuses: read Secret source: Dependabo,0.37816238208452496,0.20035463863182076,0.00018434143318934657,0.025404935050257028,0.39589370280020797
infrastructure,infrastructure,infrastructure,True,0.3579859745485043,0.016831616144777795,apache/airflow,Tests,CI image checks / Static checks,Static checks,unknown.other,ollama,0.8,False,feat_first_error_before_tests=1; feat_has_dependency_install=1,"docker run -v ""${GITHUB_WORKSPACE}:/workspace"" -u 0:0 bash -c ""rm -rf /workspace/*"" shell: /usr/bin/bash --noprofile --norc -e -o pipefail {0} env: PYTHON_MAJOR_MINOR_VERSION: 3.10 UPGRADE_TO_NEWER_DEPENDENCIES: false GITHUB_TOKEN: *** Unable to find image 'bash:latest' locally latest: Pulling from library/bash 6a0ac1617861: Pulling fs layer 91eccb35d8cc: Pulling fs layer 2eddc95288cd: Pulling fs layer 2eddc95288cd: Verifying Checksum 2eddc95288cd: Download complete 6a0ac1617861: Verifying Checksum 6a0ac1617861: Download complete 91eccb35d8cc: Download complete 6a0ac1617861: Pull complete 91ec",0.16712037911370842,0.13262748954432,0.001111798389740665,0.3579859745485043,0.3411543584037265
compilation,compilation,compilation,True,0.5486617478711687,0.20862639130443866,hibernate/hibernate-orm,GH Actions CI reporting,Publish Develocity build scans,Publish Develocity build scans for previous builds,runtime.exit_code,ollama,0.855,False,feat_build_duration=91; feat_fw_gradle=1; feat_is_java=1; feat_kw_compile_fail=1; feat_compile_no_tests=1; feat_step_is_compile=1; feat_primary_is_runtime=1; feat_compile_build_task=1; feat_first_error_before_tests=1; feat_error_in_compile_step=1; feat_has_compile_task=1; feat_compile_over_config_guard=1,ing includeIf entries pointing to credentials config files [command]/usr/bin/git config --local --name-only --get-regexp ^includeIf\.gitdir: includeif.gitdir:/home/runner/work/hibernate-orm/hibernate-orm/.git.path includeif.gitdir:/home/runner/work/hibernate-orm/hibernate-orm/.git/worktrees/*.path includeif.gitdir:/github/workspace/.git.path includeif.gitdir:/github/workspace/.git/worktrees/*.path [command]/usr/bin/git config --local --get-all includeif.gitdir:/home/runner/work/hibernate-orm/hibernate-orm/.git.path /home/runner/work/_temp/git-credentials-1d2be646-bd1d-4000-aa92-95a4908b11b9.co,0.5486617478711687,0.34003535656673006,5.7970491265423336e-05,0.012924082173422908,0.0983208428974129
configuration,test_failure,test_failure,False,0.43528491258847196,0.07904990104792692,mlflow/mlflow,JS,js (--testPathIgnorePatterns),Run prettier,runtime.exit_code,ollama,0.9,False,feat_step_is_lint=1; feat_primary_is_runtime=1; feat_first_error_before_tests=1; feat_error_in_lint_step=1; feat_has_dependency_install=1,"h --noprofile --norc -e -o pipefail {0} removed 65 packages, and changed 112 packages in 4s 15 packages are looking for funding run `npm fund` for details yarn install --immutable shell: /usr/bin/bash -e {0} â¤ YN0000: Yarn detected that the current workflow is executed from a public pull request. For safety the hardened mode has been enabled. â¤ YN0000: It will prevent malicious lockfile manipulations, in exchange for a slower install time. You can opt-out if necessary; check our documentation for more details. â¤ YN0000: Â· Yarn 4.12.0 â¤ YN0000: â Resolution step â¤ YN0000: â /tmp/",0.35623501154054504,0.17092794364571534,0.00020779061664597375,0.037344341608621705,0.43528491258847196
configuration,compilation,compilation,False,0.4778283322646457,0.1310854663458011,assertj/assertj-core,CI,Java 25 (windows-latest),Test,runtime.exit_code,ollama,0.95,False,feat_fw_junit=1; feat_fw_gradle=1; feat_is_java=1; feat_step_is_test=1; feat_primary_is_runtime=1; feat_first_error_before_tests=1; feat_error_in_test_step=1,ï»¿Current runner version: '2.331.0' Hosted Compute Agent Version: 20260213.493 Commit: <SHA> Build Date: Worker ID: {a1e684b5-c116-4818-b9ce-7dfd2d889a60} Azure Region: eastus2 Microsoft Windows Server 2025 10.0.26100 Datacenter Image: windows-2025 Version: 20260217.31.1 Included Software: <url:github.com> Image Release: <url:github.com> Metadata: read Secret source: Actions Prepare workflow directory Prepare all required actions Getting action download info Download action repository 'actions/checkout@<SHA>' (SHA:<SHA>) Download action repository 'actions/setup-java@<SHA>' (SHA:<SHA>) Downlo,0.4778283322646457,0.3467428659188446,0.0021789467349340227,0.07684299408857778,0.09640686099299774
test_failure,infrastructure,infrastructure,False,0.4847595401870418,0.011723584063406345,pypa/pipenv,CI,Windows / 3.10,Run tests,infra.network.socket,ollama,0.855,False,feat_fw_pytest=1; feat_kw_test_assert=1; feat_primary_is_infra=1; feat_first_error_after_tests_started=1; feat_error_in_test_step=1; feat_has_dependency_install=1,"Successfully installed packaging-26.0 setuptools-82.0.1 wheel-0.46.3 git submodule sync git submodule update --init --recursive python -m pip install -e . --upgrade pipenv install --deploy --dev --python=3.10 shell: C:\Program Files\PowerShell\7\pwsh.EXE -command "". '{0}'"" env: pythonLocation: C:\hostedtoolcache\windows\Python\3.10.11\x64 PKG_CONFIG_PATH: C:\hostedtoolcache\windows\Python\3.10.11\x64/lib/pkgconfig Python_ROOT_DIR: C:\hostedtoolcache\windows\Python\3.10.11\x64 Python2_ROOT_DIR: C:\hostedtoolcache\windows\Python\3.10.11\x64 Python3_ROOT_DIR: C:\hostedtoolcache\windows\Python\3.1",0.027498719869563197,0.01354470143649106,0.0011610823832684765,0.4847595401870418,0.47303595612363547
test_failure,test_failure,test_failure,True,0.5132568251619605,0.10392356832615424,psf/black,test,"test (3.11, ubuntu-latest)",Unit tests,compile.syntax,ollama,0.855,False,feat_kw_test_assert=1; feat_primary_is_compile=1; feat_first_error_before_tests=1,sertFormatEqual_print_tree_diff tests/test_black.py::BlackTestCase::test_bpo_2142_workaround [gw1] [ 2%] PASSED tests/test_black.py::BlackTestCase::test_find_pyproject_toml [gw3] [ 2%] PASSED tests/test_black.py::BlackTestCase::test_required_version_does_not_match_on_minor_version tests/test_black.py::BlackTestCase::test_normalize_path_ignore_windows_junctions_outside_of_root tests/test_black.py::BlackTestCase::test_required_version_does_not_match_version [gw2] [ 2%] PASSED tests/test_black.py::BlackTestCase::test_normalize_path_ignore_windows_junctions_outside_of_root tests/test_black.py::Bla,0.40933325683580624,0.024191620458841306,0.0002193165008469932,0.05299898104254499,0.5132568251619605
test_failure,test_failure,test_failure,True,0.39589370280020797,0.017731320715683008,aio-libs/aiohttp,CI,check,Decide whether the needed jobs succeeded or failed,runtime.exit_code,ollama,0.855,False,feat_primary_is_runtime=1; feat_first_error_before_tests=1,ï»¿Current runner version: '2.333.1' Hosted Compute Agent Version: 20260213.493 Commit: <SHA> Build Date: Worker ID: {45e7a2bf-d7ed-41a2-9c6c-e8a5a7bb4d87} Azure Region: westus Ubuntu 24.04.4 LTS Image: ubuntu-24.04 Version: 20260329.72.1 Included Software: <url:github.com> Image Release: <url:github.com> Metadata: read Secret source: Actions Prepare workflow directory Prepare all required actions Getting action download info Download action repository 're-actors/alls-green@release/v1' (SHA:<SHA>) Download action repository 'codecov/codecov-action@v6' (SHA:<SHA>) Getting action download info D,0.37816238208452496,0.20035463863182076,0.00018434143318934657,0.025404935050257028,0.39589370280020797
compilation,test_failure,test_failure,False,0.39589370280020797,0.017731320715683008,pypa/pip,CI,mre / 3.14 / main,Run MRE against main,runtime.exit_code,ollama,0.855,False,feat_primary_is_runtime=1; feat_first_error_before_tests=1,ï»¿Current runner version: '2.333.1' Hosted Compute Agent Version: 20260213.493 Commit: <SHA> Build Date: Worker ID: {b7011cb9-3bbf-4523-964b-10c792e0527e} Azure Region: westus3 Microsoft Windows Server 2025 10.0.26100 Datacenter Image: windows-2025 Version: 20260413.84.1 Included Software: <url:github.com> Image Release: <url:github.com> Contents: read Metadata: read Secret source: None Prepare workflow directory Prepare all required actions Getting action download info Download action repository 'actions/checkout@<SHA>' (SHA:<SHA>) Download action repository 'actions/setup-python@<SHA>' (SHA,0.37816238208452496,0.20035463863182076,0.00018434143318934657,0.025404935050257028,0.39589370280020797
configuration,test_failure,test_failure,False,0.39589370280020797,0.017731320715683008,django/django,Check commit prefix,check-commit-suffix,Check commit messages suffix,runtime.exit_code,ollama,0.95,False,feat_primary_is_runtime=1; feat_first_error_before_tests=1,ï»¿Current runner version: '2.333.1' Hosted Compute Agent Version: 20260213.493 Commit: <SHA> Build Date: Worker ID: {30b4801a-bec0-4c9d-8f65-21e7a5ed6ab9} Azure Region: centralus Ubuntu 24.04.4 LTS Image: ubuntu-24.04 Version: 20260413.86.1 Included Software: <url:github.com> Image Release: <url:github.com> Contents: read Metadata: read Secret source: None Prepare workflow directory Prepare all required actions Getting action download info Download action repository 'actions/checkout@v6' (SHA:<SHA>) Complete job name: check-commit-suffix with: persist-credentials: false repository: django/dja,0.37816238208452496,0.20035463863182076,0.00018434143318934657,0.025404935050257028,0.39589370280020797
compilation,test_failure,test_failure,False,0.39589370280020797,0.017731320715683008,pytest-dev/pytest,test,check,Decide whether the needed jobs succeeded or failed,runtime.exit_code,ollama,0.855,False,feat_primary_is_runtime=1; feat_first_error_before_tests=1,"ï»¿Current runner version: '2.332.0' Hosted Compute Agent Version: 20260213.493 Commit: <SHA> Build Date: Worker ID: {57f4bba8-9f5e-4795-b404-960ddbd7dca3} Azure Region: northcentralus Ubuntu 24.04.3 LTS Image: ubuntu-24.04 Version: 20260309.50.1 Included Software: <url:github.com> Image Release: <url:github.com> Metadata: read Secret source: None Prepare workflow directory Prepare all required actions Getting action download info Download action repository 're-actors/alls-green@<SHA>' (SHA:<SHA>) Complete job name: check with: jobs: { ""build"": { ""result"": ""failure"", ""outputs"": {} } } allowed-",0.37816238208452496,0.20035463863182076,0.00018434143318934657,0.025404935050257028,0.39589370280020797
configuration,test_failure,test_failure,False,0.39589370280020797,0.017731320715683008,pypa/setuptools,tests,check,Decide whether the needed jobs succeeded or failed,runtime.exit_code,ollama,0.95,False,feat_primary_is_runtime=1; feat_first_error_before_tests=1,"ï»¿Current runner version: '2.331.0' Hosted Compute Agent Version: 20260123.484 Commit: <SHA> Build Date: Worker ID: {8681ebd3-36d3-4f69-941e-6fd46091ad3a} Azure Region: eastus Ubuntu 24.04.3 LTS Image: ubuntu-24.04 Version: 20260201.15.1 Included Software: <url:github.com> Image Release: <url:github.com> Contents: read Metadata: read Secret source: None Prepare workflow directory Prepare all required actions Getting action download info Download action repository 're-actors/alls-green@release/v1' (SHA:<SHA>) Complete job name: check with: allowed-skips: check-changed-folders, integration-test",0.37816238208452496,0.20035463863182076,0.00018434143318934657,0.025404935050257028,0.39589370280020797
test_failure,test_failure,test_failure,True,0.39589370280020797,0.017731320715683008,aio-libs/aiobotocore,CI/CD,check,Decide whether the needed jobs succeeded or failed,runtime.exit_code,ollama,0.855,False,feat_primary_is_runtime=1; feat_first_error_before_tests=1,"ï»¿Current runner version: '2.332.0' Hosted Compute Agent Version: 20260213.493 Commit: <SHA> Build Date: Worker ID: {90a000b9-6c7c-473f-ab7c-fa53c987b249} Azure Region: westus3 Ubuntu 24.04.3 LTS Image: ubuntu-24.04 Version: 20260302.42.1 Included Software: <url:github.com> Image Release: <url:github.com> Metadata: read Secret source: Dependabot Prepare workflow directory Prepare all required actions Getting action download info Download action repository 're-actors/alls-green@<SHA>' (SHA:<SHA>) Complete job name: check with: jobs: { ""build"": { ""result"": ""success"", ""outputs"": {} }, ""test"": { ",0.37816238208452496,0.20035463863182076,0.00018434143318934657,0.025404935050257028,0.39589370280020797
test_failure,test_failure,test_failure,True,0.5412084607805547,0.20235896147131965,pytest-dev/pytest,test,build (windows-py310-xdist),Test without coverage,runtime.exit_code,ollama,0.72,False,feat_fw_junit=1; feat_fw_pytest=1; feat_step_is_test=1; feat_primary_is_runtime=1; feat_first_error_after_tests_started=1; feat_error_in_test_step=1; feat_has_dependency_install=1,"Or undo this operation with: git switch - Turn off this advice by setting config variable advice.detachedHead to false HEAD is now at 37caf4d9f Merge <SHA> into <SHA> [command]""C:\Program Files\Git\bin\git.exe"" log -1 --format=%H <SHA> Removing SSH command configuration [command]""C:\Program Files\Git\bin\git.exe"" config --local --name-only --get-regexp core\.sshCommand [command]""C:\Program Files\Git\bin\git.exe"" submodule foreach --recursive ""sh -c \""git config --local --name-only --get-regexp 'core\.sshCommand' && git config --local --unset-all 'core.sshCommand' || :\"""" Removing HTTP extra he",0.3388494993092351,0.0942615454009002,0.004938267260052558,0.02074222724925736,0.5412084607805547
configuration,compilation,compilation,False,0.5110597225097439,0.043833315884540924,wtforms/wtforms,Tests,py3.14 pallets-eco/wtforms-sqlalchemy downstream,Install downstream test environment,runtime.exit_code,ollama,0.95,False,feat_kw_config_fail=1; feat_config_no_compile=1; feat_step_is_test=1; feat_step_is_setup=1; feat_primary_is_runtime=1; feat_config_missing_file=1; feat_first_error_before_tests=1; feat_error_in_setup_step=1; feat_error_in_test_step=1; feat_has_dependency_install=1,"-global --add safe.directory /home/runner/work/wtforms/wtforms/wtforms [command]/usr/bin/git init /home/runner/work/wtforms/wtforms/wtforms hint: Using 'master' as the name for the initial branch. This default branch name hint: will change to ""main"" in Git 3.0. To configure the initial branch name hint: to use in all of your new repositories, which will suppress this warning, hint: call: hint: hint: git config --global init.defaultBranch <name> hint: hint: Names commonly chosen instead of 'master' are 'main', 'trunk' and hint: 'development'. The just-created branch can be renamed via this comm",0.5110597225097439,0.46722640662520293,0.00035163951070901566,0.007816670344915266,0.0135455610094289
compilation,test_failure,test_failure,False,0.39589370280020797,0.017731320715683008,python-poetry/poetry,Tests,Status,Run false,runtime.exit_code,ollama,0.855,False,feat_primary_is_runtime=1; feat_first_error_before_tests=1,ï»¿Current runner version: '2.331.0' Hosted Compute Agent Version: 20260213.493 Commit: <SHA> Build Date: Worker ID: {4b564c0b-fd7d-404d-98d9-feecfc7efd08} Azure Region: centralus Ubuntu 24.04.3 LTS Image: ubuntu-24.04 Version: 20260224.36.1 Included Software: <url:github.com> Image Release: <url:github.com> Metadata: read Secret source: None Prepare workflow directory Prepare all required actions Complete job name: Status false shell: /usr/bin/bash --noprofile --norc -e -o pipefail {0} ##[error]Process completed with exit code 1. Cleaning up orphan processes,0.37816238208452496,0.20035463863182076,0.00018434143318934657,0.025404935050257028,0.39589370280020797
configuration,compilation,compilation,False,0.4343184815803638,0.15147101405893748,sqlalchemy/sqlalchemy,Run tests,test-3.11-windows-latest-x86-cext-greenlet,Run tests,runtime.exit_code,ollama,0.95,False,feat_primary_is_runtime=1; feat_first_error_before_tests=1; feat_has_dependency_install=1,ï»¿Current runner version: '2.332.0' Hosted Compute Agent Version: 20260213.493 Commit: <SHA> Build Date: Worker ID: {8237bbe6-ae2b-4d28-b963-a70ed6b1f43f} Azure Region: westus Microsoft Windows Server 2025 10.0.26100 Datacenter Image: windows-2025 Version: 20260302.43.1 Included Software: <url:github.com> Image Release: <url:github.com> Contents: read Metadata: read Secret source: Actions Prepare workflow directory Prepare all required actions Getting action download info Download action repository 'actions/checkout@v4' (SHA:<SHA>) Download action repository 'actions/setup-python@v5' (SHA:<SH,0.4343184815803638,0.24071271267159447,0.00023307381832696146,0.0418882644082886,0.2828474675214263
configuration,test_failure,test_failure,False,0.39589370280020797,0.017731320715683008,pypa/setuptools,tests,check,Decide whether the needed jobs succeeded or failed,runtime.exit_code,ollama,0.85,False,feat_primary_is_runtime=1; feat_first_error_before_tests=1,"ï»¿Current runner version: '2.331.0' Hosted Compute Agent Version: 20260123.484 Commit: <SHA> Build Date: Worker ID: {52583b6f-f1db-461f-b7e9-724efcc771ba} Azure Region: westus3 Ubuntu 24.04.3 LTS Image: ubuntu-24.04 Version: 20260126.10.1 Included Software: <url:github.com> Image Release: <url:github.com> Contents: read Metadata: read Secret source: None Prepare workflow directory Prepare all required actions Getting action download info Download action repository 're-actors/alls-green@release/v1' (SHA:<SHA>) Complete job name: check with: allowed-skips: check-changed-folders, integration-tes",0.37816238208452496,0.20035463863182076,0.00018434143318934657,0.025404935050257028,0.39589370280020797
compilation,test_failure,test_failure,False,0.39589370280020797,0.017731320715683008,aio-libs/aiohttp,CI,check,Decide whether the needed jobs succeeded or failed,runtime.exit_code,ollama,0.855,False,feat_primary_is_runtime=1; feat_first_error_before_tests=1,ï»¿Current runner version: '2.333.1' Hosted Compute Agent Version: 20260213.493 Commit: <SHA> Build Date: Worker ID: {3a4e0ca7-403d-4dfe-85f2-ff196809720c} Azure Region: northcentralus Ubuntu 24.04.4 LTS Image: ubuntu-24.04 Version: 20260413.86.1 Included Software: <url:github.com> Image Release: <url:github.com> Metadata: read Secret source: None Prepare workflow directory Prepare all required actions Getting action download info Download action repository 're-actors/alls-green@release/v1' (SHA:<SHA>) Download action repository 'codecov/codecov-action@v6' (SHA:<SHA>) Getting action download i,0.37816238208452496,0.20035463863182076,0.00018434143318934657,0.025404935050257028,0.39589370280020797
infrastructure,infrastructure,infrastructure,True,0.484991808977587,0.25933526076606944,apache/airflow,Tests,MySQL tests: core / DB-core:MySQL:8.0:3.12:API...CLI,Migration Tests: 3.12:API Always CLI,runtime.exit_code,ollama,0.855,False,feat_primary_is_runtime=1,ï»¿Current runner version: '2.333.1' Hosted Compute Agent Version: 20260213.493 Commit: <SHA> Build Date: Worker ID: {96750885-33f4-4e4c-a99b-ed0b7024b742} Azure Region: westcentralus Ubuntu 22.04.5 LTS Image: ubuntu-22.04 Version: 20260413.88.1 Included Software: <url:github.com> Image Release: <url:github.com> Contents: read Metadata: read Secret source: None Prepare workflow directory Prepare all required actions Getting action download info Download action repository 'actions/checkout@<SHA>' (SHA:<SHA>) Uses: apache/airflow/.github/workflows/run-unit-tests.yml@refs/pull/65759/merge (<SHA>),0.22565654821151754,0.07365371705491316,0.00017709875919927085,0.484991808977587,0.21552082699678315
configuration,test_failure,test_failure,False,0.39589370280020797,0.017731320715683008,psf/black,changelog,check,Grep CHANGES.md for PR number,runtime.exit_code,ollama,0.95,False,feat_primary_is_runtime=1; feat_first_error_before_tests=1,ï»¿Current runner version: '2.331.0' Hosted Compute Agent Version: 20260123.484 Commit: <SHA> Build Date: Worker ID: {f51d181b-e686-413f-b783-d2a85a985f6c} Azure Region: northcentralus Ubuntu 24.04.3 LTS Image: ubuntu-24.04 Version: 20260209.23.1 Included Software: <url:github.com> Image Release: <url:github.com> Contents: read Metadata: read Secret source: None Prepare workflow directory Prepare all required actions Getting action download info Download action repository 'actions/checkout@<SHA>' (SHA:<SHA>) Complete job name: check with: persist-credentials: false repository: psf/black token:,0.37816238208452496,0.20035463863182076,0.00018434143318934657,0.025404935050257028,0.39589370280020797
test_failure,test_failure,test_failure,True,0.39589370280020797,0.017731320715683008,aio-libs/aiohttp,CI,check,Decide whether the needed jobs succeeded or failed,runtime.exit_code,ollama,0.855,False,feat_primary_is_runtime=1; feat_first_error_before_tests=1,ï»¿Current runner version: '2.333.1' Hosted Compute Agent Version: 20260213.493 Commit: <SHA> Build Date: Worker ID: {e20a3a6c-bd01-403b-886d-e94dd4b103e1} Azure Region: centralus Ubuntu 24.04.4 LTS Image: ubuntu-24.04 Version: 20260406.80.1 Included Software: <url:github.com> Image Release: <url:github.com> Metadata: read Secret source: Dependabot Prepare workflow directory Prepare all required actions Getting action download info Download action repository 're-actors/alls-green@release/v1' (SHA:<SHA>) Download action repository 'codecov/codecov-action@v6' (SHA:<SHA>) Getting action download ,0.37816238208452496,0.20035463863182076,0.00018434143318934657,0.025404935050257028,0.39589370280020797
compilation,test_failure,test_failure,False,0.4118530103650595,0.035924247011553,pydantic/pydantic,Pydantic Family Integration Tests,Test pydantic settings (3.9),Run tests,runtime.exit_code,ollama,0.855,False,feat_kw_config_fail=1; feat_config_no_compile=1; feat_primary_is_runtime=1; feat_config_missing_file=1; feat_first_error_before_tests=1,ï»¿Current runner version: '2.333.0' Hosted Compute Agent Version: 20260213.493 Commit: <SHA> Build Date: Worker ID: {b74643fd-a808-40ba-97c0-3825945dd981} Azure Region: eastus2 Ubuntu 24.04.4 LTS Image: ubuntu-24.04 Version: 20260323.65.1 Included Software: <url:github.com> Image Release: <url:github.com> Actions: write ArtifactMetadata: write Attestations: write Checks: write Contents: write Deployments: write Discussions: write Issues: write Metadata: read Models: read Packages: write Pages: write PullRequests: write RepositoryProjects: write SecurityEvents: write Statuses: write Secret sou,0.3759287633535065,0.1914795309505436,0.00019468160239226797,0.0205440137284981,0.4118530103650595
compilation,test_failure,test_failure,False,0.5412084607805547,0.20235896147131965,pytest-dev/pytest,test,build (ubuntu-py314),Test with coverage,runtime.exit_code,ollama,0.81,False,feat_fw_junit=1; feat_fw_pytest=1; feat_step_is_test=1; feat_primary_is_runtime=1; feat_first_error_after_tests_started=1; feat_error_in_test_step=1; feat_has_dependency_install=1,6.2.3 -> 6.2.3 * [new tag] 6.2.4 -> 6.2.4 * [new tag] 6.2.5 -> 6.2.5 * [new tag] 6.3.0.dev0 -> 6.3.0.dev0 * [new tag] 7.0.0 -> 7.0.0 * [new tag] 7.0.0.dev0 -> 7.0.0.dev0 * [new tag] 7.0.0.post1 -> 7.0.0.post1 * [new tag] 7.0.0rc1 -> 7.0.0rc1 * [new tag] 7.0.1 -> 7.0.1 * [new tag] 7.1.0 -> 7.1.0 * [new tag] 7.1.0.dev0 -> 7.1.0.dev0 * [new tag] 7.1.1 -> 7.1.1 * [new tag] 7.1.2 -> 7.1.2 * [new tag] 7.1.3 -> 7.1.3 * [new tag] 7.2.0 -> 7.2.0 * [new tag] 7.2.0.dev0 -> 7.2.0.dev0 * [new tag] 7.2.1 -> 7.2.1 * [new tag] 7.2.2 -> 7.2.2 * [new tag] 7.3.0 -> 7.3.0 * [new tag] 7.3.1 -> 7.3.1 * [new tag] 7.,0.3388494993092351,0.0942615454009002,0.004938267260052558,0.02074222724925736,0.5412084607805547
compilation,compilation,compilation,True,0.4343184815803638,0.15147101405893748,pypa/pipenv,CI,Package Manager Benchmark,Run benchmark suite,runtime.exit_code,ollama,0.81,False,feat_primary_is_runtime=1; feat_first_error_before_tests=1; feat_has_dependency_install=1,"anch can be renamed via this command: hint: hint: git branch -m <name> hint: hint: Disable this message with ""git config set advice.defaultBranchName false"" Initialized empty Git repository in /home/runner/work/pipenv/pipenv/.git/ [command]/usr/bin/git remote add origin <url:github.com> [command]/usr/bin/git config --local gc.auto 0 [command]/usr/bin/git config --local --name-only --get-regexp core\.sshCommand [command]/usr/bin/git submodule foreach --recursive sh -c ""git config --local --name-only --get-regexp 'core\.sshCommand' && git config --local --unset-all 'core.sshCommand' || :"" [comma",0.4343184815803638,0.24071271267159447,0.00023307381832696146,0.0418882644082886,0.2828474675214263
compilation,test_failure,test_failure,False,0.39589370280020797,0.017731320715683008,pypa/setuptools,tests,check,Decide whether the needed jobs succeeded or failed,runtime.exit_code,ollama,0.855,False,feat_primary_is_runtime=1; feat_first_error_before_tests=1,"ï»¿Current runner version: '2.331.0' Hosted Compute Agent Version: 20260123.484 Commit: <SHA> Build Date: Worker ID: {f134abf2-2c60-458d-ab21-7c971c71b1e4} Azure Region: centralus Ubuntu 24.04.3 LTS Image: ubuntu-24.04 Version: 20260201.15.1 Included Software: <url:github.com> Image Release: <url:github.com> Contents: read Metadata: read Secret source: None Prepare workflow directory Prepare all required actions Getting action download info Download action repository 're-actors/alls-green@release/v1' (SHA:<SHA>) Complete job name: check with: allowed-skips: check-changed-folders, integration-t",0.37816238208452496,0.20035463863182076,0.00018434143318934657,0.025404935050257028,0.39589370280020797
test_failure,test_failure,test_failure,True,0.39589370280020797,0.017731320715683008,mlflow/mlflow,JS,check-component-ids,Check componentId registry,runtime.exit_code,ollama,0.72,False,feat_primary_is_runtime=1; feat_first_error_before_tests=1,ï»¿Current runner version: '2.333.1' Hosted Compute Agent Version: 20260213.493 Commit: <SHA> Build Date: Worker ID: {b7a81000-1b75-4d50-a691-12ee4c10d60a} Azure Region: westus3 - OS: Linux (x64) - Source: Docker - Name: ubuntu:24.04 - Version: 20260413.54.1 Contents: read Metadata: read Secret source: None Prepare workflow directory Prepare all required actions Getting action download info Download action repository 'actions/checkout@<SHA>' (SHA:<SHA>) Complete job name: check-component-ids with: persist-credentials: false repository: mlflow/mlflow token: *** ssh-strict: true ssh-user: git cl,0.37816238208452496,0.20035463863182076,0.00018434143318934657,0.025404935050257028,0.39589370280020797
test_failure,test_failure,test_failure,True,0.539824952329795,0.309789929623317,pydantic/pydantic,CI,docs-build,"Run PYTHONPATH=""$PWD${PYTHONPATH:+:${PYTHONPATH}}"" uv run mkdocs build",runtime.exit_code,ollama,0.81,False,feat_fw_pytest=1; feat_kw_config_fail=1; feat_config_no_compile=1; feat_step_is_compile=1; feat_primary_is_runtime=1; feat_config_missing_file=1; feat_first_error_after_tests_started=1; feat_error_in_compile_step=1; feat_error_in_test_step=1,"hint: git branch -m <name> hint: hint: Disable this message with ""git config set advice.defaultBranchName false"" Initialized empty Git repository in /home/runner/work/pydantic/pydantic/.git/ [command]/usr/bin/git remote add origin <url:github.com> [command]/usr/bin/git config --local gc.auto 0 Removing SSH command configuration [command]/usr/bin/git config --local --name-only --get-regexp core\.sshCommand [command]/usr/bin/git submodule foreach --recursive sh -c ""git config --local --name-only --get-regexp 'core\.sshCommand' && git config --local --unset-all 'core.sshCommand' || :"" Removing HT",0.19163090952402592,0.230035022706478,0.002209320600426456,0.03629979483927461,0.539824952329795
compilation,test_failure,test_failure,False,0.39589370280020797,0.017731320715683008,tiangolo/fastapi,pre-commit,pre-commit-alls-green,Decide whether the needed jobs succeeded or failed,runtime.exit_code,ollama,0.855,False,feat_primary_is_runtime=1; feat_first_error_before_tests=1,"""subscription_url"": ""<url:api.github.com> ""svn_url"": ""<url:github.com> ""tags_url"": ""<url:api.github.com> ""teams_url"": ""<url:api.github.com> ""topics"": [ ""api"", ""async"", ""asyncio"", ""fastapi"", ""framework"", ""json"", ""json-schema"", ""openapi"", ""openapi3"", ""pydantic"", ""python"", ""python-types"", ""python3"", ""redoc"", ""rest"", ""starlette"", ""swagger"", ""swagger-ui"", ""uvicorn"", ""web"" ], ""trees_url"": ""<url:api.github.com> ""updated_at"": """", ""url"": ""<url:api.github.com> ""use_squash_pr_title_as_default"": true, ""visibility"": ""public"", ""watchers"": 97056, ""watchers_count"": 97056, ""web_commit_signoff_required"": false ",0.37816238208452496,0.20035463863182076,0.00018434143318934657,0.025404935050257028,0.39589370280020797
test_failure,test_failure,test_failure,True,0.39589370280020797,0.017731320715683008,aio-libs/aiohttp,CI,check,Decide whether the needed jobs succeeded or failed,runtime.exit_code,ollama,0.855,False,feat_primary_is_runtime=1; feat_first_error_before_tests=1,ï»¿Current runner version: '2.333.1' Hosted Compute Agent Version: 20260213.493 Commit: <SHA> Build Date: Worker ID: {1266d5e1-4a2b-4bfa-9f59-3920a619727b} Azure Region: centralus Ubuntu 24.04.4 LTS Image: ubuntu-24.04 Version: 20260406.80.1 Included Software: <url:github.com> Image Release: <url:github.com> Metadata: read Secret source: Dependabot Prepare workflow directory Prepare all required actions Getting action download info Download action repository 're-actors/alls-green@release/v1' (SHA:<SHA>) Download action repository 'codecov/codecov-action@v6' (SHA:<SHA>) Getting action download ,0.37816238208452496,0.20035463863182076,0.00018434143318934657,0.025404935050257028,0.39589370280020797
test_failure,test_failure,test_failure,True,0.39589370280020797,0.017731320715683008,aio-libs/aiohttp,CI,check,Decide whether the needed jobs succeeded or failed,runtime.exit_code,ollama,0.855,False,feat_primary_is_runtime=1; feat_first_error_before_tests=1,ï»¿Current runner version: '2.333.0' Hosted Compute Agent Version: 20260213.493 Commit: <SHA> Build Date: Worker ID: {57d46a35-c404-40dc-b002-7ae5aac5a118} Azure Region: eastus2 Ubuntu 24.04.4 LTS Image: ubuntu-24.04 Version: 20260323.65.1 Included Software: <url:github.com> Image Release: <url:github.com> Metadata: read Secret source: Actions Prepare workflow directory Prepare all required actions Getting action download info Download action repository 're-actors/alls-green@release/v1' (SHA:<SHA>) Download action repository 'codecov/codecov-action@v6' (SHA:<SHA>) Getting action download info ,0.37816238208452496,0.20035463863182076,0.00018434143318934657,0.025404935050257028,0.39589370280020797
infrastructure,infrastructure,infrastructure,True,0.484991808977587,0.25933526076606944,apache/airflow,Tests,Special tests / System test: / System-core:SystemTest:14:3.10:Core...Serialization,core:System Tests SystemTest 14 Py3.10:Core Other Serialization,runtime.exit_code,ollama,0.855,False,feat_primary_is_runtime=1,ï»¿Current runner version: '2.333.1' Hosted Compute Agent Version: 20260213.493 Commit: <SHA> Build Date: Worker ID: {a37438b7-3636-4c83-9fe6-430db0d96f77} Azure Region: northcentralus Ubuntu 22.04.5 LTS Image: ubuntu-22.04 Version: 20260413.88.1 Included Software: <url:github.com> Image Release: <url:github.com> Contents: read Metadata: read Secret source: None Prepare workflow directory Prepare all required actions Getting action download info Download action repository 'actions/checkout@<SHA>' (SHA:<SHA>) Uses: apache/airflow/.github/workflows/run-unit-tests.yml@refs/pull/65853/merge (<SHA>,0.22565654821151754,0.07365371705491316,0.00017709875919927085,0.484991808977587,0.21552082699678315
compilation,test_failure,test_failure,False,0.4462507206611077,0.0788071520825695,pydantic/pydantic,CI,Test ubuntu-latest / 3.12,"Run uv run python -c ""import pydantic.version; print(pydantic.version.version_info())""",runtime.exit_code,ollama,0.81,False,feat_fw_pytest=1; feat_kw_config_fail=1; feat_config_no_compile=1; feat_primary_is_runtime=1; feat_config_missing_file=1; feat_first_error_after_tests_started=1; feat_error_in_test_step=1,ï»¿Current runner version: '2.333.0' Hosted Compute Agent Version: 20260213.493 Commit: <SHA> Build Date: Worker ID: {68cfd20d-6023-446e-bcfe-58b4593a05f4} Azure Region: eastus2 Ubuntu 24.04.4 LTS Image: ubuntu-24.04 Version: 20260323.65.1 Included Software: <url:github.com> Image Release: <url:github.com> Actions: write ArtifactMetadata: write Attestations: write Checks: write Contents: write Deployments: write Discussions: write Issues: write Metadata: read Models: read Packages: write Pages: write PullRequests: write RepositoryProjects: write SecurityEvents: write Statuses: write Secret sou,0.3674435685785382,0.15843637595321236,0.0015919532420832837,0.026277381565058523,0.4462507206611077
compilation,test_failure,test_failure,False,0.39589370280020797,0.017731320715683008,tiangolo/fastapi,Test Redistribute,test-redistribute-alls-green,Decide whether the needed jobs succeeded or failed,runtime.exit_code,ollama,0.855,False,feat_primary_is_runtime=1; feat_first_error_before_tests=1,"ï»¿Current runner version: '2.333.1' Hosted Compute Agent Version: 20260213.493 Commit: <SHA> Build Date: Worker ID: {88604be9-b159-44ae-854d-046bb81657f2} Azure Region: eastus Ubuntu 24.04.4 LTS Image: ubuntu-24.04 Version: 20260406.80.1 Included Software: <url:github.com> Image Release: <url:github.com> Contents: read Metadata: read Packages: read Secret source: None Prepare workflow directory Prepare all required actions Getting action download info Download action repository 're-actors/alls-green@release/v1' (SHA:<SHA>) Complete job name: test-redistribute-alls-green with: jobs: { ""test-re",0.37816238208452496,0.20035463863182076,0.00018434143318934657,0.025404935050257028,0.39589370280020797
test_failure,configuration,configuration,False,0.49361912020075777,0.14858260765050374,hibernate/hibernate-orm,GH Actions CI,GraalVM 25 - base-database-service-26ai,Run oracle-actions/setup-testpilot@f620f11f9f26dacfe80ba1823342e3e92604c55f,runtime.exit_code,ollama,0.81,False,feat_fw_gradle=1; feat_is_java=1; feat_step_is_setup=1; feat_primary_is_runtime=1; feat_first_error_before_tests=1; feat_error_in_setup_step=1,eda332c4dcea-systemd-resolved.service-pLd136': Operation not permitted rm: cannot remove '/var/tmp/systemd-private-a85792dd145e42a5865aeda332c4dcea-systemd-timedated.service-68JGB4': Operation not permitted rm: cannot remove '/var/tmp/systemd-private-a85792dd145e42a5865aeda332c4dcea-systemd-timesyncd.service-9x8KtW': Operation not permitted rm: cannot remove '/var/tmp/systemd-private-a85792dd145e42a5865aeda332c4dcea-unified-monitoring-agent.service-akcaK8': Operation not permitted with: persist-credentials: false repository: hibernate/hibernate-orm token: *** ssh-strict: true ssh-user: git cle,0.345036512550254,0.49361912020075777,0.00027690436310990826,0.14412475845670775,0.016942704429170497
test_failure,test_failure,test_failure,True,0.39589370280020797,0.017731320715683008,pypa/pip,CI,check,Decide whether the needed jobs succeeded or failed,runtime.exit_code,ollama,0.855,False,feat_primary_is_runtime=1; feat_first_error_before_tests=1,"ï»¿Current runner version: '2.332.0' Hosted Compute Agent Version: 20260213.493 Commit: <SHA> Build Date: Worker ID: {51a798f8-ca64-468c-a915-ab229791358b} Azure Region: centralus Ubuntu 22.04.5 LTS Image: ubuntu-22.04 Version: 20260302.50.1 Included Software: <url:github.com> Image Release: <url:github.com> Contents: read Metadata: read Packages: read Secret source: None Prepare workflow directory Prepare all required actions Getting action download info Download action repository 're-actors/alls-green@release/v1' (SHA:<SHA>) Complete job name: check with: allowed-skips: vendoring , jobs: { """,0.37816238208452496,0.20035463863182076,0.00018434143318934657,0.025404935050257028,0.39589370280020797
compilation,test_failure,test_failure,False,0.39589370280020797,0.017731320715683008,pypa/setuptools,tests,check,Decide whether the needed jobs succeeded or failed,runtime.exit_code,ollama,0.855,False,feat_primary_is_runtime=1; feat_first_error_before_tests=1,"ï»¿Current runner version: '2.331.0' Hosted Compute Agent Version: 20260123.484 Commit: <SHA> Build Date: Worker ID: {cf1012aa-3038-4843-a762-558f74a3c642} Azure Region: northcentralus Ubuntu 24.04.3 LTS Image: ubuntu-24.04 Version: 20260201.15.1 Included Software: <url:github.com> Image Release: <url:github.com> Contents: read Metadata: read Secret source: Actions Prepare workflow directory Prepare all required actions Getting action download info Download action repository 're-actors/alls-green@release/v1' (SHA:<SHA>) Complete job name: check with: allowed-skips: check-changed-folders, integ",0.37816238208452496,0.20035463863182076,0.00018434143318934657,0.025404935050257028,0.39589370280020797
test_failure,test_failure,test_failure,True,0.39589370280020797,0.017731320715683008,pypa/pip,CI,check,Decide whether the needed jobs succeeded or failed,runtime.exit_code,ollama,0.855,False,feat_primary_is_runtime=1; feat_first_error_before_tests=1,"ï»¿Current runner version: '2.333.1' Hosted Compute Agent Version: 20260213.493 Commit: <SHA> Build Date: Worker ID: {d4c33e23-04f7-47a3-977e-6eebe382d374} Azure Region: westcentralus Ubuntu 24.04.4 LTS Image: ubuntu-24.04 Version: 20260329.72.1 Included Software: <url:github.com> Image Release: <url:github.com> Contents: read Metadata: read Secret source: Actions Prepare workflow directory Prepare all required actions Getting action download info Download action repository 're-actors/alls-green@<SHA>' (SHA:<SHA>) Complete job name: check with: allowed-skips: , jobs: { ""determine-changes"": { """,0.37816238208452496,0.20035463863182076,0.00018434143318934657,0.025404935050257028,0.39589370280020797
configuration,test_failure,test_failure,False,0.39589370280020797,0.017731320715683008,psf/black,changelog,check,Grep CHANGES.md for PR number,runtime.exit_code,ollama,0.95,False,feat_primary_is_runtime=1; feat_first_error_before_tests=1,ï»¿Current runner version: '2.333.1' Hosted Compute Agent Version: 20260213.493 Commit: <SHA> Build Date: Worker ID: {d8479b73-667c-458a-a7c9-ab25828fe355} Azure Region: eastus Ubuntu 24.04.4 LTS Image: ubuntu-24.04 Version: 20260406.80.1 Included Software: <url:github.com> Image Release: <url:github.com> Contents: read Metadata: read Secret source: None Prepare workflow directory Prepare all required actions Getting action download info Download action repository 'actions/checkout@<SHA>' (SHA:<SHA>) Complete job name: check with: persist-credentials: false repository: psf/black token: *** ssh,0.37816238208452496,0.20035463863182076,0.00018434143318934657,0.025404935050257028,0.39589370280020797
compilation,test_failure,test_failure,False,0.43528491258847196,0.07904990104792692,pypa/pipenv,ruff,ruff,Run ruff check --output-format=github .,runtime.exit_code,ollama,0.855,False,feat_step_is_lint=1; feat_primary_is_runtime=1; feat_first_error_before_tests=1; feat_error_in_lint_step=1; feat_has_dependency_install=1,ï»¿Current runner version: '2.333.0' Hosted Compute Agent Version: 20260213.493 Commit: <SHA> Build Date: Worker ID: {5824a243-5c62-4ef5-a342-4e95797f73f2} Azure Region: northcentralus Ubuntu 24.04.4 LTS Image: ubuntu-24.04 Version: 20260323.65.1 Included Software: <url:github.com> Image Release: <url:github.com> Actions: write ArtifactMetadata: write Attestations: write Checks: write Contents: write Deployments: write Discussions: write Issues: write Metadata: read Models: read Packages: write Pages: write PullRequests: write RepositoryProjects: write SecurityEvents: write Statuses: write Sec,0.35623501154054504,0.17092794364571534,0.00020779061664597375,0.037344341608621705,0.43528491258847196
test_failure,compilation,compilation,False,0.4933085921287627,0.03419860834023464,fabric8io/kubernetes-client,Build,Java 17 Maven,Build Project,runtime.exit_code,ollama,0.855,False,feat_tests_ran=1; feat_num_tests_run=46; feat_build_duration=0.615; feat_fw_junit=1; feat_fw_gradle=1; feat_is_java=1; feat_step_is_compile=1; feat_primary_is_runtime=1; feat_first_error_after_tests_started=1; feat_error_in_compile_step=1; feat_error_in_test_step=1; feat_has_compile_task=1,r] [INFO] Kube API Test - Client Injecting Support [jar] [INFO] Fabric8 :: Openshift :: Java Client API [jar] [INFO] Fabric8 :: Openshift :: Java Client [jar] [INFO] Fabric8 :: Kubernetes :: Extensions [pom] [INFO] Fabric8 :: Knative :: Extension [pom] [INFO] Fabric8 :: Knative :: Model [bundle] [INFO] Fabric8 :: Knative :: Client [bundle] [INFO] Fabric8 :: Knative :: Examples [jar] [INFO] Fabric8 :: Knative :: Tests [jar] [INFO] Fabric8 :: Tekton :: Extension [pom] [INFO] Fabric8 :: Tekton :: Model [bundle] [INFO] Fabric8 :: Tekton :: Client [bundle] [INFO] Fabric8 :: Tekton :: Examples [jar],0.4933085921287627,0.030864598945205008,0.00039997688684637706,0.016316848250657903,0.4591099837885281
configuration,test_failure,test_failure,False,0.43589309615240907,0.07702765144405743,wtforms/wtforms,Tests,3.10,Run tests,runtime.exit_code,ollama,0.95,False,feat_fw_pytest=1; feat_primary_is_runtime=1; feat_first_error_after_tests_started=1; feat_error_in_test_step=1,ï»¿Current runner version: '2.333.1' Hosted Compute Agent Version: 20260213.493 Commit: <SHA> Build Date: Worker ID: {58aca7ce-b682-4431-b158-e59f8975bc05} Azure Region: centralus Ubuntu 24.04.4 LTS Image: ubuntu-24.04 Version: 20260413.86.1 Included Software: <url:github.com> Image Release: <url:github.com> Contents: read Metadata: read Packages: read Secret source: None Prepare workflow directory Prepare all required actions Getting action download info Download action repository 'actions/checkout@<SHA>' (SHA:<SHA>) Download action repository 'astral-sh/setup-uv@<SHA>' (SHA:<SHA>) Complete j,0.35886544470835163,0.16425421571598622,0.001463512978071608,0.0395237304451815,0.43589309615240907
configuration,compilation,compilation,False,0.4343184815803638,0.15147101405893748,sqlalchemy/sqlalchemy,Run tests,test-3.11-windows-latest-x86-cext-greenlet,Run tests,runtime.exit_code,ollama,0.95,False,feat_primary_is_runtime=1; feat_first_error_before_tests=1; feat_has_dependency_install=1,ï»¿Current runner version: '2.332.0' Hosted Compute Agent Version: 20260213.493 Commit: <SHA> Build Date: Worker ID: {e981ebe5-489a-48ad-89d1-046f68081e75} Azure Region: westus Microsoft Windows Server 2025 10.0.26100 Datacenter Image: windows-2025 Version: 20260317.61.1 Included Software: <url:github.com> Image Release: <url:github.com> Contents: read Metadata: read Secret source: Actions Prepare workflow directory Prepare all required actions Getting action download info Download action repository 'actions/checkout@v4' (SHA:<SHA>) Download action repository 'actions/setup-python@v5' (SHA:<SH,0.4343184815803638,0.24071271267159447,0.00023307381832696146,0.0418882644082886,0.2828474675214263
infrastructure,infrastructure,infrastructure,True,0.3579859745485043,0.016831616144777795,apache/airflow,Tests,CI image checks / Static checks,Static checks,unknown.other,ollama,0.8,False,feat_first_error_before_tests=1; feat_has_dependency_install=1,"Complete job name: CI image checks / Static checks docker run -v ""${GITHUB_WORKSPACE}:/workspace"" -u 0:0 bash -c ""rm -rf /workspace/*"" shell: /usr/bin/bash --noprofile --norc -e -o pipefail {0} env: PYTHON_MAJOR_MINOR_VERSION: 3.10 UPGRADE_TO_NEWER_DEPENDENCIES: false GITHUB_TOKEN: *** Unable to find image 'bash:latest' locally latest: Pulling from library/bash 6a0ac1617861: Pulling fs layer 91eccb35d8cc: Pulling fs layer 2eddc95288cd: Pulling fs layer 2eddc95288cd: Verifying Checksum 2eddc95288cd: Download complete 91eccb35d8cc: Verifying Checksum 91eccb35d8cc: Download complete 6a0ac1617861:",0.16712037911370842,0.13262748954432,0.001111798389740665,0.3579859745485043,0.3411543584037265
infrastructure,infrastructure,infrastructure,True,0.3579859745485043,0.016831616144777795,apache/airflow,Tests,CI image checks / Static checks,Static checks,unknown.other,ollama,0.8,False,feat_first_error_before_tests=1; feat_has_dependency_install=1,"prek-hooks: identity,lint-helm-chart,mypy-airflow-core,mypy-airflow-ctl,mypy-airflow-ctl-tests,mypy-airflow-e2e-tests,mypy-dev,mypy-devel-common,mypy-docker-tests,mypy-helm-tests,mypy-kubernetes-tests,mypy-scripts,mypy-shared-configuration,mypy-shared-dagnode,mypy-shared-listeners,mypy-shared-logging,mypy-shared-module_loading,mypy-shared-observability,mypy-shared-plugins_manager,mypy-shared-providers_discovery,mypy-shared-secrets_backend,mypy-shared-secrets_masker,mypy-shared-serialization,mypy-shared-template_rendering,mypy-shared-timezones,mypy-task-sdk,mypy-task-sdk-integration-tests,ts-co",0.16712037911370842,0.13262748954432,0.001111798389740665,0.3579859745485043,0.3411543584037265
configuration,compilation,compilation,False,0.49804722731098633,0.16381431851822786,pypa/setuptools,tests,"test_cygwin (3.14, windows-latest)",Record the currently selected Python version,runtime.command_not_found,rule,0.92,False,feat_kw_config_fail=1; feat_config_no_compile=1; feat_primary_is_runtime=1; feat_config_missing_file=1; feat_first_error_before_tests=1; feat_has_compile_task=1,"Azure Region: eastus Microsoft Windows Server 2025 10.0.26100 Datacenter Image: windows-2025 Version: 20260405.77.1 Included Software: <url:github.com> Image Release: <url:github.com> Contents: read Metadata: read Secret source: Actions Prepare workflow directory Prepare all required actions Getting action download info Download action repository 'actions/checkout@v4' (SHA:<SHA>) Download action repository 'cygwin/cygwin-install-action@v4' (SHA:<SHA>) Download action repository 'codecov/codecov-action@v4' (SHA:<SHA>) Complete job name: test_cygwin (3.14, windows-latest) with: repository: pypa/",0.49804722731098633,0.15539223701957594,0.00010553137360950235,0.012222095503069809,0.33423290879275847
compilation,test_failure,test_failure,False,0.4462507206611077,0.0788071520825695,pydantic/pydantic,CI,Test ubuntu-latest / 3.11,"Run uv run python -c ""import pydantic.version; print(pydantic.version.version_info())""",runtime.exit_code,ollama,0.81,False,feat_fw_pytest=1; feat_kw_config_fail=1; feat_config_no_compile=1; feat_primary_is_runtime=1; feat_config_missing_file=1; feat_first_error_after_tests_started=1; feat_error_in_test_step=1,ï»¿Current runner version: '2.332.0' Hosted Compute Agent Version: 20260213.493 Commit: <SHA> Build Date: Worker ID: {ad10bfbd-aca0-4969-806e-7fa3caf99348} Azure Region: northcentralus Ubuntu 24.04.3 LTS Image: ubuntu-24.04 Version: 20260309.50.1 Included Software: <url:github.com> Image Release: <url:github.com> Actions: write ArtifactMetadata: write Attestations: write Checks: write Contents: write Deployments: write Discussions: write Issues: write Metadata: read Models: read Packages: write Pages: write PullRequests: write RepositoryProjects: write SecurityEvents: write Statuses: write Sec,0.3674435685785382,0.15843637595321236,0.0015919532420832837,0.026277381565058523,0.4462507206611077
infrastructure,configuration,configuration,False,0.49361912020075777,0.14858260765050374,hibernate/hibernate-orm,GH Actions CI,GraalVM 25 - base-database-service-26ai,Run oracle-actions/setup-testpilot@f620f11f9f26dacfe80ba1823342e3e92604c55f,runtime.exit_code,ollama,0.81,False,feat_fw_gradle=1; feat_is_java=1; feat_step_is_setup=1; feat_primary_is_runtime=1; feat_first_error_before_tests=1; feat_error_in_setup_step=1,-5c3d-48c2-8a06-7dc3e9df34c8' before making global git config changes Adding repository directory to the temporary git global config as a safe directory [command]/usr/bin/git config --global --add safe.directory /home/ubuntu/actions-runner/_work/hibernate-orm/hibernate-orm [command]/usr/bin/git config --local --get remote.origin.url <url:github.com> [command]/usr/bin/git rev-parse --symbolic-full-name --verify --quiet HEAD refs/heads/main [command]/usr/bin/git checkout --detach HEAD is now at 76307ce5 Add Hibernate Tools merging to .git-blame-ignore-revs [command]/usr/bin/git branch --delete -,0.345036512550254,0.49361912020075777,0.00027690436310990826,0.14412475845670775,0.016942704429170497
test_failure,test_failure,test_failure,True,0.39589370280020797,0.017731320715683008,aio-libs/aiobotocore,CI/CD,check,Decide whether the needed jobs succeeded or failed,runtime.exit_code,ollama,0.855,False,feat_primary_is_runtime=1; feat_first_error_before_tests=1,"ï»¿Current runner version: '2.333.1' Hosted Compute Agent Version: 20260213.493 Commit: <SHA> Build Date: Worker ID: {c01add43-c0ed-4f3b-9655-6f7a9c29a3ad} Azure Region: northcentralus Ubuntu 24.04.4 LTS Image: ubuntu-24.04 Version: 20260406.80.1 Included Software: <url:github.com> Image Release: <url:github.com> Metadata: read Secret source: Actions Prepare workflow directory Prepare all required actions Getting action download info Download action repository 're-actors/alls-green@<SHA>' (SHA:<SHA>) Complete job name: check with: jobs: { ""build"": { ""result"": ""success"", ""outputs"": {} }, ""test""",0.37816238208452496,0.20035463863182076,0.00018434143318934657,0.025404935050257028,0.39589370280020797
compilation,compilation,compilation,True,0.4343184815803638,0.15147101405893748,pypa/pipenv,CI,Package Manager Benchmark,Run benchmark suite,runtime.exit_code,ollama,0.81,False,feat_primary_is_runtime=1; feat_first_error_before_tests=1; feat_has_dependency_install=1,"tents of '/home/runner/work/pipenv/pipenv' [command]/usr/bin/git init /home/runner/work/pipenv/pipenv hint: Using 'master' as the name for the initial branch. This default branch name hint: will change to ""main"" in Git 3.0. To configure the initial branch name hint: to use in all of your new repositories, which will suppress this warning, hint: call: hint: hint: git config --global init.defaultBranch <name> hint: hint: Names commonly chosen instead of 'master' are 'main', 'trunk' and hint: 'development'. The just-created branch can be renamed via this command: hint: hint: git branch -m <name> ",0.4343184815803638,0.24071271267159447,0.00023307381832696146,0.0418882644082886,0.2828474675214263
configuration,test_failure,test_failure,False,0.39589370280020797,0.017731320715683008,mlflow/mlflow,JS,js (--testPathIgnorePatterns),Run tests,runtime.exit_code,ollama,0.95,False,feat_primary_is_runtime=1; feat_first_error_before_tests=1,Yarn â¤ YN0000: â /tmp/xfs-c05f1330 STDOUT â¤ YN0000: â /tmp/xfs-7c6f076c STDOUT No package manager configuration detected; defaulting to Yarn â¤ YN0000: â /tmp/xfs-7c6f076c STDOUT â¤ YN0000: â /tmp/xfs-c05f1330 STDOUT â¤ YN0000: LICENSE â¤ YN0000: â /tmp/xfs-c05f1330 STDOUT â¤ YN0000: README.md â¤ YN0000: â /tmp/xfs-c05f1330 STDOUT â¤ YN0000: ndarray-ops.js â¤ YN0000: â /tmp/xfs-c05f1330 STDOUT â¤ YN0000: package.json â¤ YN0000: â /tmp/xfs-c05f1330 STDOUT â¤ YN0000: Package archive generated in /tmp/xfs-c05f1330/package.tgz â¤ YN0000: â /tmp/xfs-c05f1330 STDOUT,0.37816238208452496,0.20035463863182076,0.00018434143318934657,0.025404935050257028,0.39589370280020797
test_failure,compilation,compilation,False,0.4343184815803638,0.15147101405893748,benoitc/gunicorn,lint,3.12 / tox-(other),Check generated docs,runtime.exit_code,ollama,0.855,False,feat_primary_is_runtime=1; feat_first_error_before_tests=1; feat_has_dependency_install=1,ï»¿Current runner version: '2.332.0' Hosted Compute Agent Version: 20260213.493 Commit: <SHA> Build Date: Worker ID: {f81af084-ef41-4a4a-a8e7-2bfd56d0bc2d} Azure Region: eastus Ubuntu 24.04.3 LTS Image: ubuntu-24.04 Version: 20260309.50.1 Included Software: <url:github.com> Image Release: <url:github.com> Contents: read Metadata: read Secret source: Actions Prepare workflow directory Prepare all required actions Getting action download info Download action repository 'actions/checkout@v6' (SHA:<SHA>) Download action repository 'actions/setup-python@v6' (SHA:<SHA>) Complete job name: 3.12 / tox,0.4343184815803638,0.24071271267159447,0.00023307381832696146,0.0418882644082886,0.2828474675214263
test_failure,test_failure,test_failure,True,0.39589370280020797,0.017731320715683008,pypa/pip,CI,check,Decide whether the needed jobs succeeded or failed,runtime.exit_code,ollama,0.855,False,feat_primary_is_runtime=1; feat_first_error_before_tests=1,"ï»¿Current runner version: '2.331.0' Hosted Compute Agent Version: 20260123.484 Commit: <SHA> Build Date: Worker ID: {e1c59ce6-5303-45df-b04f-eff0392e9328} Azure Region: centralus Ubuntu 22.04.5 LTS Image: ubuntu-22.04 Version: 20260209.31.1 Included Software: <url:github.com> Image Release: <url:github.com> Contents: read Metadata: read Packages: read Secret source: None Prepare workflow directory Prepare all required actions Getting action download info Download action repository 're-actors/alls-green@release/v1' (SHA:<SHA>) Complete job name: check with: allowed-skips: vendoring , jobs: { """,0.37816238208452496,0.20035463863182076,0.00018434143318934657,0.025404935050257028,0.39589370280020797
compilation,test_failure,test_failure,False,0.5459862681219324,0.12191568501319577,pallets/click,Tests,Mac,Run uv run --locked --no-default-groups --group dev tox run,compile.syntax,ollama,0.95,False,feat_fw_pytest=1; feat_kw_compile_fail=1; feat_kw_config_fail=1; feat_compile_no_tests=1; feat_compile_with_config=1; feat_primary_is_compile=1; feat_compile_python_syntax=1; feat_config_missing_file=1; feat_first_error_after_tests_started=1; feat_error_in_test_step=1; feat_compile_over_config_guard=1,ï»¿Current runner version: '2.333.1' Hosted Compute Agent Version: 20260213.493 Commit: <SHA> Build Date: Worker ID: {325aeef4-e05e-4fc8-990f-7b8962979267} Azure Region: westus macOS 15.7.4 24G517 Image: macos-15-arm64 Version: 20260406.0256.1 Included Software: <url:github.com> Image Release: <url:github.com> Metadata: read Secret source: None Prepare workflow directory Prepare all required actions Getting action download info Download action repository 'actions/checkout@<SHA>' (SHA:<SHA>) Download action repository 'astral-sh/setup-uv@<SHA>' (SHA:<SHA>) Download action repository 'actions/se,0.42407058310873663,0.020304336857951168,0.0018813695612992607,0.007757442350080643,0.5459862681219324
test_failure,test_failure,test_failure,True,0.39589370280020797,0.017731320715683008,encode/starlette,Test Suite,check,Decide whether the needed jobs succeeded or failed,runtime.exit_code,ollama,0.855,False,feat_primary_is_runtime=1; feat_first_error_before_tests=1,ï»¿Current runner version: '2.331.0' Hosted Compute Agent Version: 20260213.493 Commit: <SHA> Build Date: Worker ID: {f5dac2dc-03fa-46d0-b89b-2254d9956030} Azure Region: eastus2 Ubuntu 24.04.3 LTS Image: ubuntu-24.04 Version: 20260224.36.1 Included Software: <url:github.com> Image Release: <url:github.com> Actions: read ArtifactMetadata: read Attestations: read Checks: read Contents: read Deployments: read Discussions: read Issues: read Metadata: read Models: read Packages: read Pages: read PullRequests: read RepositoryProjects: read SecurityEvents: read Statuses: read Secret source: None Prep,0.37816238208452496,0.20035463863182076,0.00018434143318934657,0.025404935050257028,0.39589370280020797
test_failure,infrastructure,infrastructure,False,0.4847595401870418,0.011723584063406345,pypa/pipenv,CI,Windows / 3.10,Run tests,infra.network.socket,ollama,0.855,False,feat_fw_pytest=1; feat_kw_test_assert=1; feat_primary_is_infra=1; feat_first_error_after_tests_started=1; feat_error_in_test_step=1; feat_has_dependency_install=1,"Successfully installed packaging-26.0 setuptools-82.0.1 wheel-0.46.3 git submodule sync git submodule update --init --recursive python -m pip install -e . --upgrade pipenv install --deploy --dev --python=3.10 shell: C:\Program Files\PowerShell\7\pwsh.EXE -command "". '{0}'"" env: pythonLocation: C:\hostedtoolcache\windows\Python\3.10.11\x64 PKG_CONFIG_PATH: C:\hostedtoolcache\windows\Python\3.10.11\x64/lib/pkgconfig Python_ROOT_DIR: C:\hostedtoolcache\windows\Python\3.10.11\x64 Python2_ROOT_DIR: C:\hostedtoolcache\windows\Python\3.10.11\x64 Python3_ROOT_DIR: C:\hostedtoolcache\windows\Python\3.1",0.027498719869563197,0.01354470143649106,0.0011610823832684765,0.4847595401870418,0.47303595612363547
configuration,test_failure,test_failure,False,0.39589370280020797,0.017731320715683008,sqlalchemy/sqlalchemy,Create wheel,compiled wheels cp313t-* cp314t-* on macos-15,Publish wheel,runtime.command_not_found,rule,0.92,False,feat_primary_is_runtime=1; feat_first_error_before_tests=1,ï»¿Current runner version: '2.333.1' Hosted Compute Agent Version: 20260415.520 Commit: <SHA> Build Date: Worker ID: {212bb4c3-3e9f-4cdf-a9d2-f6a96aae10e2} Azure Region: westus macOS 15.7.4 24G517 Image: macos-15-arm64 Version: 20260414.0270.1 Included Software: <url:github.com> Image Release: <url:github.com> Actions: write ArtifactMetadata: write Attestations: write Checks: write Contents: write Deployments: write Discussions: write Issues: write Metadata: read Models: read Packages: write Pages: write PullRequests: write RepositoryProjects: write SecurityEvents: write Statuses: write Secret,0.37816238208452496,0.20035463863182076,0.00018434143318934657,0.025404935050257028,0.39589370280020797
compilation,compilation,compilation,True,0.4152966285476164,0.05499855049471564,django/django,Linters,black,black,runtime.exit_code,ollama,0.855,False,feat_step_is_lint=1; feat_primary_is_runtime=1; feat_first_error_before_tests=1; feat_error_in_lint_step=1,ï»¿Current runner version: '2.333.1' Hosted Compute Agent Version: 20260213.493 Commit: <SHA> Build Date: Worker ID: {2db9ed65-e39d-44bc-b495-11324d8ef5cc} Azure Region: eastus2 Ubuntu 24.04.4 LTS Image: ubuntu-24.04 Version: 20260406.80.1 Included Software: <url:github.com> Image Release: <url:github.com> Contents: read Metadata: read Secret source: None Prepare workflow directory Prepare all required actions Getting action download info Download action repository 'actions/checkout@v6' (SHA:<SHA>) Download action repository 'psf/black@stable' (SHA:<SHA>) Complete job name: black with: persist,0.4152966285476164,0.19339399253501566,0.00022340090975686666,0.030787899954710377,0.36029807805290076
test_failure,test_failure,test_failure,True,0.39589370280020797,0.017731320715683008,encode/starlette,Test Suite,check,Decide whether the needed jobs succeeded or failed,runtime.exit_code,ollama,0.855,False,feat_primary_is_runtime=1; feat_first_error_before_tests=1,ï»¿Current runner version: '2.332.0' Hosted Compute Agent Version: 20260213.493 Commit: <SHA> Build Date: Worker ID: {95d4a7b9-5dbb-44f8-b414-e59d625ca082} Azure Region: northcentralus Ubuntu 24.04.3 LTS Image: ubuntu-24.04 Version: 20260302.42.1 Included Software: <url:github.com> Image Release: <url:github.com> Actions: write ArtifactMetadata: write Attestations: write Checks: write Contents: write Deployments: write Discussions: write Issues: write Metadata: read Models: read Packages: write Pages: write PullRequests: write RepositoryProjects: write SecurityEvents: write Statuses: write Sec,0.37816238208452496,0.20035463863182076,0.00018434143318934657,0.025404935050257028,0.39589370280020797
configuration,compilation,compilation,False,0.5066524268068551,0.09379588603184924,pypa/virtualenv,🧪 check,🔎 check docs - ubuntu-24.04,🏗️ Setup check suite,runtime.exit_code,ollama,0.8,False,feat_step_is_setup=1; feat_primary_is_runtime=1; feat_first_error_before_tests=1; feat_error_in_setup_step=1,* [new tag] 1.10.1 -> 1.10.1 * [new tag] 1.10rc1 -> 1.10rc1 * [new tag] 1.10rc10 -> 1.10rc10 * [new tag] 1.10rc2 -> 1.10rc2 * [new tag] 1.10rc3 -> 1.10rc3 * [new tag] 1.10rc4 -> 1.10rc4 * [new tag] 1.10rc5 -> 1.10rc5 * [new tag] 1.10rc6 -> 1.10rc6 * [new tag] 1.10rc7 -> 1.10rc7 * [new tag] 1.10rc8 -> 1.10rc8 * [new tag] 1.10rc9 -> 1.10rc9 * [new tag] 1.11 -> 1.11 * [new tag] 1.11.1 -> 1.11.1 * [new tag] 1.11.1rc1 -> 1.11.1rc1 * [new tag] 1.11.1rc2 -> 1.11.1rc2 * [new tag] 1.11.2 -> 1.11.2 * [new tag] 1.11.3 -> 1.11.3 * [new tag] 1.11.4 -> 1.11.4 * [new tag] 1.11.5 -> 1.11.5 * [new tag] 1.11.6 ,0.5066524268068551,0.41285654077500583,0.00020864883971992142,0.02874331595661239,0.051539067621806774
test_failure,test_failure,test_failure,True,0.39589370280020797,0.017731320715683008,astral-sh/ruff,CI,all required checks passed,Check required jobs passed,runtime.exit_code,ollama,0.855,False,feat_primary_is_runtime=1; feat_first_error_before_tests=1,"ï»¿Current runner version: '2.333.1' Hosted Compute Agent Version: 20260213.493 Commit: <SHA> Build Date: Worker ID: {ff4b8fdc-a2b9-41ce-9c1e-edbcd4a53cc4} Azure Region: eastus - OS: Linux (x64) - Source: Docker - Name: ubuntu:24.04 - Version: 20260413.54.1 Metadata: read Secret source: Actions Prepare workflow directory Prepare all required actions Complete job name: all required checks passed failing=$(echo ""$NEEDS_JSON"" | jq -r 'to_entries[] | select(.value.result != ""success"" and .value.result != ""skipped"") | ""\(.key): \(.value.result)""') if [ -n ""$failing"" ]; then echo ""$failing"" exit 1 f",0.37816238208452496,0.20035463863182076,0.00018434143318934657,0.025404935050257028,0.39589370280020797
test_failure,test_failure,test_failure,True,0.39589370280020797,0.017731320715683008,encode/starlette,Test Suite,check,Decide whether the needed jobs succeeded or failed,runtime.exit_code,ollama,0.855,False,feat_primary_is_runtime=1; feat_first_error_before_tests=1,ï»¿Current runner version: '2.331.0' Hosted Compute Agent Version: 20260123.484 Commit: <SHA> Build Date: Worker ID: {453c8675-285f-4042-ba3e-f0bb110170ef} Azure Region: westcentralus Ubuntu 24.04.3 LTS Image: ubuntu-24.04 Version: 20260201.15.1 Included Software: <url:github.com> Image Release: <url:github.com> Actions: read ArtifactMetadata: read Attestations: read Checks: read Contents: read Deployments: read Discussions: read Issues: read Metadata: read Models: read Packages: read Pages: read PullRequests: read RepositoryProjects: read SecurityEvents: read Statuses: read Secret source: Non,0.37816238208452496,0.20035463863182076,0.00018434143318934657,0.025404935050257028,0.39589370280020797
infrastructure,test_failure,test_failure,False,0.39589370280020797,0.017731320715683008,pypa/setuptools,tests,"test (ubuntu-latest, 3.10, stdlib)",Populate download cache,runtime.exit_code,ollama,0.855,False,feat_primary_is_runtime=1; feat_first_error_before_tests=1,ï»¿Current runner version: '2.331.0' Hosted Compute Agent Version: 20260213.493 Commit: <SHA> Build Date: Worker ID: {0168c59e-a764-4917-bbf4-3e8083f2da23} Azure Region: eastus2 Ubuntu 24.04.3 LTS Image: ubuntu-24.04 Version: 20260224.36.1 Included Software: <url:github.com> Image Release: <url:github.com> Contents: read Metadata: read Secret source: None Prepare workflow directory Prepare all required actions Getting action download info Download action repository 'actions/checkout@v4' (SHA:<SHA>) Download action repository 'actions/setup-python@v5' (SHA:<SHA>) Download action repository 'act,0.37816238208452496,0.20035463863182076,0.00018434143318934657,0.025404935050257028,0.39589370280020797
test_failure,test_failure,test_failure,True,0.39589370280020797,0.017731320715683008,astral-sh/ruff,CI,all required checks passed,Check required jobs passed,runtime.exit_code,ollama,0.855,False,feat_primary_is_runtime=1; feat_first_error_before_tests=1,"ï»¿Current runner version: '2.333.1' Hosted Compute Agent Version: 20260213.493 Commit: <SHA> Build Date: Worker ID: {e496263b-ca84-4780-b755-1a4a54768af8} Azure Region: centralus - OS: Linux (x64) - Source: Docker - Name: ubuntu:24.04 - Version: 20260323.53.1 Metadata: read Secret source: Actions Prepare workflow directory Prepare all required actions Complete job name: all required checks passed failing=$(echo ""$NEEDS_JSON"" | jq -r 'to_entries[] | select(.value.result != ""success"" and .value.result != ""skipped"") | ""\(.key): \(.value.result)""') if [ -n ""$failing"" ]; then echo ""$failing"" exit ",0.37816238208452496,0.20035463863182076,0.00018434143318934657,0.025404935050257028,0.39589370280020797
compilation,test_failure,test_failure,False,0.39589370280020797,0.017731320715683008,pytest-dev/pytest,test,check,Decide whether the needed jobs succeeded or failed,runtime.exit_code,ollama,0.855,False,feat_primary_is_runtime=1; feat_first_error_before_tests=1,"ï»¿Current runner version: '2.332.0' Hosted Compute Agent Version: 20260213.493 Commit: <SHA> Build Date: Worker ID: {bbc3ea87-b6fd-4aaa-bed3-f622c3ecf2d1} Azure Region: centralus Ubuntu 24.04.3 LTS Image: ubuntu-24.04 Version: 20260302.42.1 Included Software: <url:github.com> Image Release: <url:github.com> Metadata: read Secret source: None Prepare workflow directory Prepare all required actions Getting action download info Download action repository 're-actors/alls-green@<SHA>' (SHA:<SHA>) Complete job name: check with: jobs: { ""build"": { ""result"": ""skipped"", ""outputs"": {} } } allowed-failu",0.37816238208452496,0.20035463863182076,0.00018434143318934657,0.025404935050257028,0.39589370280020797
test_failure,test_failure,test_failure,True,0.39589370280020797,0.017731320715683008,astral-sh/ruff,CI,all required checks passed,Check required jobs passed,runtime.exit_code,ollama,0.855,False,feat_primary_is_runtime=1; feat_first_error_before_tests=1,"ï»¿Current runner version: '2.333.1' Hosted Compute Agent Version: 20260213.493 Commit: <SHA> Build Date: Worker ID: {f2e027f1-3a80-4c65-a0c8-78adcccd784f} Azure Region: northcentralus - OS: Linux (x64) - Source: Docker - Name: ubuntu:24.04 - Version: 20260413.54.1 Metadata: read Secret source: None Prepare workflow directory Prepare all required actions Complete job name: all required checks passed failing=$(echo ""$NEEDS_JSON"" | jq -r 'to_entries[] | select(.value.result != ""success"" and .value.result != ""skipped"") | ""\(.key): \(.value.result)""') if [ -n ""$failing"" ]; then echo ""$failing"" exi",0.37816238208452496,0.20035463863182076,0.00018434143318934657,0.025404935050257028,0.39589370280020797
test_failure,test_failure,test_failure,True,0.39589370280020797,0.017731320715683008,pydantic/pydantic,CI,check,Decide whether the needed jobs succeeded or failed,runtime.exit_code,ollama,0.855,False,feat_primary_is_runtime=1; feat_first_error_before_tests=1,"ï»¿Current runner version: '2.333.1' Hosted Compute Agent Version: 20260213.493 Commit: <SHA> Build Date: Worker ID: {f59b4d72-4fdb-40b3-91bd-c47f7a55721a} Azure Region: westcentralus Ubuntu 24.04.4 LTS Image: ubuntu-24.04 Version: 20260413.86.1 Included Software: <url:github.com> Image Release: <url:github.com> Contents: read Metadata: read Secret source: None Prepare workflow directory Prepare all required actions Getting action download info Download action repository 're-actors/alls-green@<SHA>' (SHA:<SHA>) Complete job name: check with: jobs: { ""lint"": { ""result"": ""failure"", ""outputs"": {}",0.37816238208452496,0.20035463863182076,0.00018434143318934657,0.025404935050257028,0.39589370280020797
test_failure,test_failure,test_failure,True,0.39589370280020797,0.017731320715683008,astral-sh/ruff,CI,all required checks passed,Check required jobs passed,runtime.exit_code,ollama,0.855,False,feat_primary_is_runtime=1; feat_first_error_before_tests=1,"ï»¿Current runner version: '2.333.1' Hosted Compute Agent Version: 20260213.493 Commit: <SHA> Build Date: Worker ID: {ac7a2665-9cea-48e7-ba94-50582b67ceb2} Azure Region: northcentralus - OS: Linux (x64) - Source: Docker - Name: ubuntu:24.04 - Version: 20260413.54.1 Metadata: read Secret source: Actions Prepare workflow directory Prepare all required actions Complete job name: all required checks passed failing=$(echo ""$NEEDS_JSON"" | jq -r 'to_entries[] | select(.value.result != ""success"" and .value.result != ""skipped"") | ""\(.key): \(.value.result)""') if [ -n ""$failing"" ]; then echo ""$failing"" ",0.37816238208452496,0.20035463863182076,0.00018434143318934657,0.025404935050257028,0.39589370280020797
test_failure,test_failure,test_failure,True,0.39589370280020797,0.017731320715683008,pypa/pip,CI,check,Decide whether the needed jobs succeeded or failed,runtime.exit_code,ollama,0.855,False,feat_primary_is_runtime=1; feat_first_error_before_tests=1,"ï»¿Current runner version: '2.331.0' Hosted Compute Agent Version: 20260123.484 Commit: <SHA> Build Date: Worker ID: {8e340feb-8231-4d6e-bfef-753b86658560} Azure Region: westcentralus Ubuntu 22.04.5 LTS Image: ubuntu-22.04 Version: 20260209.31.1 Included Software: <url:github.com> Image Release: <url:github.com> Contents: read Metadata: read Packages: read Secret source: None Prepare workflow directory Prepare all required actions Getting action download info Download action repository 're-actors/alls-green@release/v1' (SHA:<SHA>) Complete job name: check with: allowed-skips: vendoring , jobs:",0.37816238208452496,0.20035463863182076,0.00018434143318934657,0.025404935050257028,0.39589370280020797
test_failure,test_failure,test_failure,True,0.4462507206611077,0.0788071520825695,encode/starlette,Test Suite,Python 3.11,Run linting checks,runtime.exit_code,ollama,0.81,False,feat_fw_pytest=1; feat_kw_config_fail=1; feat_config_no_compile=1; feat_primary_is_runtime=1; feat_config_missing_file=1; feat_first_error_after_tests_started=1; feat_error_in_test_step=1,Secret source: None Prepare workflow directory Prepare all required actions Getting action download info Download action repository 'actions/checkout@<SHA>' (SHA:<SHA>) Download action repository 'astral-sh/setup-uv@<SHA>' (SHA:<SHA>) Complete job name: Python 3.11 with: repository: Kludex/starlette token: *** ssh-strict: true ssh-user: git persist-credentials: true clean: true sparse-checkout-cone-mode: true fetch-depth: 1 fetch-tags: false show-progress: true lfs: false submodules: false set-safe-directory: true Syncing repository: Kludex/starlette Working directory is '/home/runner/work/sta,0.3674435685785382,0.15843637595321236,0.0015919532420832837,0.026277381565058523,0.4462507206611077
test_failure,test_failure,test_failure,True,0.39589370280020797,0.017731320715683008,astral-sh/ruff,CI,all required checks passed,Check required jobs passed,runtime.exit_code,ollama,0.855,False,feat_primary_is_runtime=1; feat_first_error_before_tests=1,"ï»¿Current runner version: '2.333.1' Hosted Compute Agent Version: 20260213.493 Commit: <SHA> Build Date: Worker ID: {f6830496-c426-45c4-921d-9e6faf344b73} Azure Region: centralus - OS: Linux (x64) - Source: Docker - Name: ubuntu:24.04 - Version: 20260413.54.1 Metadata: read Secret source: Actions Prepare workflow directory Prepare all required actions Complete job name: all required checks passed failing=$(echo ""$NEEDS_JSON"" | jq -r 'to_entries[] | select(.value.result != ""success"" and .value.result != ""skipped"") | ""\(.key): \(.value.result)""') if [ -n ""$failing"" ]; then echo ""$failing"" exit ",0.37816238208452496,0.20035463863182076,0.00018434143318934657,0.025404935050257028,0.39589370280020797
test_failure,test_failure,test_failure,True,0.39589370280020797,0.017731320715683008,pydantic/pydantic,CI,check,Decide whether the needed jobs succeeded or failed,runtime.exit_code,ollama,0.855,False,feat_primary_is_runtime=1; feat_first_error_before_tests=1,ï»¿Current runner version: '2.333.0' Hosted Compute Agent Version: 20260213.493 Commit: <SHA> Build Date: Worker ID: {9f8d3046-2203-4e45-8660-072c34234b50} Azure Region: westcentralus Ubuntu 24.04.4 LTS Image: ubuntu-24.04 Version: 20260323.65.1 Included Software: <url:github.com> Image Release: <url:github.com> Actions: read ArtifactMetadata: read Attestations: read Checks: read Contents: read Deployments: read Discussions: read Issues: read Metadata: read Models: read Packages: read Pages: read PullRequests: read RepositoryProjects: read SecurityEvents: read Statuses: read Secret source: Non,0.37816238208452496,0.20035463863182076,0.00018434143318934657,0.025404935050257028,0.39589370280020797
compilation,test_failure,test_failure,False,0.39589370280020797,0.017731320715683008,aio-libs/aiobotocore,CI/CD,check,Decide whether the needed jobs succeeded or failed,runtime.exit_code,ollama,0.855,False,feat_primary_is_runtime=1; feat_first_error_before_tests=1,"ï»¿Current runner version: '2.333.1' Hosted Compute Agent Version: 20260213.493 Commit: <SHA> Build Date: Worker ID: {c9c9ea7d-2c88-4b12-84da-0d541a4b0c2f} Azure Region: westcentralus Ubuntu 24.04.4 LTS Image: ubuntu-24.04 Version: 20260413.86.1 Included Software: <url:github.com> Image Release: <url:github.com> Metadata: read Secret source: Actions Prepare workflow directory Prepare all required actions Getting action download info Download action repository 're-actors/alls-green@<SHA>' (SHA:<SHA>) Complete job name: check with: jobs: { ""build"": { ""result"": ""success"", ""outputs"": {} }, ""test"":",0.37816238208452496,0.20035463863182076,0.00018434143318934657,0.025404935050257028,0.39589370280020797
test_failure,test_failure,test_failure,True,0.39589370280020797,0.017731320715683008,astral-sh/ruff,CI,all required checks passed,Check required jobs passed,runtime.exit_code,ollama,0.855,False,feat_primary_is_runtime=1; feat_first_error_before_tests=1,"ï»¿Current runner version: '2.333.1' Hosted Compute Agent Version: 20260213.493 Commit: <SHA> Build Date: Worker ID: {36560a6d-b7e9-4bff-8b61-45c8cb170b7f} Azure Region: eastus - OS: Linux (x64) - Source: Docker - Name: ubuntu:24.04 - Version: 20260323.53.1 Metadata: read Secret source: Actions Prepare workflow directory Prepare all required actions Complete job name: all required checks passed failing=$(echo ""$NEEDS_JSON"" | jq -r 'to_entries[] | select(.value.result != ""success"" and .value.result != ""skipped"") | ""\(.key): \(.value.result)""') if [ -n ""$failing"" ]; then echo ""$failing"" exit 1 f",0.37816238208452496,0.20035463863182076,0.00018434143318934657,0.025404935050257028,0.39589370280020797
test_failure,test_failure,test_failure,True,0.43528491258847196,0.07904990104792692,benoitc/gunicorn,lint,3.12 / tox-lint,Run tox -e lint,runtime.exit_code,ollama,0.72,False,feat_step_is_lint=1; feat_primary_is_runtime=1; feat_first_error_before_tests=1; feat_error_in_lint_step=1; feat_has_dependency_install=1,ï»¿Current runner version: '2.332.0' Hosted Compute Agent Version: 20260213.493 Commit: <SHA> Build Date: Worker ID: {b982f04a-0437-4f31-98ea-15feb1f9ccb8} Azure Region: westus3 Ubuntu 24.04.3 LTS Image: ubuntu-24.04 Version: 20260309.50.1 Included Software: <url:github.com> Image Release: <url:github.com> Contents: read Metadata: read Secret source: Actions Prepare workflow directory Prepare all required actions Getting action download info Download action repository 'actions/checkout@v6' (SHA:<SHA>) Download action repository 'actions/setup-python@v6' (SHA:<SHA>) Complete job name: 3.12 / to,0.35623501154054504,0.17092794364571534,0.00020779061664597375,0.037344341608621705,0.43528491258847196
compilation,test_failure,test_failure,False,0.39589370280020797,0.017731320715683008,tiangolo/fastapi,Test,check,Decide whether the needed jobs succeeded or failed,runtime.exit_code,ollama,0.855,False,feat_primary_is_runtime=1; feat_first_error_before_tests=1,"""followers_url"": ""<url:api.github.com> ""following_url"": ""<url:api.github.com> ""gists_url"": ""<url:api.github.com> ""gravatar_id"": """", ""html_url"": ""<url:github.com> ""id"": 44426557, ""login"": ""HeHongyeFY"", ""node_id"": ""MDQ6VXNlcjQ0NDI2NTU3"", ""organizations_url"": ""<url:api.github.com> ""received_events_url"": ""<url:api.github.com> ""repos_url"": ""<url:api.github.com> ""site_admin"": false, ""starred_url"": ""<url:api.github.com> ""subscriptions_url"": ""<url:api.github.com> ""type"": ""User"", ""url"": ""<url:api.github.com> ""user_view_type"": ""public"" }, ""private"": false, ""pull_request_creation_policy"": ""all"", ""pulls_u",0.37816238208452496,0.20035463863182076,0.00018434143318934657,0.025404935050257028,0.39589370280020797
test_failure,test_failure,test_failure,True,0.39589370280020797,0.017731320715683008,pydantic/pydantic,CI,check,Decide whether the needed jobs succeeded or failed,runtime.exit_code,ollama,0.855,False,feat_primary_is_runtime=1; feat_first_error_before_tests=1,ï»¿Current runner version: '2.333.0' Hosted Compute Agent Version: 20260213.493 Commit: <SHA> Build Date: Worker ID: {1122ef05-3467-4288-9289-9ca1a47e86db} Azure Region: westus3 Ubuntu 24.04.4 LTS Image: ubuntu-24.04 Version: 20260323.65.1 Included Software: <url:github.com> Image Release: <url:github.com> Actions: read ArtifactMetadata: read Attestations: read Checks: read Contents: read Deployments: read Discussions: read Issues: read Metadata: read Models: read Packages: read Pages: read PullRequests: read RepositoryProjects: read SecurityEvents: read Statuses: read Secret source: None Prep,0.37816238208452496,0.20035463863182076,0.00018434143318934657,0.025404935050257028,0.39589370280020797
configuration,test_failure,test_failure,False,0.39589370280020797,0.017731320715683008,pre-commit/pre-commit,main,main-linux / collector,check for failures,runtime.exit_code,ollama,0.95,False,feat_primary_is_runtime=1; feat_first_error_before_tests=1,ï»¿Current runner version: '2.333.1' Hosted Compute Agent Version: 20260213.493 Commit: <SHA> Build Date: Worker ID: {ccd9118d-7d60-44f3-8746-f0ffe5f7f31e} Azure Region: westus Ubuntu 24.04.4 LTS Image: ubuntu-24.04 Version: 20260329.72.1 Included Software: <url:github.com> Image Release: <url:github.com> Actions: read ArtifactMetadata: read Attestations: read Checks: read Contents: read Deployments: read Discussions: read Issues: read Metadata: read Models: read Packages: read Pages: read PullRequests: read RepositoryProjects: read SecurityEvents: read Statuses: read Secret source: None Prepa,0.37816238208452496,0.20035463863182076,0.00018434143318934657,0.025404935050257028,0.39589370280020797
compilation,compilation,compilation,True,0.4343184815803638,0.15147101405893748,pypa/pipenv,CI,Package Manager Benchmark,Run benchmark suite,runtime.exit_code,ollama,0.81,False,feat_primary_is_runtime=1; feat_first_error_before_tests=1; feat_has_dependency_install=1,"tents of '/home/runner/work/pipenv/pipenv' [command]/usr/bin/git init /home/runner/work/pipenv/pipenv hint: Using 'master' as the name for the initial branch. This default branch name hint: will change to ""main"" in Git 3.0. To configure the initial branch name hint: to use in all of your new repositories, which will suppress this warning, hint: call: hint: hint: git config --global init.defaultBranch <name> hint: hint: Names commonly chosen instead of 'master' are 'main', 'trunk' and hint: 'development'. The just-created branch can be renamed via this command: hint: hint: git branch -m <name> ",0.4343184815803638,0.24071271267159447,0.00023307381832696146,0.0418882644082886,0.2828474675214263
configuration,test_failure,test_failure,False,0.39589370280020797,0.017731320715683008,pypa/setuptools,tests,check,Decide whether the needed jobs succeeded or failed,runtime.exit_code,ollama,0.85,False,feat_primary_is_runtime=1; feat_first_error_before_tests=1,"ï»¿Current runner version: '2.332.0' Hosted Compute Agent Version: 20260213.493 Commit: <SHA> Build Date: Worker ID: {cc4bb121-e5d0-48cc-aa90-3b1208c778c7} Azure Region: northcentralus Ubuntu 24.04.3 LTS Image: ubuntu-24.04 Version: 20260302.42.1 Included Software: <url:github.com> Image Release: <url:github.com> Contents: read Metadata: read Secret source: Actions Prepare workflow directory Prepare all required actions Getting action download info Download action repository 're-actors/alls-green@release/v1' (SHA:<SHA>) Complete job name: check with: allowed-skips: check-changed-folders, integ",0.37816238208452496,0.20035463863182076,0.00018434143318934657,0.025404935050257028,0.39589370280020797
test_failure,test_failure,test_failure,True,0.39589370280020797,0.017731320715683008,aio-libs/aiohttp,CI,check,Decide whether the needed jobs succeeded or failed,runtime.exit_code,ollama,0.855,False,feat_primary_is_runtime=1; feat_first_error_before_tests=1,ï»¿Current runner version: '2.333.1' Hosted Compute Agent Version: 20260213.493 Commit: <SHA> Build Date: Worker ID: {a2446693-ea8d-4b76-8928-bdf75076e1e9} Azure Region: northcentralus Ubuntu 24.04.4 LTS Image: ubuntu-24.04 Version: 20260329.72.1 Included Software: <url:github.com> Image Release: <url:github.com> Metadata: read Secret source: Actions Prepare workflow directory Prepare all required actions Getting action download info Download action repository 're-actors/alls-green@release/v1' (SHA:<SHA>) Download action repository 'codecov/codecov-action@v6' (SHA:<SHA>) Getting action downloa,0.37816238208452496,0.20035463863182076,0.00018434143318934657,0.025404935050257028,0.39589370280020797
test_failure,test_failure,test_failure,True,0.39589370280020797,0.017731320715683008,aio-libs/aiohttp,CI,check,Decide whether the needed jobs succeeded or failed,runtime.exit_code,ollama,0.855,False,feat_primary_is_runtime=1; feat_first_error_before_tests=1,ï»¿Current runner version: '2.333.0' Hosted Compute Agent Version: 20260213.493 Commit: <SHA> Build Date: Worker ID: {9aaaa5e4-7b81-4128-98f1-d229baba64ea} Azure Region: westus2 Ubuntu 24.04.4 LTS Image: ubuntu-24.04 Version: 20260323.65.1 Included Software: <url:github.com> Image Release: <url:github.com> Metadata: read Secret source: Actions Prepare workflow directory Prepare all required actions Getting action download info Download action repository 're-actors/alls-green@release/v1' (SHA:<SHA>) Download action repository 'codecov/codecov-action@v6' (SHA:<SHA>) Getting action download info ,0.37816238208452496,0.20035463863182076,0.00018434143318934657,0.025404935050257028,0.39589370280020797
test_failure,compilation,compilation,False,0.4343184815803638,0.15147101405893748,benoitc/gunicorn,lint,3.12 / tox-(other),Check generated docs,runtime.exit_code,ollama,0.855,False,feat_primary_is_runtime=1; feat_first_error_before_tests=1; feat_has_dependency_install=1,ï»¿Current runner version: '2.331.0' Hosted Compute Agent Version: 20260123.484 Commit: <SHA> Build Date: Worker ID: {4771468f-60cc-4943-a373-a0339846c77d} Azure Region: northcentralus Ubuntu 24.04.3 LTS Image: ubuntu-24.04 Version: 20260209.23.1 Included Software: <url:github.com> Image Release: <url:github.com> Contents: read Metadata: read Secret source: Actions Prepare workflow directory Prepare all required actions Getting action download info Download action repository 'actions/checkout@v6' (SHA:<SHA>) Download action repository 'actions/setup-python@v6' (SHA:<SHA>) Complete job name: 3.,0.4343184815803638,0.24071271267159447,0.00023307381832696146,0.0418882644082886,0.2828474675214263
compilation,compilation,compilation,True,0.5163877207792131,0.043256916640071474,checkstyle/checkstyle,Checker,check (purity-value-returns),Execute checker framework,dep.not_found,ollama,0.855,False,feat_is_java=1; feat_kw_compile_fail=1; feat_compile_no_tests=1; feat_primary_is_config=1; feat_compile_jvm_strong=1; feat_first_error_before_tests=1; feat_error_in_compile_step=1; feat_has_compile_task=1; feat_compile_over_config_guard=1,false show-progress: true lfs: false submodules: false set-safe-directory: true env: JAVA_HOME: /opt/hostedtoolcache/Java_Temurin-Hotspot_jdk/21.0.10-7/x64 JAVA_HOME_21_X64: /opt/hostedtoolcache/Java_Temurin-Hotspot_jdk/21.0.10-7/x64 Syncing repository: checkstyle/checkstyle Working directory is '/home/runner/work/checkstyle/checkstyle' [command]/usr/bin/git version git version 2.53.0 Temporarily overriding HOME='/home/runner/work/_temp/832d7ea5-2057-49c6-8a00-d7df213aa554' before making global git config changes Adding repository directory to the temporary git global config as a safe director,0.5163877207792131,0.47313080413914166,2.73434957775295e-05,0.006585889154565925,0.0038682424313016945
test_failure,test_failure,test_failure,True,0.39589370280020797,0.017731320715683008,pydantic/pydantic,CI,check,Decide whether the needed jobs succeeded or failed,runtime.exit_code,ollama,0.855,False,feat_primary_is_runtime=1; feat_first_error_before_tests=1,ï»¿Current runner version: '2.333.0' Hosted Compute Agent Version: 20260213.493 Commit: <SHA> Build Date: Worker ID: {b125e229-0d8c-4ec0-83ea-0d4eb2e93ac5} Azure Region: northcentralus Ubuntu 24.04.4 LTS Image: ubuntu-24.04 Version: 20260323.65.1 Included Software: <url:github.com> Image Release: <url:github.com> Actions: read ArtifactMetadata: read Attestations: read Checks: read Contents: read Deployments: read Discussions: read Issues: read Metadata: read Models: read Packages: read Pages: read PullRequests: read RepositoryProjects: read SecurityEvents: read Statuses: read Secret source: No,0.37816238208452496,0.20035463863182076,0.00018434143318934657,0.025404935050257028,0.39589370280020797
test_failure,test_failure,test_failure,True,0.5490400574568401,0.14232351827269973,fabric8io/kubernetes-client,Windows Build,Java 17 Maven,Build Project,runtime.exit_code,ollama,0.81,False,feat_tests_ran=1; feat_num_tests_run=20; feat_build_duration=2.4; feat_fw_junit=1; feat_is_java=1; feat_step_is_compile=1; feat_primary_is_runtime=1; feat_first_error_after_tests_started=1; feat_error_in_compile_step=1; feat_error_in_test_step=1; feat_has_compile_task=1,Progress (3): 1.8 MB | 18 kB | 266/868 kB Progress (3): 1.8 MB | 18 kB | 282/868 kB Progress (3): 1.8 MB | 18 kB | 299/868 kB Progress (3): 1.8 MB | 18 kB | 315/868 kB Progress (3): 1.8 MB | 18 kB | 331/868 kB Progress (3): 1.8 MB | 18 kB | 348/868 kB Progress (3): 1.8 MB | 18 kB | 364/868 kB Progress (3): 1.8 MB | 18 kB | 381/868 kB Progress (3): 1.8 MB | 18 kB | 397/868 kB Progress (3): 1.8 MB | 18 kB | 413/868 kB Progress (4): 1.8 MB | 18 kB | 413/868 kB | 7.7/78 kB Progress (4): 1.8 MB | 18 kB | 413/868 kB | 16/78 kB Progress (4): 1.8 MB | 18 kB | 430/868 kB | 16/78 kB Progress (4): 1.8 MB,0.4067165391841404,0.030184838428954003,0.0004519231451239576,0.013606641784941417,0.5490400574568401
compilation,test_failure,test_failure,False,0.39589370280020797,0.017731320715683008,python-poetry/poetry,Tests,Status,Run false,runtime.exit_code,ollama,0.855,False,feat_primary_is_runtime=1; feat_first_error_before_tests=1,ï»¿Current runner version: '2.333.0' Hosted Compute Agent Version: 20260213.493 Commit: <SHA> Build Date: Worker ID: {c00d393c-6f49-4527-934a-4ac58a575eb0} Azure Region: northcentralus Ubuntu 24.04.4 LTS Image: ubuntu-24.04 Version: 20260323.65.1 Included Software: <url:github.com> Image Release: <url:github.com> Metadata: read Secret source: None Prepare workflow directory Prepare all required actions Complete job name: Status false shell: /usr/bin/bash --noprofile --norc -e -o pipefail {0} ##[error]Process completed with exit code 1. Cleaning up orphan processes,0.37816238208452496,0.20035463863182076,0.00018434143318934657,0.025404935050257028,0.39589370280020797
compilation,compilation,compilation,True,0.4343184815803638,0.15147101405893748,pypa/pipenv,CI,Package Manager Benchmark,Run benchmark suite,runtime.exit_code,ollama,0.81,False,feat_primary_is_runtime=1; feat_first_error_before_tests=1; feat_has_dependency_install=1,/usr/bin/git submodule foreach --recursive git config --local --show-origin --name-only --get-regexp remote.origin.url [command]/usr/bin/git config --local http.<url:github.com> AUTHORIZATION: basic *** [command]/usr/bin/git -c protocol.version=2 fetch --no-tags --prune --no-recurse-submodules --depth=1 origin +<SHA>:refs/remotes/pull/6567/merge From <url:github.com> * [new ref] <SHA> -> pull/6567/merge [command]/usr/bin/git sparse-checkout disable [command]/usr/bin/git config --local --unset-all extensions.worktreeConfig [command]/usr/bin/git checkout --progress --force refs/remotes/pull/6567,0.4343184815803638,0.24071271267159447,0.00023307381832696146,0.0418882644082886,0.2828474675214263
configuration,compilation,compilation,False,0.5219219055066426,0.1345802446627487,hibernate/hibernate-orm,GH Actions CI reporting,Publish Develocity build scans,Publish Develocity build scans for previous builds,runtime.exit_code,ollama,0.95,False,feat_build_duration=82; feat_fw_gradle=1; feat_is_java=1; feat_kw_compile_fail=1; feat_compile_no_tests=1; feat_step_is_compile=1; feat_primary_is_runtime=1; feat_compile_build_task=1; feat_first_error_before_tests=1; feat_error_in_compile_step=1; feat_has_compile_task=1; feat_compile_over_config_guard=1,"5150182, Expected Digest: sha256:<HASH>) - build-scan-data-db2 (ID: 6496847118, Size: 5110796, Expected Digest: sha256:<HASH>) - build-scan-data-base-database-service-19c (ID: 6496817339, Size: 10677941, Expected Digest: sha256:<HASH>) - build-scan-data-sybase (ID: 6496736786, Size: 5036127, Expected Digest: sha256:<HASH>) - build-scan-data-mssql (ID: 6496715178, Size: 5143260, Expected Digest: sha256:<HASH>) - build-scan-data-mariadb (ID: 6496703196, Size: 5090237, Expected Digest: sha256:<HASH>) - build-scan-data-h2 (ID: 6496687306, Size: 5623504, Expected Digest: sha256:<HASH>) - build-scan",0.5219219055066426,0.38734166084389393,5.514521357065767e-05,0.011589082583369405,0.07909220585252344
test_failure,test_failure,test_failure,True,0.5459862681219324,0.12191568501319577,pallets/click,Tests,3.12,Run uv run --locked --no-default-groups --group dev tox run,compile.syntax,ollama,0.855,False,feat_fw_pytest=1; feat_kw_compile_fail=1; feat_kw_config_fail=1; feat_compile_no_tests=1; feat_compile_with_config=1; feat_primary_is_compile=1; feat_compile_python_syntax=1; feat_config_missing_file=1; feat_first_error_after_tests_started=1; feat_error_in_test_step=1; feat_compile_over_config_guard=1,ï»¿Current runner version: '2.333.1' Hosted Compute Agent Version: 20260213.493 Commit: <SHA> Build Date: Worker ID: {da2ac9bf-24e9-4d4b-9dd3-3c2678bb3dd5} Azure Region: eastus Ubuntu 24.04.4 LTS Image: ubuntu-24.04 Version: 20260406.80.1 Included Software: <url:github.com> Image Release: <url:github.com> Metadata: read Secret source: None Prepare workflow directory Prepare all required actions Getting action download info Download action repository 'actions/checkout@<SHA>' (SHA:<SHA>) Download action repository 'astral-sh/setup-uv@<SHA>' (SHA:<SHA>) Download action repository 'actions/setup-p,0.42407058310873663,0.020304336857951168,0.0018813695612992607,0.007757442350080643,0.5459862681219324
configuration,test_failure,test_failure,False,0.39589370280020797,0.017731320715683008,pre-commit/pre-commit,main,main-linux / collector,check for failures,runtime.exit_code,ollama,0.95,False,feat_primary_is_runtime=1; feat_first_error_before_tests=1,ï»¿Current runner version: '2.334.0' Hosted Compute Agent Version: 20260213.493 Commit: <SHA> Build Date: Worker ID: {ff555d12-5d54-499d-8b8c-ec4ce1cb9a77} Azure Region: westus3 Ubuntu 24.04.4 LTS Image: ubuntu-24.04 Version: 20260413.86.1 Included Software: <url:github.com> Image Release: <url:github.com> Actions: read ArtifactMetadata: read Attestations: read Checks: read Contents: read Deployments: read Discussions: read Issues: read Metadata: read Models: read Packages: read Pages: read PullRequests: read RepositoryProjects: read SecurityEvents: read Statuses: read VulnerabilityAlerts: rea,0.37816238208452496,0.20035463863182076,0.00018434143318934657,0.025404935050257028,0.39589370280020797
configuration,test_failure,test_failure,False,0.39589370280020797,0.017731320715683008,psf/black,changelog,check,Grep CHANGES.md for PR number,runtime.exit_code,ollama,0.95,False,feat_primary_is_runtime=1; feat_first_error_before_tests=1,ï»¿Current runner version: '2.333.0' Hosted Compute Agent Version: 20260213.493 Commit: <SHA> Build Date: Worker ID: {6f314da8-49ee-48ac-8afb-2958a39fb199} Azure Region: eastus2 Ubuntu 24.04.4 LTS Image: ubuntu-24.04 Version: 20260323.65.1 Included Software: <url:github.com> Image Release: <url:github.com> Contents: read Metadata: read Secret source: None Prepare workflow directory Prepare all required actions Getting action download info Download action repository 'actions/checkout@<SHA>' (SHA:<SHA>) Complete job name: check with: persist-credentials: false repository: psf/black token: *** ss,0.37816238208452496,0.20035463863182076,0.00018434143318934657,0.025404935050257028,0.39589370280020797
configuration,compilation,compilation,False,0.4343184815803638,0.15147101405893748,benoitc/gunicorn,lint,3.12 / tox-(other),Check generated docs,runtime.exit_code,ollama,0.95,False,feat_primary_is_runtime=1; feat_first_error_before_tests=1; feat_has_dependency_install=1,ï»¿Current runner version: '2.331.0' Hosted Compute Agent Version: 20260213.493 Commit: <SHA> Build Date: Worker ID: {b65acae2-3a7e-4169-95a4-2bf504a979fa} Azure Region: centralus Ubuntu 24.04.3 LTS Image: ubuntu-24.04 Version: 20260217.30.1 Included Software: <url:github.com> Image Release: <url:github.com> Contents: read Metadata: read Secret source: Actions Prepare workflow directory Prepare all required actions Getting action download info Download action repository 'actions/checkout@v6' (SHA:<SHA>) Download action repository 'actions/setup-python@v6' (SHA:<SHA>) Complete job name: 3.12 / ,0.4343184815803638,0.24071271267159447,0.00023307381832696146,0.0418882644082886,0.2828474675214263
compilation,test_failure,test_failure,False,0.4118530103650595,0.035924247011553,pydantic/pydantic,Pydantic Family Integration Tests,Test pydantic settings (3.9),Run tests,runtime.exit_code,ollama,0.855,False,feat_kw_config_fail=1; feat_config_no_compile=1; feat_primary_is_runtime=1; feat_config_missing_file=1; feat_first_error_before_tests=1,ï»¿Current runner version: '2.333.0' Hosted Compute Agent Version: 20260213.493 Commit: <SHA> Build Date: Worker ID: {c8dbad59-1306-4815-a9fb-91a1f7119621} Azure Region: northcentralus Ubuntu 24.04.4 LTS Image: ubuntu-24.04 Version: 20260323.65.1 Included Software: <url:github.com> Image Release: <url:github.com> Actions: write ArtifactMetadata: write Attestations: write Checks: write Contents: write Deployments: write Discussions: write Issues: write Metadata: read Models: read Packages: write Pages: write PullRequests: write RepositoryProjects: write SecurityEvents: write Statuses: write Sec,0.3759287633535065,0.1914795309505436,0.00019468160239226797,0.0205440137284981,0.4118530103650595
compilation,test_failure,test_failure,False,0.39589370280020797,0.017731320715683008,tiangolo/fastapi,Test,check,Decide whether the needed jobs succeeded or failed,runtime.exit_code,ollama,0.855,False,feat_primary_is_runtime=1; feat_first_error_before_tests=1,"""followers_url"": ""<url:api.github.com> ""following_url"": ""<url:api.github.com> ""gists_url"": ""<url:api.github.com> ""gravatar_id"": """", ""html_url"": ""<url:github.com> ""id"": 110676251, ""login"": ""Luke-Evan"", ""node_id"": ""U_kgDOBpjJGw"", ""organizations_url"": ""<url:api.github.com> ""received_events_url"": ""<url:api.github.com> ""repos_url"": ""<url:api.github.com> ""site_admin"": false, ""starred_url"": ""<url:api.github.com> ""subscriptions_url"": ""<url:api.github.com> ""type"": ""User"", ""url"": ""<url:api.github.com> ""user_view_type"": ""public"" }, ""private"": false, ""pull_request_creation_policy"": ""all"", ""pulls_url"": ""<u",0.37816238208452496,0.20035463863182076,0.00018434143318934657,0.025404935050257028,0.39589370280020797
compilation,test_failure,test_failure,False,0.39589370280020797,0.017731320715683008,python-poetry/poetry,Tests,Status,Run false,runtime.exit_code,ollama,0.855,False,feat_primary_is_runtime=1; feat_first_error_before_tests=1,ï»¿Current runner version: '2.333.1' Hosted Compute Agent Version: 20260213.493 Commit: <SHA> Build Date: Worker ID: {09a9d041-df60-4c9e-9d64-a9ce24358813} Azure Region: eastus Ubuntu 24.04.4 LTS Image: ubuntu-24.04 Version: 20260413.86.1 Included Software: <url:github.com> Image Release: <url:github.com> Metadata: read Secret source: None Prepare workflow directory Prepare all required actions Complete job name: Status false shell: /usr/bin/bash --noprofile --norc -e -o pipefail {0} ##[error]Process completed with exit code 1. Cleaning up orphan processes,0.37816238208452496,0.20035463863182076,0.00018434143318934657,0.025404935050257028,0.39589370280020797
test_failure,test_failure,test_failure,True,0.39589370280020797,0.017731320715683008,pydantic/pydantic,CI,check,Decide whether the needed jobs succeeded or failed,runtime.exit_code,ollama,0.855,False,feat_primary_is_runtime=1; feat_first_error_before_tests=1,ï»¿Current runner version: '2.332.0' Hosted Compute Agent Version: 20260213.493 Commit: <SHA> Build Date: Worker ID: {ffd99803-780e-4541-ac0f-d46b9ec21171} Azure Region: northcentralus Ubuntu 24.04.3 LTS Image: ubuntu-24.04 Version: 20260302.42.1 Included Software: <url:github.com> Image Release: <url:github.com> Actions: write ArtifactMetadata: write Attestations: write Checks: write Contents: write Deployments: write Discussions: write Issues: write Metadata: read Models: read Packages: write Pages: write PullRequests: write RepositoryProjects: write SecurityEvents: write Statuses: write Sec,0.37816238208452496,0.20035463863182076,0.00018434143318934657,0.025404935050257028,0.39589370280020797
test_failure,test_failure,test_failure,True,0.39589370280020797,0.017731320715683008,aio-libs/aiohttp,CI,check,Decide whether the needed jobs succeeded or failed,runtime.exit_code,ollama,0.855,False,feat_primary_is_runtime=1; feat_first_error_before_tests=1,ï»¿Current runner version: '2.333.1' Hosted Compute Agent Version: 20260213.493 Commit: <SHA> Build Date: Worker ID: {17b7f23a-b28d-4e0b-bfc8-4a81bbb60f23} Azure Region: westus Ubuntu 24.04.4 LTS Image: ubuntu-24.04 Version: 20260329.72.1 Included Software: <url:github.com> Image Release: <url:github.com> Metadata: read Secret source: Actions Prepare workflow directory Prepare all required actions Getting action download info Download action repository 're-actors/alls-green@release/v1' (SHA:<SHA>) Download action repository 'codecov/codecov-action@v6' (SHA:<SHA>) Getting action download info D,0.37816238208452496,0.20035463863182076,0.00018434143318934657,0.025404935050257028,0.39589370280020797
configuration,compilation,compilation,False,0.4343184815803638,0.15147101405893748,pypa/pipenv,CI,Ubuntu / 3.12,Run pypiserver with pipenv (Python 3.10+),runtime.exit_code,ollama,0.95,False,feat_primary_is_runtime=1; feat_first_error_before_tests=1; feat_has_dependency_install=1,token: *** ssh-strict: true ssh-user: git persist-credentials: true clean: true sparse-checkout-cone-mode: true fetch-depth: 1 fetch-tags: false show-progress: true lfs: false submodules: false set-safe-directory: true Syncing repository: pypa/pipenv Working directory is '/home/runner/work/pipenv/pipenv' [command]/usr/bin/git version git version 2.53.0 Temporarily overriding HOME='/home/runner/work/_temp/6da5e82b-0058-49db-b093-997b32038bcd' before making global git config changes Adding repository directory to the temporary git global config as a safe directory [command]/usr/bin/git config --,0.4343184815803638,0.24071271267159447,0.00023307381832696146,0.0418882644082886,0.2828474675214263
compilation,configuration,configuration,False,0.5108963735889769,0.0867106351401602,tox-dev/tox,check,tox env pkg_meta on ubuntu-24.04,Install tox@self,runtime.exit_code,ollama,0.81,False,feat_kw_config_fail=1; feat_config_no_compile=1; feat_step_is_setup=1; feat_primary_is_runtime=1; feat_config_missing_file=1; feat_first_error_before_tests=1; feat_error_in_setup_step=1,* [new tag] 3.27.1 -> 3.27.1 * [new tag] 3.28.0 -> 3.28.0 * [new tag] 3.3.0 -> 3.3.0 * [new tag] 3.4.0 -> 3.4.0 * [new tag] 3.5.0 -> 3.5.0 * [new tag] 3.5.1 -> 3.5.1 * [new tag] 3.5.2 -> 3.5.2 * [new tag] 3.5.3 -> 3.5.3 * [new tag] 3.6.0 -> 3.6.0 * [new tag] 3.6.1 -> 3.6.1 * [new tag] 3.7.0 -> 3.7.0 * [new tag] 3.8.0 -> 3.8.0 * [new tag] 3.8.1 -> 3.8.1 * [new tag] 3.8.2 -> 3.8.2 * [new tag] 3.8.3 -> 3.8.3 * [new tag] 3.8.4 -> 3.8.4 * [new tag] 3.8.5 -> 3.8.5 * [new tag] 3.8.6 -> 3.8.6 * [new tag] 3.9.0 -> 3.9.0 * [new tag] 4.0.0 -> 4.0.0 * [new tag] 4.0.0a1 -> 4.0.0a1 * [new tag] 4.0.0a10 -> 4,0.4241857384488167,0.5108963735889769,0.00018558233350377516,0.019575947029945556,0.045156358598757156
test_failure,test_failure,test_failure,True,0.39589370280020797,0.017731320715683008,pydantic/pydantic,CI,check,Decide whether the needed jobs succeeded or failed,runtime.exit_code,ollama,0.855,False,feat_primary_is_runtime=1; feat_first_error_before_tests=1,ï»¿Current runner version: '2.332.0' Hosted Compute Agent Version: 20260213.493 Commit: <SHA> Build Date: Worker ID: {b67ae49b-c47a-412d-b7d9-e05014fd34b9} Azure Region: westus2 Ubuntu 24.04.3 LTS Image: ubuntu-24.04 Version: 20260309.50.1 Included Software: <url:github.com> Image Release: <url:github.com> Actions: read ArtifactMetadata: read Attestations: read Checks: read Contents: read Deployments: read Discussions: read Issues: read Metadata: read Models: read Packages: read Pages: read PullRequests: read RepositoryProjects: read SecurityEvents: read Statuses: read Secret source: None Prep,0.37816238208452496,0.20035463863182076,0.00018434143318934657,0.025404935050257028,0.39589370280020797
infrastructure,infrastructure,infrastructure,True,0.3579859745485043,0.016831616144777795,apache/airflow,Tests,CI image checks / Static checks,Static checks,unknown.other,ollama,0.8,False,feat_first_error_before_tests=1; feat_has_dependency_install=1,"rek-hooks: identity,lint-helm-chart,mypy-airflow-core,mypy-airflow-ctl,mypy-airflow-ctl-tests,mypy-airflow-e2e-tests,mypy-dev,mypy-devel-common,mypy-docker-tests,mypy-helm-tests,mypy-kubernetes-tests,mypy-scripts,mypy-shared-configuration,mypy-shared-dagnode,mypy-shared-listeners,mypy-shared-logging,mypy-shared-module_loading,mypy-shared-observability,mypy-shared-plugins_manager,mypy-shared-providers_discovery,mypy-shared-secrets_backend,mypy-shared-secrets_masker,mypy-shared-serialization,mypy-shared-template_rendering,mypy-shared-timezones,mypy-task-sdk,mypy-task-sdk-integration-tests,ts-com",0.16712037911370842,0.13262748954432,0.001111798389740665,0.3579859745485043,0.3411543584037265
configuration,compilation,compilation,False,0.5211484748903545,0.23396736985997174,psf/black,diff-shades,compare / preview-new-changes,Generate HTML diff report,runtime.exit_code,ollama,0.9,False,feat_primary_is_runtime=1; feat_first_error_before_tests=1; feat_has_compile_task=1; feat_has_dependency_install=1,ï»¿Current runner version: '2.331.0' Hosted Compute Agent Version: 20260213.493 Commit: <SHA> Build Date: Worker ID: {9b161c0d-2925-4b03-86c3-5877e7ccc523} Azure Region: westus3 Ubuntu 24.04.3 LTS Image: ubuntu-24.04 Version: 20260224.36.1 Included Software: <url:github.com> Image Release: <url:github.com> Metadata: read Secret source: None Prepare workflow directory Prepare all required actions Getting action download info Download action repository 'actions/checkout@<SHA>' (SHA:<SHA>) Download action repository 'actions/download-artifact@<SHA>' (SHA:<SHA>) Download action repository 'actions,0.5211484748903545,0.1698880185393712,0.00010987703458235642,0.021672524505309005,0.2871811050303828
test_failure,compilation,compilation,False,0.4343184815803638,0.15147101405893748,benoitc/gunicorn,lint,3.12 / tox-(other),Check generated docs,runtime.exit_code,ollama,0.855,False,feat_primary_is_runtime=1; feat_first_error_before_tests=1; feat_has_dependency_install=1,ï»¿Current runner version: '2.331.0' Hosted Compute Agent Version: 20260123.484 Commit: <SHA> Build Date: Worker ID: {7b5f2365-f3d4-4b04-83a0-02423c58d717} Azure Region: eastus2 Ubuntu 24.04.3 LTS Image: ubuntu-24.04 Version: 20260209.23.1 Included Software: <url:github.com> Image Release: <url:github.com> Contents: read Metadata: read Secret source: Actions Prepare workflow directory Prepare all required actions Getting action download info Download action repository 'actions/checkout@v6' (SHA:<SHA>) Download action repository 'actions/setup-python@v6' (SHA:<SHA>) Complete job name: 3.12 / to,0.4343184815803638,0.24071271267159447,0.00023307381832696146,0.0418882644082886,0.2828474675214263
infrastructure,infrastructure,infrastructure,True,0.3579859745485043,0.016831616144777795,apache/airflow,Tests,CI image checks / Static checks,Static checks,unknown.other,ollama,0.8,False,feat_first_error_before_tests=1; feat_has_dependency_install=1,"source-head-repo: apache/airflow source-head-ref: backport-0ed3e73-v3-2-test Complete job name: CI image checks / Static checks docker run -v ""${GITHUB_WORKSPACE}:/workspace"" -u 0:0 bash -c ""rm -rf /workspace/*"" shell: /usr/bin/bash --noprofile --norc -e -o pipefail {0} env: PYTHON_MAJOR_MINOR_VERSION: 3.10 UPGRADE_TO_NEWER_DEPENDENCIES: false GITHUB_TOKEN: *** Unable to find image 'bash:latest' locally latest: Pulling from library/bash 6a0ac1617861: Pulling fs layer 91eccb35d8cc: Pulling fs layer 2eddc95288cd: Pulling fs layer 2eddc95288cd: Download complete 91eccb35d8cc: Verifying Checksum 9",0.16712037911370842,0.13262748954432,0.001111798389740665,0.3579859745485043,0.3411543584037265
test_failure,test_failure,test_failure,True,0.39589370280020797,0.017731320715683008,encode/starlette,Test Suite,check,Decide whether the needed jobs succeeded or failed,runtime.exit_code,ollama,0.855,False,feat_primary_is_runtime=1; feat_first_error_before_tests=1,ï»¿Current runner version: '2.332.0' Hosted Compute Agent Version: 20260213.493 Commit: <SHA> Build Date: Worker ID: {5b2ac3f4-b4ff-49d8-a4a6-1dd0301ec792} Azure Region: eastus2 Ubuntu 24.04.3 LTS Image: ubuntu-24.04 Version: 20260302.42.1 Included Software: <url:github.com> Image Release: <url:github.com> Actions: read ArtifactMetadata: read Attestations: read Checks: read Contents: read Deployments: read Discussions: read Issues: read Metadata: read Models: read Packages: read Pages: read PullRequests: read RepositoryProjects: read SecurityEvents: read Statuses: read Secret source: None Prep,0.37816238208452496,0.20035463863182076,0.00018434143318934657,0.025404935050257028,0.39589370280020797
test_failure,compilation,compilation,False,0.4343184815803638,0.15147101405893748,pypa/pipenv,CI,Package Manager Benchmark,Run benchmark suite,runtime.exit_code,ollama,0.81,False,feat_primary_is_runtime=1; feat_first_error_before_tests=1; feat_has_dependency_install=1,"ch <name> hint: hint: Names commonly chosen instead of 'master' are 'main', 'trunk' and hint: 'development'. The just-created branch can be renamed via this command: hint: hint: git branch -m <name> hint: hint: Disable this message with ""git config set advice.defaultBranchName false"" Initialized empty Git repository in /home/runner/work/pipenv/pipenv/.git/ [command]/usr/bin/git remote add origin <url:github.com> [command]/usr/bin/git config --local gc.auto 0 [command]/usr/bin/git config --local --name-only --get-regexp core\.sshCommand [command]/usr/bin/git submodule foreach --recursive sh -c ",0.4343184815803638,0.24071271267159447,0.00023307381832696146,0.0418882644082886,0.2828474675214263
test_failure,infrastructure,infrastructure,False,0.484991808977587,0.25933526076606944,sqlalchemy/sqlalchemy,Run tests on a pr,test-amd64-3.13-cext-x64-ubuntu-22.04,Run tests,runtime.exit_code,ollama,0.855,False,feat_primary_is_runtime=1,"psycopg2 and not +asyncpg SKIPPED [1] .nox/github-cext/lib/python3.13/site-packages/sqlalchemy/testing/config.py:436: 'test/dialect/postgresql/test_dialect.py::BackendDialectTest_sqlite+pysqlite_numeric_3_37_2::test_multiple_host_real_connect[***/DB?host=H,H,H&port=P,P,P-True] (call)' : not +psycopg and not +psycopg2 and not +asyncpg SKIPPED [1] .nox/github-cext/lib/python3.13/site-packages/sqlalchemy/testing/config.py:436: 'test/dialect/postgresql/test_dialect.py::BackendDialectTest_sqlite+pysqlite_numeric_3_37_2::test_multiple_host_real_connect[***/DB?host=H:P&host=H&host=H-False] (call)' : ",0.22565654821151754,0.07365371705491316,0.00017709875919927085,0.484991808977587,0.21552082699678315
test_failure,test_failure,test_failure,True,0.39589370280020797,0.017731320715683008,aio-libs/aiobotocore,CI/CD,check,Decide whether the needed jobs succeeded or failed,runtime.exit_code,ollama,0.855,False,feat_primary_is_runtime=1; feat_first_error_before_tests=1,"ï»¿Current runner version: '2.332.0' Hosted Compute Agent Version: 20260213.493 Commit: <SHA> Build Date: Worker ID: {37f448a4-2a1d-4412-88b7-a2b02b5873e0} Azure Region: westus3 Ubuntu 24.04.3 LTS Image: ubuntu-24.04 Version: 20260302.42.1 Included Software: <url:github.com> Image Release: <url:github.com> Metadata: read Secret source: None Prepare workflow directory Prepare all required actions Getting action download info Download action repository 're-actors/alls-green@<SHA>' (SHA:<SHA>) Complete job name: check with: jobs: { ""build"": { ""result"": ""success"", ""outputs"": {} }, ""test"": { ""resul",0.37816238208452496,0.20035463863182076,0.00018434143318934657,0.025404935050257028,0.39589370280020797
infrastructure,infrastructure,infrastructure,True,0.484991808977587,0.25933526076606944,apache/airflow,Tests,Postgres tests: core / DB-core:Postgres:14:3.10:API...CLI,Migration Tests: 3.10:API Always CLI,runtime.exit_code,ollama,0.855,False,feat_primary_is_runtime=1,ï»¿Current runner version: '2.333.1' Hosted Compute Agent Version: 20260213.493 Commit: <SHA> Build Date: Worker ID: {3824d8cd-22ee-47d0-80e7-16b59d484c57} Azure Region: westus2 Ubuntu 22.04.5 LTS Image: ubuntu-22.04 Version: 20260413.88.1 Included Software: <url:github.com> Image Release: <url:github.com> Contents: read Metadata: read Secret source: None Prepare workflow directory Prepare all required actions Getting action download info Download action repository 'actions/checkout@<SHA>' (SHA:<SHA>) Uses: apache/airflow/.github/workflows/run-unit-tests.yml@refs/pull/65853/merge (<SHA>) runne,0.22565654821151754,0.07365371705491316,0.00017709875919927085,0.484991808977587,0.21552082699678315
test_failure,compilation,compilation,False,0.4343184815803638,0.15147101405893748,pypa/pipenv,CI,Package Manager Benchmark,Run benchmark suite,runtime.exit_code,ollama,0.81,False,feat_primary_is_runtime=1; feat_first_error_before_tests=1; feat_has_dependency_install=1,"git config --local --name-only --get-regexp 'core\.sshCommand' && git config --local --unset-all 'core.sshCommand' || :"" [command]/usr/bin/git config --local --name-only --get-regexp http\.https\:\/\/github\.com\/\.extraheader [command]/usr/bin/git submodule foreach --recursive sh -c ""git config --local --name-only --get-regexp 'http\.https\:\/\/github\.com\/\.extraheader' && git config --local --unset-all 'http.<url:github.com> || :"" [command]/usr/bin/git config --local --name-only --get-regexp ^includeIf\.gitdir: [command]/usr/bin/git submodule foreach --recursive git config --local --show-o",0.4343184815803638,0.24071271267159447,0.00023307381832696146,0.0418882644082886,0.2828474675214263
test_failure,compilation,compilation,False,0.4343184815803638,0.15147101405893748,benoitc/gunicorn,lint,3.12 / tox-(other),Check generated docs,runtime.exit_code,ollama,0.855,False,feat_primary_is_runtime=1; feat_first_error_before_tests=1; feat_has_dependency_install=1,ï»¿Current runner version: '2.332.0' Hosted Compute Agent Version: 20260213.493 Commit: <SHA> Build Date: Worker ID: {d683a0a5-11b7-4e73-bd59-e3623733d9ba} Azure Region: westus Ubuntu 24.04.3 LTS Image: ubuntu-24.04 Version: 20260309.50.1 Included Software: <url:github.com> Image Release: <url:github.com> Contents: read Metadata: read Secret source: Actions Prepare workflow directory Prepare all required actions Getting action download info Download action repository 'actions/checkout@v6' (SHA:<SHA>) Download action repository 'actions/setup-python@v6' (SHA:<SHA>) Complete job name: 3.12 / tox,0.4343184815803638,0.24071271267159447,0.00023307381832696146,0.0418882644082886,0.2828474675214263
