true_label,raw_pred,guarded_pred,correct,confidence,margin_top2,repo,workflow,job,failing_step,primary_label,label_source,confidence_source,synthetic,active_features,text_preview,p_compilation,p_configuration,p_flaky_test,p_infrastructure,p_test_failure
configuration,compilation,compilation,False,0.4343184815803638,0.15147101405893748,sqlalchemy/sqlalchemy,Run tests,test-3.11-windows-latest-x86-cext-greenlet,Run tests,runtime.exit_code,ollama,0.95,False,feat_primary_is_runtime=1; feat_first_error_before_tests=1; feat_has_dependency_install=1,ï»¿Current runner version: '2.331.0' Hosted Compute Agent Version: 20260123.484 Commit: <SHA> Build Date: Worker ID: {b5ed4f01-4768-4dc1-988a-7eeae437b563} Azure Region: northcentralus Microsoft Windows Server 2025 10.0.26100 Datacenter Image: windows-2025 Version: 20260127.11.2 Included Software: <url:github.com> Image Release: <url:github.com> Contents: read Metadata: read Secret source: Actions Prepare workflow directory Prepare all required actions Getting action download info Download action repository 'actions/checkout@v4' (SHA:<SHA>) Download action repository 'actions/setup-python@v5' ,0.4343184815803638,0.24071271267159447,0.00023307381832696146,0.0418882644082886,0.2828474675214263
compilation,configuration,configuration,False,0.5108963735889769,0.0867106351401602,tiangolo/fastapi,Build Docs,langs,Install docs extras,runtime.exit_code,ollama,0.855,False,feat_kw_config_fail=1; feat_config_no_compile=1; feat_step_is_setup=1; feat_primary_is_runtime=1; feat_config_missing_file=1; feat_first_error_before_tests=1; feat_error_in_setup_step=1,ï»¿Current runner version: '2.333.1' Hosted Compute Agent Version: 20260213.493 Commit: <SHA> Build Date: Worker ID: {f0cf71cf-ad4b-4132-ae44-e3cea9af105d} Azure Region: westcentralus Ubuntu 24.04.4 LTS Image: ubuntu-24.04 Version: 20260323.65.1 Included Software: <url:github.com> Image Release: <url:github.com> Contents: read Metadata: read Packages: read Secret source: None Prepare workflow directory Prepare all required actions Getting action download info Download action repository 'actions/checkout@v6' (SHA:<SHA>) Download action repository 'actions/setup-python@v6' (SHA:<SHA>) Download a,0.4241857384488167,0.5108963735889769,0.00018558233350377516,0.019575947029945556,0.045156358598757156
configuration,flaky_test,flaky_test,False,0.7292543514479142,0.5941501219096345,aio-libs/aiobotocore,CI/CD,test / Test Python 3.13 on ubuntu-24.04-arm,Run unittests,flaky.time_or_async,ollama,0.855,False,feat_primary_is_flaky=1; feat_first_error_before_tests=1,ï»¿Current runner version: '2.332.0' Hosted Compute Agent Version: 20260123.484 Commit: <SHA> Build Date: Worker ID: {d0aa2ea8-ef27-4c01-bbeb-40ce6c80ef60} Azure Region: eastus2 - OS: Linux (arm64) - Source: Partner - Name: Ubuntu 24.04 by Arm Limited - Version: 20260209.54.1 - Included Software: <url:github.com> Metadata: read Secret source: None Prepare workflow directory Prepare all required actions Getting action download info Download action repository 'actions/checkout@<SHA>' (SHA:<SHA>) Download action repository 'astral-sh/setup-uv@<SHA>' (SHA:<SHA>) Download action repository 'codecov,0.04297714395663985,0.031233859022604418,0.7292543514479142,0.06143041603456183,0.13510422953827972
test_failure,compilation,compilation,False,0.7421172152997783,0.5884922864898741,pydantic/pydantic,Third party tests,Test Redis OM Python (main branch) on Python 3.13,Make sync version of library (redis_om),runtime.exit_code,ollama,0.81,False,feat_step_is_compile=1; feat_primary_is_runtime=1; feat_first_error_before_tests=1; feat_error_in_compile_step=1,.<url:github.com> AUTHORIZATION: basic *** [command]/usr/bin/git config --local includeIf.gitdir:/home/runner/work/pydantic/pydantic/.git.path /home/runner/work/_temp/git-credentials-dd52f857-ecc3-47ad-92f8-c7245fbba4c1.config [command]/usr/bin/git config --local includeIf.gitdir:/home/runner/work/pydantic/pydantic/.git/worktrees/*.path /home/runner/work/_temp/git-credentials-dd52f857-ecc3-47ad-92f8-c7245fbba4c1.config [command]/usr/bin/git config --local includeIf.gitdir:/github/workspace/.git.path /github/runner_temp/git-credentials-dd52f857-ecc3-47ad-92f8-c7245fbba4c1.config [command]/usr/b,0.7421172152997783,0.09331415769634671,8.206547172431809e-05,0.010861632722246524,0.15362492880990425
compilation,test_failure,test_failure,False,0.39589370280020797,0.017731320715683008,aio-libs/aiobotocore,CI/CD,check,Decide whether the needed jobs succeeded or failed,runtime.exit_code,ollama,0.855,False,feat_primary_is_runtime=1; feat_first_error_before_tests=1,"ï»¿Current runner version: '2.333.1' Hosted Compute Agent Version: 20260213.493 Commit: <SHA> Build Date: Worker ID: {8e48ea87-2e12-4da2-bc62-76808fcd172d} Azure Region: westcentralus Ubuntu 24.04.4 LTS Image: ubuntu-24.04 Version: 20260413.86.1 Included Software: <url:github.com> Image Release: <url:github.com> Metadata: read Secret source: Actions Prepare workflow directory Prepare all required actions Getting action download info Download action repository 're-actors/alls-green@<SHA>' (SHA:<SHA>) Complete job name: check with: jobs: { ""build"": { ""result"": ""success"", ""outputs"": {} }, ""test"":",0.37816238208452496,0.20035463863182076,0.00018434143318934657,0.025404935050257028,0.39589370280020797
compilation,test_failure,test_failure,False,0.39589370280020797,0.017731320715683008,tiangolo/fastapi,Test,check,Decide whether the needed jobs succeeded or failed,runtime.exit_code,ollama,0.855,False,feat_primary_is_runtime=1; feat_first_error_before_tests=1,"""followers_url"": ""<url:api.github.com> ""following_url"": ""<url:api.github.com> ""gists_url"": ""<url:api.github.com> ""gravatar_id"": """", ""html_url"": ""<url:github.com> ""id"": 70463940, ""login"": ""Herrtian"", ""node_id"": ""MDQ6VXNlcjcwNDYzOTQw"", ""organizations_url"": ""<url:api.github.com> ""received_events_url"": ""<url:api.github.com> ""repos_url"": ""<url:api.github.com> ""site_admin"": false, ""starred_url"": ""<url:api.github.com> ""subscriptions_url"": ""<url:api.github.com> ""type"": ""User"", ""url"": ""<url:api.github.com> ""user_view_type"": ""public"" }, ""private"": false, ""pull_request_creation_policy"": ""all"", ""pulls_url",0.37816238208452496,0.20035463863182076,0.00018434143318934657,0.025404935050257028,0.39589370280020797
compilation,test_failure,test_failure,False,0.39589370280020797,0.017731320715683008,tiangolo/fastapi,pre-commit,pre-commit-alls-green,Decide whether the needed jobs succeeded or failed,runtime.exit_code,ollama,0.855,False,feat_primary_is_runtime=1; feat_first_error_before_tests=1,"""followers_url"": ""<url:api.github.com> ""following_url"": ""<url:api.github.com> ""gists_url"": ""<url:api.github.com> ""gravatar_id"": """", ""html_url"": ""<url:github.com> ""id"": 43058381, ""login"": ""mokshagnachintha"", ""node_id"": ""MDQ6VXNlcjQzMDU4Mzgx"", ""organizations_url"": ""<url:api.github.com> ""received_events_url"": ""<url:api.github.com> ""repos_url"": ""<url:api.github.com> ""site_admin"": false, ""starred_url"": ""<url:api.github.com> ""subscriptions_url"": ""<url:api.github.com> ""type"": ""User"", ""url"": ""<url:api.github.com> ""user_view_type"": ""public"" }, ""private"": false, ""pull_request_creation_policy"": ""all"", ""p",0.37816238208452496,0.20035463863182076,0.00018434143318934657,0.025404935050257028,0.39589370280020797
test_failure,compilation,compilation,False,0.4343184815803638,0.15147101405893748,benoitc/gunicorn,lint,3.12 / tox-(other),Check generated docs,runtime.exit_code,ollama,0.855,False,feat_primary_is_runtime=1; feat_first_error_before_tests=1; feat_has_dependency_install=1,ï»¿Current runner version: '2.332.0' Hosted Compute Agent Version: 20260213.493 Commit: <SHA> Build Date: Worker ID: {63a67ca8-63b0-47ff-b124-8f6eb64306de} Azure Region: northcentralus Ubuntu 24.04.3 LTS Image: ubuntu-24.04 Version: 20260309.50.1 Included Software: <url:github.com> Image Release: <url:github.com> Contents: read Metadata: read Secret source: Actions Prepare workflow directory Prepare all required actions Getting action download info Download action repository 'actions/checkout@v6' (SHA:<SHA>) Download action repository 'actions/setup-python@v6' (SHA:<SHA>) Complete job name: 3.,0.4343184815803638,0.24071271267159447,0.00023307381832696146,0.0418882644082886,0.2828474675214263
test_failure,compilation,compilation,False,0.4343184815803638,0.15147101405893748,benoitc/gunicorn,lint,3.12 / tox-(other),Check generated docs,runtime.exit_code,ollama,0.81,False,feat_primary_is_runtime=1; feat_first_error_before_tests=1; feat_has_dependency_install=1,ï»¿Current runner version: '2.331.0' Hosted Compute Agent Version: 20260123.484 Commit: <SHA> Build Date: Worker ID: {ff7b4c8b-c07e-49af-8e85-09b7bf36e893} Azure Region: westus3 Ubuntu 24.04.3 LTS Image: ubuntu-24.04 Version: 20260126.10.1 Included Software: <url:github.com> Image Release: <url:github.com> Contents: read Metadata: read Secret source: Actions Prepare workflow directory Prepare all required actions Getting action download info Download action repository 'actions/checkout@v6' (SHA:<SHA>) Download action repository 'actions/setup-python@v6' (SHA:<SHA>) Complete job name: 3.12 / to,0.4343184815803638,0.24071271267159447,0.00023307381832696146,0.0418882644082886,0.2828474675214263
compilation,test_failure,test_failure,False,0.8519423063153971,0.7353750007566866,apache/airflow,Tests,Postgres tests: core / DB-core:Postgres:15:3.11:Core...Serialization,core:DB Tests Postgres 15 Py3.11:Core Other Serialization,test.assertion,ollama,0.855,False,feat_primary_is_test=1,ï»¿Current runner version: '2.333.1' Hosted Compute Agent Version: 20260213.493 Commit: <SHA> Build Date: Worker ID: {259ddab2-cc06-4e67-84ee-234d2898eb1a} Azure Region: westcentralus Ubuntu 22.04.5 LTS Image: ubuntu-22.04 Version: 20260413.88.1 Included Software: <url:github.com> Image Release: <url:github.com> Contents: read Metadata: read Secret source: None Prepare workflow directory Prepare all required actions Getting action download info Download action repository 'actions/checkout@<SHA>' (SHA:<SHA>) Uses: apache/airflow/.github/workflows/run-unit-tests.yml@refs/pull/65958/merge (<SHA>),0.021910496881458817,0.009370104908797531,0.00020978633563600426,0.1165673055587105,0.8519423063153971
compilation,test_failure,test_failure,False,0.39589370280020797,0.017731320715683008,aio-libs/aiohttp,CI,check,Decide whether the needed jobs succeeded or failed,runtime.exit_code,ollama,0.855,False,feat_primary_is_runtime=1; feat_first_error_before_tests=1,ï»¿Current runner version: '2.333.0' Hosted Compute Agent Version: 20260213.493 Commit: <SHA> Build Date: Worker ID: {cc2570a9-923c-4094-8cf6-e00816f7e0aa} Azure Region: centralus Ubuntu 24.04.4 LTS Image: ubuntu-24.04 Version: 20260323.65.1 Included Software: <url:github.com> Image Release: <url:github.com> Metadata: read Secret source: None Prepare workflow directory Prepare all required actions Getting action download info Download action repository 're-actors/alls-green@release/v1' (SHA:<SHA>) Download action repository 'codecov/codecov-action@v6' (SHA:<SHA>) Getting action download info D,0.37816238208452496,0.20035463863182076,0.00018434143318934657,0.025404935050257028,0.39589370280020797
compilation,test_failure,test_failure,False,0.9707475803550901,0.9535344027168866,python-poetry/poetry,Tests,macOS aarch64 (Python 3.12) / pytest,Run poetry run pytest --integration -v,test.assertion,ollama,0.855,False,feat_fw_pytest=1; feat_step_is_test=1; feat_primary_is_test=1; feat_first_error_after_tests_started=1; feat_error_in_test_step=1,ï»¿Current runner version: '2.331.0' Hosted Compute Agent Version: 20260213.493 Commit: <SHA> Build Date: Worker ID: {6a2c443a-640c-45e8-9292-7d95adeb47a3} Azure Region: westus macOS 14.8.4 23J319 Image: macos-14-arm64 Version: 20260302.0147.1 Included Software: <url:github.com> Image Release: <url:github.com> Metadata: read Secret source: None Prepare workflow directory Prepare all required actions Getting action download info Download action repository 'actions/checkout@<SHA>' (SHA:<SHA>) Uses: python-poetry/poetry/.github/workflows/.tests-matrix.yaml@refs/pull/9805/merge (<SHA>) runner: mac,0.017213177638203462,0.006855497083464345,0.000573365871331455,0.004610379051910629,0.9707475803550901
test_failure,compilation,compilation,False,0.4343184815803638,0.15147101405893748,pypa/pip,CI,tests / 3.14 / Windows / 2,Run integration tests (group 2),runtime.exit_code,ollama,0.81,False,feat_primary_is_runtime=1; feat_first_error_before_tests=1; feat_has_dependency_install=1,FORCE_COLOR: 1 TEMP: D:\\Temp pythonLocation: C:\hostedtoolcache\windows\Python\3.14.3\x64 PKG_CONFIG_PATH: C:\hostedtoolcache\windows\Python\3.14.3\x64/lib/pkgconfig Python_ROOT_DIR: C:\hostedtoolcache\windows\Python\3.14.3\x64 Python2_ROOT_DIR: C:\hostedtoolcache\windows\Python\3.14.3\x64 Python3_ROOT_DIR: C:\hostedtoolcache\windows\Python\3.14.3\x64 - ââââââââââââââââââââââââââââââ 1024 KB / 2.73 MB ââââââââââââââââââââââââââââââ 2.00 MB / 2.73 MB âââââââââ,0.4343184815803638,0.24071271267159447,0.00023307381832696146,0.0418882644082886,0.2828474675214263
configuration,compilation,compilation,False,0.6956027572034927,0.4237746829278611,pypa/virtualenv,🧪 check,🧪 test 3.12 - macos-15,🏗️ Setup test suite,runtime.exit_code,ollama,0.95,False,feat_fw_gradle=1; feat_step_is_test=1; feat_step_is_setup=1; feat_primary_is_runtime=1; feat_first_error_before_tests=1; feat_error_in_setup_step=1; feat_error_in_test_step=1; feat_has_compile_task=1,* [new tag] 20.27.2 -> 20.27.2 * [new tag] 20.27.3 -> 20.27.3 * [new tag] 20.28.0 -> 20.28.0 * [new tag] 20.28.1 -> 20.28.1 * [new tag] 20.29.0 -> 20.29.0 * [new tag] 20.29.1 -> 20.29.1 * [new tag] 20.29.2 -> 20.29.2 * [new tag] 20.29.3 -> 20.29.3 * [new tag] 20.3.0 -> 20.3.0 * [new tag] 20.3.1 -> 20.3.1 * [new tag] 20.30.0 -> 20.30.0 * [new tag] 20.31.0 -> 20.31.0 * [new tag] 20.31.1 -> 20.31.1 * [new tag] 20.31.2 -> 20.31.2 * [new tag] 20.32.0 -> 20.32.0 * [new tag] 20.33.0 -> 20.33.0 * [new tag] 20.33.1 -> 20.33.1 * [new tag] 20.34.0 -> 20.34.0 * [new tag] 20.35.0 -> 20.35.0 * [new tag] 20.,0.6956027572034927,0.27182807427563166,0.00014048827291545513,0.015565995995832997,0.01686268425212735
compilation,test_failure,test_failure,False,0.39589370280020797,0.017731320715683008,astral-sh/ruff,CI,prek,Run prek,runtime.exit_code,ollama,0.855,False,feat_primary_is_runtime=1; feat_first_error_before_tests=1,ï»¿Current runner version: '2.333.1' Runner name: 'depot-nxnnlmsptb' Runner group name: 'default' Machine name: 'depot-machine' Metadata: read Secret source: Actions Prepare workflow directory Prepare all required actions Getting action download info Download action repository 'actions/checkout@<SHA>' (SHA:<SHA>) Download action repository 'astral-sh/setup-uv@<SHA>' (SHA:<SHA>) Download action repository 'actions/setup-node@<SHA>' (SHA:<SHA>) Download action repository 'actions/cache@<SHA>' (SHA:<SHA>) Complete job name: prek with: persist-credentials: false repository: astral-sh/ruff token: *,0.37816238208452496,0.20035463863182076,0.00018434143318934657,0.025404935050257028,0.39589370280020797
configuration,test_failure,test_failure,False,0.9450637904113197,0.9228897823843677,astral-sh/ruff,CI,cargo test (depot-windows-2022-16),Run tests,test.assertion,ollama,0.765,False,feat_primary_is_test=1; feat_first_error_before_tests=1,"[command]""C:\Program Files\Git\bin\git.exe"" submodule foreach --recursive ""sh -c \""git config --local --name-only --get-regexp 'http\.https\:\/\/github\.com\/\.extraheader' && git config --local --unset-all 'http.<url:github.com> || :\"""" Removing includeIf entries pointing to credentials config files [command]""C:\Program Files\Git\bin\git.exe"" config --local --name-only --get-regexp ^includeIf\.gitdir: includeif.gitdir:C:/actions-runner/ruff/ruff/.git.path includeif.gitdir:C:/actions-runner/ruff/ruff/.git/worktrees/*.path includeif.gitdir:/github/workspace/.git.path includeif.gitdir:/github/wo",0.022174008026952068,0.016115073662844415,0.0001318700673273755,0.016515257831556548,0.9450637904113197
compilation,test_failure,test_failure,False,0.5475031527331026,0.15174865613748456,fabric8io/kubernetes-client,Build,Java 11 Maven,Build Project,runtime.exit_code,ollama,0.855,False,feat_tests_ran=1; feat_num_tests_run=46; feat_build_duration=0.603; feat_fw_junit=1; feat_fw_gradle=1; feat_is_java=1; feat_step_is_compile=1; feat_primary_is_runtime=1; feat_first_error_after_tests_started=1; feat_error_in_compile_step=1; feat_error_in_test_step=1; feat_has_compile_task=1,ter (Autodetected) [jar] [INFO] Fabric8 :: Kubernetes :: JUnit :: Server Mock [jar] [INFO] Kube API Test Parent [pom] [INFO] Kube API Test [jar] [INFO] Kube API Test - Client Injecting Support [jar] [INFO] Fabric8 :: Openshift :: Java Client API [jar] [INFO] Fabric8 :: Openshift :: Java Client [jar] [INFO] Fabric8 :: Kubernetes :: Extensions [pom] [INFO] Fabric8 :: Knative :: Extension [pom] [INFO] Fabric8 :: Knative :: Model [bundle] [INFO] Fabric8 :: Knative :: Client [bundle] [INFO] Fabric8 :: Knative :: Examples [jar] [INFO] Fabric8 :: Knative :: Tests [jar] [INFO] Fabric8 :: Tekton :: Ext,0.395754496595618,0.03680700883674571,0.00047698506741607216,0.019458356767117716,0.5475031527331026
test_failure,compilation,compilation,False,0.4343184815803638,0.15147101405893748,pypa/pipenv,CI,Package Manager Benchmark,Run benchmark suite,runtime.exit_code,ollama,0.81,False,feat_primary_is_runtime=1; feat_first_error_before_tests=1; feat_has_dependency_install=1,"Note: switching to 'refs/remotes/pull/6538/merge'. You are in 'detached HEAD' state. You can look around, make experimental changes and commit them, and you can discard any commits you make in this state without impacting any branches by switching back to a branch. If you want to create a new branch to retain commits you create, you may do so (now or later) by using -c with the switch command. Example: git switch -c <new-branch-name> Or undo this operation with: git switch - Turn off this advice by setting config variable advice.detachedHead to false HEAD is now at 8f23a57 Merge <SHA> into <SH",0.4343184815803638,0.24071271267159447,0.00023307381832696146,0.0418882644082886,0.2828474675214263
test_failure,compilation,compilation,False,0.4343184815803638,0.15147101405893748,pypa/pipenv,CI,Package Manager Benchmark,Run benchmark suite,runtime.exit_code,ollama,0.81,False,feat_primary_is_runtime=1; feat_first_error_before_tests=1; feat_has_dependency_install=1,"Note: switching to 'refs/remotes/pull/6553/merge'. You are in 'detached HEAD' state. You can look around, make experimental changes and commit them, and you can discard any commits you make in this state without impacting any branches by switching back to a branch. If you want to create a new branch to retain commits you create, you may do so (now or later) by using -c with the switch command. Example: git switch -c <new-branch-name> Or undo this operation with: git switch - Turn off this advice by setting config variable advice.detachedHead to false HEAD is now at e990dc3 Merge <SHA> into <SH",0.4343184815803638,0.24071271267159447,0.00023307381832696146,0.0418882644082886,0.2828474675214263
test_failure,compilation,compilation,False,0.7284593554001253,0.5168039598576883,python/mypy,Tests,Type check our own code (py310-windows-64),Test,compile.typescript,ollama,0.81,False,feat_fw_pytest=1; feat_kw_config_fail=1; feat_config_no_compile=1; feat_step_is_test=1; feat_primary_is_compile=1; feat_config_lint_format=1; feat_first_error_before_tests=1; feat_error_in_setup_step=1; feat_error_in_lint_step=1; feat_error_in_test_step=1; feat_has_dependency_install=1; feat_config_strong_only=1,"MYPY_FORCE_COLOR: 1 MYPY_FORCE_TERMINAL_WIDTH: 200 PYTEST_ADDOPTS: --color=yes Successfully set up CPython (3.10.11) echo PATH; echo $PATH echo which python; which python echo which pip; which pip echo python version; python -c 'import sys; print(sys.version)' echo debug build; python -c 'import sysconfig; print(bool(sysconfig.get_config_var(""Py_DEBUG"")))' echo os.cpu_count; python -c 'import os; print(os.cpu_count())' echo os.sched_getaffinity; python -c 'import os; print(len(getattr(os, ""sched_getaffinity"", lambda *args: [])(0)))' pip install tox==4.26.0 shell: C:\Program Files\PowerShell\7\",0.7284593554001253,0.0525816737872736,0.0009331753512545583,0.006370399918909525,0.21165539554243698
configuration,compilation,compilation,False,0.4343184815803638,0.15147101405893748,benoitc/gunicorn,lint,3.12 / tox-(other),Check generated docs,runtime.exit_code,ollama,0.95,False,feat_primary_is_runtime=1; feat_first_error_before_tests=1; feat_has_dependency_install=1,ï»¿Current runner version: '2.331.0' Hosted Compute Agent Version: 20260213.493 Commit: <SHA> Build Date: Worker ID: {ebd554eb-d37f-4cd3-947d-3c15f3fc9da8} Azure Region: westus Ubuntu 24.04.3 LTS Image: ubuntu-24.04 Version: 20260217.30.1 Included Software: <url:github.com> Image Release: <url:github.com> Contents: read Metadata: read Secret source: Actions Prepare workflow directory Prepare all required actions Getting action download info Download action repository 'actions/checkout@v6' (SHA:<SHA>) Download action repository 'actions/setup-python@v6' (SHA:<SHA>) Complete job name: 3.12 / tox,0.4343184815803638,0.24071271267159447,0.00023307381832696146,0.0418882644082886,0.2828474675214263
compilation,test_failure,test_failure,False,0.39589370280020797,0.017731320715683008,pydantic/pydantic,CI,check,Decide whether the needed jobs succeeded or failed,runtime.exit_code,ollama,0.855,False,feat_primary_is_runtime=1; feat_first_error_before_tests=1,"ï»¿Current runner version: '2.333.1' Hosted Compute Agent Version: 20260213.493 Commit: <SHA> Build Date: Worker ID: {89dc2951-0abf-4aee-8bc6-3e737afc8f2e} Azure Region: westcentralus Ubuntu 24.04.4 LTS Image: ubuntu-24.04 Version: 20260406.80.1 Included Software: <url:github.com> Image Release: <url:github.com> Contents: read Metadata: read Secret source: None Prepare workflow directory Prepare all required actions Getting action download info Download action repository 're-actors/alls-green@<SHA>' (SHA:<SHA>) Complete job name: check with: jobs: { ""lint"": { ""result"": ""failure"", ""outputs"": {}",0.37816238208452496,0.20035463863182076,0.00018434143318934657,0.025404935050257028,0.39589370280020797
compilation,test_failure,test_failure,False,0.39589370280020797,0.017731320715683008,tiangolo/fastapi,pre-commit,pre-commit-alls-green,Decide whether the needed jobs succeeded or failed,runtime.exit_code,ollama,0.855,False,feat_primary_is_runtime=1; feat_first_error_before_tests=1,"""followers_url"": ""<url:api.github.com> ""following_url"": ""<url:api.github.com> ""gists_url"": ""<url:api.github.com> ""gravatar_id"": """", ""html_url"": ""<url:github.com> ""id"": 152703806, ""login"": ""Sumedh-6504"", ""node_id"": ""U_kgDOCRoTPg"", ""organizations_url"": ""<url:api.github.com> ""received_events_url"": ""<url:api.github.com> ""repos_url"": ""<url:api.github.com> ""site_admin"": false, ""starred_url"": ""<url:api.github.com> ""subscriptions_url"": ""<url:api.github.com> ""type"": ""User"", ""url"": ""<url:api.github.com> ""user_view_type"": ""public"" }, ""private"": false, ""pull_request_creation_policy"": ""all"", ""pulls_url"": """,0.37816238208452496,0.20035463863182076,0.00018434143318934657,0.025404935050257028,0.39589370280020797
configuration,compilation,compilation,False,0.4343184815803638,0.15147101405893748,benoitc/gunicorn,lint,3.12 / tox-(other),Check generated docs,runtime.exit_code,ollama,0.95,False,feat_primary_is_runtime=1; feat_first_error_before_tests=1; feat_has_dependency_install=1,ï»¿Current runner version: '2.331.0' Hosted Compute Agent Version: 20260123.484 Commit: <SHA> Build Date: Worker ID: {b306142a-58e7-4078-93f4-68318ce12cc6} Azure Region: eastus2 Ubuntu 24.04.3 LTS Image: ubuntu-24.04 Version: 20260126.10.1 Included Software: <url:github.com> Image Release: <url:github.com> Contents: read Metadata: read Secret source: Actions Prepare workflow directory Prepare all required actions Getting action download info Download action repository 'actions/checkout@v6' (SHA:<SHA>) Download action repository 'actions/setup-python@v6' (SHA:<SHA>) Complete job name: 3.12 / to,0.4343184815803638,0.24071271267159447,0.00023307381832696146,0.0418882644082886,0.2828474675214263
compilation,test_failure,test_failure,False,0.6638563239172462,0.400825187716755,pydantic/pydantic,Third party tests,Test FastDepends (main branch) on Python 3.10,Run FastDepends tests,runtime.exit_code,ollama,0.81,False,feat_fw_pytest=1; feat_kw_config_fail=1; feat_config_no_compile=1; feat_primary_is_runtime=1; feat_config_missing_file=1; feat_first_error_before_tests=1; feat_error_in_setup_step=1; feat_has_dependency_install=1,ï»¿Current runner version: '2.332.0' Hosted Compute Agent Version: 20260213.493 Commit: <SHA> Build Date: Worker ID: {61c57958-df0d-4526-bee1-d38d368d852c} Azure Region: northcentralus Ubuntu 24.04.3 LTS Image: ubuntu-24.04 Version: 20260309.50.1 Included Software: <url:github.com> Image Release: <url:github.com> Contents: read Metadata: read Secret source: Actions Prepare workflow directory Prepare all required actions Getting action download info Download action repository 'actions/checkout@v6' (SHA:<SHA>) Download action repository 'astral-sh/setup-uv@v7' (SHA:<SHA>) Complete job name: Test,0.06899138234325937,0.26303113620049123,7.213959917820363e-05,0.004049017939824884,0.6638563239172462
infrastructure,test_failure,test_failure,False,0.8519423063153971,0.7353750007566866,apache/airflow,Tests,Postgres tests: core / DB-core:Postgres:14:3.10:Core...Serialization,core:DB Tests Postgres 14 Py3.10:Core Other Serialization,test.assertion,ollama,0.855,False,feat_primary_is_test=1,ï»¿Current runner version: '2.333.1' Hosted Compute Agent Version: 20260213.493 Commit: <SHA> Build Date: Worker ID: {16d2154e-bdac-434f-a9d4-9db14ce13baa} Azure Region: eastus Ubuntu 22.04.5 LTS Image: ubuntu-22.04 Version: 20260413.88.1 Included Software: <url:github.com> Image Release: <url:github.com> Contents: read Metadata: read Secret source: None Prepare workflow directory Prepare all required actions Getting action download info Download action repository 'actions/checkout@<SHA>' (SHA:<SHA>) Uses: apache/airflow/.github/workflows/run-unit-tests.yml@refs/pull/66008/merge (<SHA>) runner,0.021910496881458817,0.009370104908797531,0.00020978633563600426,0.1165673055587105,0.8519423063153971
compilation,infrastructure,infrastructure,False,0.6358035333963611,0.37568151711048914,mockito/mockito,CI,"java (11, mock-maker-default, member-accessor-default)",5. Spotless check (single job only). Run './gradlew spotlessApply' locally if this job fails.,infra.network.socket,ollama,0.855,False,feat_build_duration=26; feat_fw_junit=1; feat_fw_gradle=1; feat_is_java=1; feat_step_is_lint=1; feat_primary_is_infra=1; feat_first_error_before_tests=1; feat_error_in_lint_step=1; feat_has_compile_task=1,piter:jar > Task :mockito-extensions:mockito-errorprone:javadoc > Task :mockito-extensions:mockito-errorprone:javadocJar > Task :mockito-extensions:mockito-errorprone:assemble > Task :mockito-extensions:mockito-proxy:jar > Task :mockito-extensions:mockito-proxy:assemble > Task :mockito-extensions:mockito-subclass:jar > Task :mockito-extensions:mockito-subclass:assemble > Task :mockito-integration-tests:android-tests:mergeDebugJavaResource > Task :mockito-extensions:mockito-android:bundleLibRuntimeToDirDebug > Task :mockito-integration-tests:android-tests:mergeDebugNativeLibs > Task :mockito-in,0.26012201628587195,0.04426250833850107,0.002614105742236935,0.6358035333963611,0.05719783623702899
configuration,test_failure,test_failure,False,0.39589370280020797,0.017731320715683008,django/django,Check commit prefix,check-commit-suffix,Check commit messages suffix,runtime.exit_code,ollama,0.95,False,feat_primary_is_runtime=1; feat_first_error_before_tests=1,ï»¿Current runner version: '2.333.1' Hosted Compute Agent Version: 20260213.493 Commit: <SHA> Build Date: Worker ID: {40450bd1-61ab-4c84-82dd-d3f3cd18cd4c} Azure Region: eastus2 Ubuntu 24.04.4 LTS Image: ubuntu-24.04 Version: 20260406.80.1 Included Software: <url:github.com> Image Release: <url:github.com> Contents: read Metadata: read Secret source: None Prepare workflow directory Prepare all required actions Getting action download info Download action repository 'actions/checkout@v6' (SHA:<SHA>) Complete job name: check-commit-suffix with: persist-credentials: false repository: django/djang,0.37816238208452496,0.20035463863182076,0.00018434143318934657,0.025404935050257028,0.39589370280020797
configuration,test_failure,test_failure,False,0.39589370280020797,0.017731320715683008,pre-commit/pre-commit,main,main-windows / collector,check for failures,runtime.exit_code,ollama,0.95,False,feat_primary_is_runtime=1; feat_first_error_before_tests=1,ï»¿Current runner version: '2.333.1' Hosted Compute Agent Version: 20260213.493 Commit: <SHA> Build Date: Worker ID: {6ed8b0e7-6f91-4e67-84c3-9456ce669e42} Azure Region: eastus2 Ubuntu 24.04.4 LTS Image: ubuntu-24.04 Version: 20260413.86.1 Included Software: <url:github.com> Image Release: <url:github.com> Actions: read ArtifactMetadata: read Attestations: read Checks: read Contents: read Deployments: read Discussions: read Issues: read Metadata: read Models: read Packages: read Pages: read PullRequests: read RepositoryProjects: read SecurityEvents: read Statuses: read Secret source: None Prep,0.37816238208452496,0.20035463863182076,0.00018434143318934657,0.025404935050257028,0.39589370280020797
test_failure,configuration,configuration,False,0.8921489882766922,0.7935261363563016,pypa/pipenv,CI,MacOS / 3.10,Run tests,dep.not_found,ollama,0.855,False,feat_fw_pytest=1; feat_kw_test_assert=1; feat_primary_is_config=1; feat_first_error_before_tests=1; feat_has_dependency_install=1,brary/Frameworks/Python.framework/Versions/3.10/lib/python3.10/site-packages (23.0.1) Collecting pip Downloading pip-26.0.1-py3-none-any.whl (1.8 MB) ââââââââââââââââââââââââââââââââââââââââ 1.8/1.8 MB 72.7 MB/s eta 0:00:00 Installing collected packages: pip Attempting uninstall: pip Found existing installation: pip 23.0.1 Uninstalling pip-23.0.1: Successfully uninstalled pip-23.0.1 Successfully installed pip-26.0.1 Install OpenSSL certificates Collecting certifi Using cached certifi-2026.2.25-py3-none-any.whl.meta,0.0051352600045634945,0.8921489882766922,3.599087126433936e-05,0.004056908927089441,0.09862285192039053
infrastructure,configuration,configuration,False,0.7316079330394352,0.5337543666170257,checkstyle/checkstyle,Checker,check (formatter),Install Groovy,runtime.exit_code,ollama,0.855,False,feat_is_java=1; feat_kw_config_fail=1; feat_config_no_compile=1; feat_step_is_setup=1; feat_primary_is_runtime=1; feat_config_missing_file=1; feat_first_error_before_tests=1; feat_error_in_setup_step=1,ï»¿Current runner version: '2.333.1' Hosted Compute Agent Version: 20260213.493 Commit: <SHA> Build Date: Worker ID: {1db4d805-7002-44a9-a6cd-77f209e10ba1} Azure Region: eastus2 Ubuntu 24.04.4 LTS Image: ubuntu-24.04 Version: 20260406.80.1 Included Software: <url:github.com> Image Release: <url:github.com> Contents: read Metadata: read Packages: read Secret source: None Prepare workflow directory Prepare all required actions Getting action download info Download action repository 'actions/setup-java@v5' (SHA:<SHA>) Download action repository 'actions/checkout@v6' (SHA:<SHA>) Download action re,0.19785356642240945,0.7316079330394352,0.00018998827117439849,0.05889756473161916,0.011450947535361862
configuration,test_failure,test_failure,False,0.39589370280020797,0.017731320715683008,mlflow/mlflow,JS,js (--testPathIgnorePatterns),Run tests,runtime.exit_code,ollama,0.95,False,feat_primary_is_runtime=1; feat_first_error_before_tests=1,/tmp/xfs-2593bd5b STDOUT No package manager configuration detected; defaulting to Yarn â¤ YN0000: â /tmp/xfs-2593bd5b STDOUT â¤ YN0000: â /tmp/xfs-75efccf8 STDOUT No package manager configuration detected; defaulting to Yarn â¤ YN0000: â /tmp/xfs-75efccf8 STDOUT â¤ YN0000: â /tmp/xfs-75efccf8 STDOUT â¤ YN0000: LICENSE â¤ YN0000: â /tmp/xfs-75efccf8 STDOUT â¤ YN0000: README.md â¤ YN0000: â /tmp/xfs-75efccf8 STDOUT â¤ YN0000: package.json â¤ YN0000: â /tmp/xfs-75efccf8 STDOUT â¤ YN0000: robust-determinant.js â¤ YN0000: â /tmp/xfs-75efccf8 STDOUT â¤ YN0000: test/test.,0.37816238208452496,0.20035463863182076,0.00018434143318934657,0.025404935050257028,0.39589370280020797
infrastructure,test_failure,test_failure,False,0.9782880761669949,0.9666114160790684,tox-dev/tox,check,test 3.10 on macos-15,Run test suite,test.assertion,ollama,0.72,False,feat_fw_pytest=1; feat_kw_flaky=1; feat_step_is_test=1; feat_primary_is_test=1; feat_first_error_after_tests_started=1; feat_error_in_test_step=1; feat_has_compile_task=1; feat_has_dependency_install=1,sers/runner/work/tox/tox) + typing-extensions==4.15.0 + virtualenv==20.39.0 Installed 1 executable: tox tox run -vv --notest --skip-missing-interpreters false -e 3.10 shell: /bin/bash -e {0} env: FORCE_COLOR: 1 UV_PYTHON_INSTALL_DIR: /Users/runner/work/_temp/uv-python-dir UV_CACHE_DIR: /Users/runner/work/_temp/setup-uv-cache ROOT: 1003 D setup logging to DEBUG on pid 1200 [tox/report.py:229] ROOT: 1004 I TomlPyProject skipped loading /Users/runner/work/tox/tox/pyproject.toml due to /Users/runner/work/tox/tox/pyproject.toml [tox/config/source/discover.py:74] ROOT: 1005 I LegacyToml skipped load,0.011676660087926411,0.0053973129779080415,0.0013515726168910327,0.0032863781502795795,0.9782880761669949
compilation,test_failure,test_failure,False,0.39589370280020797,0.017731320715683008,aio-libs/aiohttp,CI,check,Decide whether the needed jobs succeeded or failed,runtime.exit_code,ollama,0.855,False,feat_primary_is_runtime=1; feat_first_error_before_tests=1,ï»¿Current runner version: '2.333.1' Hosted Compute Agent Version: 20260213.493 Commit: <SHA> Build Date: Worker ID: {bbcada61-3fe4-4d9a-b2a0-0fdb3ab3b1c7} Azure Region: westus Ubuntu 24.04.4 LTS Image: ubuntu-24.04 Version: 20260329.72.1 Included Software: <url:github.com> Image Release: <url:github.com> Metadata: read Secret source: Actions Prepare workflow directory Prepare all required actions Getting action download info Download action repository 're-actors/alls-green@release/v1' (SHA:<SHA>) Download action repository 'codecov/codecov-action@v6' (SHA:<SHA>) Getting action download info D,0.37816238208452496,0.20035463863182076,0.00018434143318934657,0.025404935050257028,0.39589370280020797
infrastructure,test_failure,test_failure,False,0.8519423063153971,0.7353750007566866,apache/airflow,Tests,"Non-DB tests: providers / Non-DB-prov::3.10:-amazon,celer...standard","providers:Non-DB Tests   Py3.10:Providers[-amazon,celery,google,standard] Providers[amazon] Providers[celery] Providers[google] Providers[standard]",test.assertion,ollama,0.855,False,feat_primary_is_test=1,ï»¿Current runner version: '2.333.1' Hosted Compute Agent Version: 20260213.493 Commit: <SHA> Build Date: Worker ID: {c72df13a-dc77-49dc-85ca-d15da7e171e3} Azure Region: eastus Ubuntu 22.04.5 LTS Image: ubuntu-22.04 Version: 20260413.88.1 Included Software: <url:github.com> Image Release: <url:github.com> Contents: read Metadata: read Secret source: None Prepare workflow directory Prepare all required actions Getting action download info Download action repository 'actions/checkout@<SHA>' (SHA:<SHA>) Uses: apache/airflow/.github/workflows/run-unit-tests.yml@refs/pull/65853/merge (<SHA>) runner,0.021910496881458817,0.009370104908797531,0.00020978633563600426,0.1165673055587105,0.8519423063153971
compilation,test_failure,test_failure,False,0.6724562678776613,0.4054771736680664,fabric8io/kubernetes-client,Build,Java 11 Maven,Build Project,runtime.exit_code,ollama,0.855,False,feat_tests_ran=1; feat_num_tests_run=46; feat_build_duration=0.739; feat_fw_junit=1; feat_fw_gradle=1; feat_is_java=1; feat_step_is_compile=1; feat_primary_is_runtime=1; feat_first_error_after_tests_started=1; feat_error_in_compile_step=1; feat_error_in_test_step=1; feat_has_compile_task=1,[pom] [INFO] Kube API Test [jar] [INFO] Kube API Test - Client Injecting Support [jar] [INFO] Fabric8 :: Openshift :: Java Client API [jar] [INFO] Fabric8 :: Openshift :: Java Client [jar] [INFO] Fabric8 :: Kubernetes :: Extensions [pom] [INFO] Fabric8 :: Knative :: Extension [pom] [INFO] Fabric8 :: Knative :: Model [bundle] [INFO] Fabric8 :: Knative :: Client [bundle] [INFO] Fabric8 :: Knative :: Examples [jar] [INFO] Fabric8 :: Knative :: Tests [jar] [INFO] Fabric8 :: Tekton :: Extension [pom] [INFO] Fabric8 :: Tekton :: Model [bundle] [INFO] Fabric8 :: Tekton :: Client [bundle] [INFO] Fabri,0.2669790942095949,0.03928640841411226,0.0005091158113134383,0.02076911368731804,0.6724562678776613
configuration,compilation,compilation,False,0.7404580345727101,0.5172654969773297,pypa/virtualenv,🧪 check,🧪 test brew@3.10 - macos-15,🏗️ Setup test suite,runtime.exit_code,ollama,0.95,False,feat_fw_gradle=1; feat_step_is_test=1; feat_step_is_setup=1; feat_primary_is_runtime=1; feat_first_error_before_tests=1; feat_error_in_setup_step=1; feat_error_in_test_step=1; feat_has_compile_task=1; feat_has_dependency_install=1,* [new tag] 20.6.0 -> 20.6.0 * [new tag] 20.7.0 -> 20.7.0 * [new tag] 20.7.1 -> 20.7.1 * [new tag] 20.7.2 -> 20.7.2 * [new tag] 20.8.0 -> 20.8.0 * [new tag] 20.8.1 -> 20.8.1 * [new tag] 20.9.0 -> 20.9.0 * [new ref] <SHA> -> pull/3025/merge [command]/opt/homebrew/bin/git sparse-checkout disable [command]/opt/homebrew/bin/git config --local --unset-all extensions.worktreeConfig [command]/opt/homebrew/bin/git checkout --progress --force refs/remotes/pull/3025/merge HEAD is now at 37ccbbe2 Merge <SHA> into <SHA> [command]/opt/homebrew/bin/git log -1 --format=%H <SHA> git fetch --force --tags <url:,0.7404580345727101,0.22319253759538035,0.00016463409276082412,0.021439458168535937,0.014745335570612904
test_failure,compilation,compilation,False,0.4343184815803638,0.15147101405893748,benoitc/gunicorn,lint,3.12 / tox-(other),Check generated docs,runtime.exit_code,ollama,0.81,False,feat_primary_is_runtime=1; feat_first_error_before_tests=1; feat_has_dependency_install=1,ï»¿Current runner version: '2.331.0' Hosted Compute Agent Version: 20260115.477 Commit: <SHA> Build Date: Worker ID: {36bb6c9c-cc1e-46a1-9e59-83ea29042cf9} Azure Region: eastus Ubuntu 24.04.3 LTS Image: ubuntu-24.04 Version: 20260119.4.1 Included Software: <url:github.com> Image Release: <url:github.com> Contents: read Metadata: read Secret source: Actions Prepare workflow directory Prepare all required actions Getting action download info Download action repository 'actions/checkout@v6' (SHA:<SHA>) Download action repository 'actions/setup-python@v6' (SHA:<SHA>) Complete job name: 3.12 / tox-,0.4343184815803638,0.24071271267159447,0.00023307381832696146,0.0418882644082886,0.2828474675214263
configuration,compilation,compilation,False,0.5000172400223225,0.13343225498149158,docker/compose,ci,test,Test,runtime.command_not_found,rule,0.92,False,feat_step_is_test=1; feat_primary_is_runtime=1; feat_first_error_before_tests=1; feat_error_in_test_step=1; feat_has_compile_task=1,"""reservedSpace"": ""9.313GiB"", ""maxUsedSpace"": ""93.13GiB"", ""minFreeSpace"": ""27.01GiB"" }, { ""all"": true, ""reservedSpace"": ""9.313GiB"", ""maxUsedSpace"": ""93.13GiB"", ""minFreeSpace"": ""27.01GiB"" } ] } ], ""name"": ""builder-8d43ba28-ceca-40f8-b3b1-cdf99cd4a148"", ""driver"": ""docker-container"", ""lastActivity"": """" } [command]/usr/bin/docker buildx bake <url:github.com> --set *.cache-from=type=gha,scope=test --set *.cache-to=type=gha,scope=test --print test #0 building with ""builder-8d43ba28-ceca-40f8-b3b1-cdf99cd4a148"" instance using docker-container driver #1 [internal] load git source <url:github.com> #1 0.",0.5000172400223225,0.12410142242626171,0.0003306031426620237,0.008965749367922826,0.3665849850408309
test_failure,infrastructure,infrastructure,False,0.4847595401870418,0.011723584063406345,pypa/pipenv,CI,Windows / 3.10,Run tests,infra.network.socket,ollama,0.855,False,feat_fw_pytest=1; feat_kw_test_assert=1; feat_primary_is_infra=1; feat_first_error_after_tests_started=1; feat_error_in_test_step=1; feat_has_dependency_install=1,"Downloading packaging-26.0-py3-none-any.whl.metadata (3.3 kB) Downloading setuptools-82.0.1-py3-none-any.whl (1.0 MB) ---------------------------------------- 1.0/1.0 MB 15.8 MB/s 0:00:00 Downloading wheel-0.46.3-py3-none-any.whl (30 kB) Downloading packaging-26.0-py3-none-any.whl (74 kB) Installing collected packages: setuptools, packaging, wheel Attempting uninstall: setuptools Found existing installation: setuptools 65.5.0 Uninstalling setuptools-65.5.0: Successfully uninstalled setuptools-65.5.0 Successfully installed packaging-26.0 setuptools-82.0.1 wheel-0.46.3 git submodule sync git sub",0.027498719869563197,0.01354470143649106,0.0011610823832684765,0.4847595401870418,0.47303595612363547
compilation,test_failure,test_failure,False,0.992396572782691,0.987777213354388,python/mypy,Tests,"Parallel tests with py314-ubuntu, mypyc-compiled",Test,test.assertion,ollama,0.81,False,feat_tests_ran=1; feat_tests_failed=1; feat_num_tests_failed=1; feat_num_tests_run=7.93e+03; feat_num_tests_skipped=45; feat_fail_ratio=0.000126; feat_fw_pytest=1; feat_kw_test_assert=1; feat_kw_config_fail=1; feat_config_no_compile=1; feat_step_is_test=1; feat_primary_is_test=1; feat_config_lint_format=1; feat_first_error_after_tests_started=1; feat_error_in_setup_step=1; feat_error_in_lint_step=1; feat_error_in_test_step=1; feat_has_dependency_install=1; feat_config_strong_only=1,tory: /tmp/pip-ephem-wheel-cache-0csc5j2b/wheels/a7/0b/1a/ffdc459b3781eb7b7caec73d89b57df4e5e59a151e78e112e5 Successfully built mypy Installing collected packages: mypy Successfully installed mypy-1.20.0+dev.<SHA> tox run -e py --notest shell: /usr/bin/bash -e {0} env: TOX_SKIP_MISSING_INTERPRETERS: false FORCE_COLOR: 1 PY_COLORS: 1 PYTHON_COLORS: 0 TERM: xterm-color MYPY_FORCE_COLOR: 1 MYPY_FORCE_TERMINAL_WIDTH: 200 PYTEST_ADDOPTS: --color=yes pythonLocation: /opt/hostedtoolcache/Python/3.14.3/arm64 PKG_CONFIG_PATH: /opt/hostedtoolcache/Python/3.14.3/arm64/lib/pkgconfig Python_ROOT_DIR: /opt/,0.004619359428303099,0.002122157741047023,0.00014525067953436723,0.0007166593684244494,0.992396572782691
infrastructure,compilation,compilation,False,0.9595168517885168,0.9323631238908662,ben-manes/caffeine,Build,Compile (11),Compile,compile.java_kotlin,ollama,0.81,False,feat_fw_gradle=1; feat_is_java=1; feat_step_is_compile=1; feat_primary_is_compile=1; feat_first_error_before_tests=1; feat_error_in_compile_step=1,ï»¿Current runner version: '2.332.0' Hosted Compute Agent Version: 20260213.493 Commit: <SHA> Build Date: Worker ID: {614731ab-1513-42b7-81e7-816c6827b873} Azure Region: westcentralus Ubuntu 24.04.3 LTS Image: ubuntu-24.04 Version: 20260309.50.1 Included Software: <url:github.com> Image Release: <url:github.com> Contents: read Metadata: read Secret source: Actions Prepare workflow directory Prepare all required actions Getting action download info Download action repository 'step-security/harden-runner@<SHA>' (SHA:<SHA>) Download action repository 'actions/checkout@<SHA>' (SHA:<SHA>) Complete ,0.9595168517885168,0.006623054240172426,6.018570668952719e-05,0.027153727897650578,0.006646180366970719
infrastructure,configuration,configuration,False,0.7316079330394352,0.5337543666170257,checkstyle/checkstyle,Checker,check (methods-resource-fenum),Install Groovy,runtime.exit_code,ollama,0.855,False,feat_is_java=1; feat_kw_config_fail=1; feat_config_no_compile=1; feat_step_is_setup=1; feat_primary_is_runtime=1; feat_config_missing_file=1; feat_first_error_before_tests=1; feat_error_in_setup_step=1,ï»¿Current runner version: '2.333.1' Hosted Compute Agent Version: 20260213.493 Commit: <SHA> Build Date: Worker ID: {b9108466-7475-4398-adb9-2e0fd0ddc11a} Azure Region: eastus Ubuntu 24.04.4 LTS Image: ubuntu-24.04 Version: 20260413.86.1 Included Software: <url:github.com> Image Release: <url:github.com> Contents: read Metadata: read Packages: read Secret source: None Prepare workflow directory Prepare all required actions Getting action download info Download action repository 'actions/setup-java@v5' (SHA:<SHA>) Download action repository 'actions/checkout@v6' (SHA:<SHA>) Download action rep,0.19785356642240945,0.7316079330394352,0.00018998827117439849,0.05889756473161916,0.011450947535361862
configuration,test_failure,test_failure,False,0.39589370280020797,0.017731320715683008,aio-libs/aiobotocore,CI/CD,test / Test Python 3.14 on ubuntu-24.04 no-httpx,Run pre-commit hooks,runtime.exit_code,ollama,0.95,False,feat_primary_is_runtime=1; feat_first_error_before_tests=1,ï»¿Current runner version: '2.333.1' Hosted Compute Agent Version: 20260213.493 Commit: <SHA> Build Date: Worker ID: {58c62d8e-6173-4db6-a40d-483f5e5a7ce6} Azure Region: northcentralus Ubuntu 24.04.4 LTS Image: ubuntu-24.04 Version: 20260329.72.1 Included Software: <url:github.com> Image Release: <url:github.com> Metadata: read Secret source: Actions Prepare workflow directory Prepare all required actions Getting action download info Download action repository 'actions/checkout@<SHA>' (SHA:<SHA>) Download action repository 'astral-sh/setup-uv@<SHA>' (SHA:<SHA>) Download action repository 'code,0.37816238208452496,0.20035463863182076,0.00018434143318934657,0.025404935050257028,0.39589370280020797
compilation,test_failure,test_failure,False,0.39589370280020797,0.017731320715683008,astral-sh/ruff,CI,all required checks passed,Check required jobs passed,runtime.exit_code,ollama,0.855,False,feat_primary_is_runtime=1; feat_first_error_before_tests=1,"ï»¿Current runner version: '2.333.1' Hosted Compute Agent Version: 20260213.493 Commit: <SHA> Build Date: Worker ID: {d339f21c-513e-4e2b-9d84-d7315ffbf33f} Azure Region: northcentralus - OS: Linux (x64) - Source: Docker - Name: ubuntu:24.04 - Version: 20260413.54.1 Metadata: read Secret source: Actions Prepare workflow directory Prepare all required actions Complete job name: all required checks passed failing=$(echo ""$NEEDS_JSON"" | jq -r 'to_entries[] | select(.value.result != ""success"" and .value.result != ""skipped"") | ""\(.key): \(.value.result)""') if [ -n ""$failing"" ]; then echo ""$failing"" ",0.37816238208452496,0.20035463863182076,0.00018434143318934657,0.025404935050257028,0.39589370280020797
configuration,compilation,compilation,False,0.527673877726214,0.21984706578223218,pydantic/pydantic,Third party tests,Test Django Ninja (main branch) on Python 3.11,Install Django Ninja dependencies,runtime.exit_code,ollama,0.95,False,feat_fw_pytest=1; feat_step_is_setup=1; feat_primary_is_runtime=1; feat_first_error_after_tests_started=1; feat_error_in_setup_step=1; feat_error_in_test_step=1; feat_has_dependency_install=1,bmodules: false set-safe-directory: true env: FORCE_COLOR: 1 PIP_PROGRESS_BAR: off Syncing repository: vitalik/django-ninja Working directory is '/home/runner/work/pydantic/pydantic' [command]/usr/bin/git version git version 2.53.0 Temporarily overriding HOME='/home/runner/work/_temp/c5fbe08c-4a36-47d5-b9d8-e615eaa166fd' before making global git config changes Adding repository directory to the temporary git global config as a safe directory [command]/usr/bin/git config --global --add safe.directory /home/runner/work/pydantic/pydantic Deleting the contents of '/home/runner/work/pydantic/pydant,0.527673877726214,0.3078268119439818,0.0020813582330094743,0.05618675511262294,0.10623119698417183
configuration,compilation,compilation,False,0.5513166612264826,0.22331911174760527,checkstyle/checkstyle,Check PR Description,Analyze,Do action,runtime.exit_code,ollama,0.95,False,feat_is_java=1; feat_primary_is_runtime=1; feat_first_error_before_tests=1,ï»¿Current runner version: '2.333.1' Hosted Compute Agent Version: 20260213.493 Commit: <SHA> Build Date: Worker ID: {97356ea0-c9cb-4a08-82bd-b388d4299ab5} Azure Region: northcentralus Ubuntu 24.04.4 LTS Image: ubuntu-24.04 Version: 20260406.80.1 Included Software: <url:github.com> Image Release: <url:github.com> Contents: read Metadata: read Packages: read Secret source: None Prepare workflow directory Prepare all required actions Getting action download info Download action repository 'actions/checkout@v6' (SHA:<SHA>) Complete job name: Analyze with: repository: checkstyle/checkstyle token: ,0.5513166612264826,0.3279975494788773,0.0002389049518138468,0.03286963471101677,0.08757724963180934
configuration,compilation,compilation,False,0.46907154893427666,0.19000449110505535,netty/netty,Auto-port to 4.1,Auto-porting to 4.1,Push auto-port branch,runtime.exit_code,ollama,0.9,False,feat_is_java=1; feat_step_is_docker=1; feat_primary_is_runtime=1; feat_first_error_before_tests=1,g] netty-4.1.0.CR3 -> netty-4.1.0.CR3 * [new tag] netty-4.1.0.CR4 -> netty-4.1.0.CR4 * [new tag] netty-4.1.0.CR5 -> netty-4.1.0.CR5 * [new tag] netty-4.1.0.CR6 -> netty-4.1.0.CR6 * [new tag] netty-4.1.0.CR7 -> netty-4.1.0.CR7 * [new tag] netty-4.1.0.Final -> netty-4.1.0.Final * [new tag] netty-4.1.1.Final -> netty-4.1.1.Final * [new tag] netty-4.1.10.Final -> netty-4.1.10.Final * [new tag] netty-4.1.100.Final -> netty-4.1.100.Final * [new tag] netty-4.1.101.Final -> netty-4.1.101.Final * [new tag] netty-4.1.102.Final -> netty-4.1.102.Final * [new tag] netty-4.1.103.Final -> netty-4.1.103.Final,0.46907154893427666,0.2790670578292213,0.00020326524423566045,0.17714560365678136,0.074512524335485
compilation,test_failure,test_failure,False,0.39589370280020797,0.017731320715683008,aio-libs/aiobotocore,CI/CD,check,Decide whether the needed jobs succeeded or failed,runtime.exit_code,ollama,0.855,False,feat_primary_is_runtime=1; feat_first_error_before_tests=1,"ï»¿Current runner version: '2.333.1' Hosted Compute Agent Version: 20260213.493 Commit: <SHA> Build Date: Worker ID: {9e85ad8b-62af-4ce6-ab4c-b55cfe14c2e0} Azure Region: eastus2 Ubuntu 24.04.4 LTS Image: ubuntu-24.04 Version: 20260413.86.1 Included Software: <url:github.com> Image Release: <url:github.com> Metadata: read Secret source: Actions Prepare workflow directory Prepare all required actions Getting action download info Download action repository 're-actors/alls-green@<SHA>' (SHA:<SHA>) Complete job name: check with: jobs: { ""build"": { ""result"": ""success"", ""outputs"": {} }, ""test"": { ""re",0.37816238208452496,0.20035463863182076,0.00018434143318934657,0.025404935050257028,0.39589370280020797
compilation,test_failure,test_failure,False,0.39589370280020797,0.017731320715683008,aio-libs/aiobotocore,CI/CD,check,Decide whether the needed jobs succeeded or failed,runtime.exit_code,ollama,0.855,False,feat_primary_is_runtime=1; feat_first_error_before_tests=1,"ï»¿Current runner version: '2.333.1' Hosted Compute Agent Version: 20260213.493 Commit: <SHA> Build Date: Worker ID: {239bb8cd-46d3-4d1f-b42d-e86eac76693e} Azure Region: northcentralus Ubuntu 24.04.4 LTS Image: ubuntu-24.04 Version: 20260413.86.1 Included Software: <url:github.com> Image Release: <url:github.com> Metadata: read Secret source: Actions Prepare workflow directory Prepare all required actions Getting action download info Download action repository 're-actors/alls-green@<SHA>' (SHA:<SHA>) Complete job name: check with: jobs: { ""build"": { ""result"": ""success"", ""outputs"": {} }, ""test""",0.37816238208452496,0.20035463863182076,0.00018434143318934657,0.025404935050257028,0.39589370280020797
configuration,compilation,compilation,False,0.5513166612264826,0.22331911174760527,checkstyle/checkstyle,Check PR Description,Analyze,Do action,runtime.exit_code,ollama,0.95,False,feat_is_java=1; feat_primary_is_runtime=1; feat_first_error_before_tests=1,ï»¿Current runner version: '2.333.1' Hosted Compute Agent Version: 20260213.493 Commit: <SHA> Build Date: Worker ID: {28841a9b-2f7f-4d40-af40-84f635162717} Azure Region: westus Ubuntu 24.04.4 LTS Image: ubuntu-24.04 Version: 20260329.72.1 Included Software: <url:github.com> Image Release: <url:github.com> Contents: read Metadata: read Packages: read Secret source: None Prepare workflow directory Prepare all required actions Getting action download info Download action repository 'actions/checkout@v6' (SHA:<SHA>) Complete job name: Analyze with: repository: checkstyle/checkstyle token: *** ssh-,0.5513166612264826,0.3279975494788773,0.0002389049518138468,0.03286963471101677,0.08757724963180934
test_failure,compilation,compilation,False,0.7284593554001253,0.5168039598576883,python/mypy,Tests,Type check our own code (py310-windows-64),Test,compile.typescript,ollama,0.81,False,feat_fw_pytest=1; feat_kw_config_fail=1; feat_config_no_compile=1; feat_step_is_test=1; feat_primary_is_compile=1; feat_config_lint_format=1; feat_first_error_before_tests=1; feat_error_in_setup_step=1; feat_error_in_lint_step=1; feat_error_in_test_step=1; feat_has_dependency_install=1; feat_config_strong_only=1,"MYPY_FORCE_TERMINAL_WIDTH: 200 PYTEST_ADDOPTS: --color=yes pythonLocation: C:\hostedtoolcache\windows\Python\3.10.11\x64 PKG_CONFIG_PATH: C:\hostedtoolcache\windows\Python\3.10.11\x64/lib/pkgconfig Python_ROOT_DIR: C:\hostedtoolcache\windows\Python\3.10.11\x64 Python2_ROOT_DIR: C:\hostedtoolcache\windows\Python\3.10.11\x64 Python3_ROOT_DIR: C:\hostedtoolcache\windows\Python\3.10.11\x64 PATH which python /c/hostedtoolcache/windows/Python/3.10.11/x64/python which pip /c/hostedtoolcache/windows/Python/3.10.11/x64/Scripts/pip python version 3.10.11 (tags/v3.10.11:7d4cc5a, Apr 5 2023, 00:38:17) [MS",0.7284593554001253,0.0525816737872736,0.0009331753512545583,0.006370399918909525,0.21165539554243698
configuration,compilation,compilation,False,0.7821876611635077,0.6203019945815483,junit-team/junit5,CI,Windows,Build,runtime.exit_code,ollama,0.95,False,feat_fw_junit=1; feat_fw_gradle=1; feat_is_java=1; feat_step_is_compile=1; feat_primary_is_runtime=1; feat_first_error_before_tests=1; feat_error_in_compile_step=1,"[command]""C:\Program Files\Git\bin\git.exe"" remote add origin <url:github.com> [command]""C:\Program Files\Git\bin\git.exe"" config --local gc.auto 0 Removing SSH command configuration [command]""C:\Program Files\Git\bin\git.exe"" config --local --name-only --get-regexp core\.sshCommand [command]""C:\Program Files\Git\bin\git.exe"" submodule foreach --recursive ""sh -c \""git config --local --name-only --get-regexp 'core\.sshCommand' && git config --local --unset-all 'core.sshCommand' || :\"""" Removing HTTP extra header [command]""C:\Program Files\Git\bin\git.exe"" config --local --name-only --get-regexp",0.7821876611635077,0.16188566658195933,0.00013653396478292815,0.0060064970639918825,0.049783641225758304
compilation,test_failure,test_failure,False,0.5666712594670329,0.20890234956932563,netty/netty,Build PR,windows-x86_64-java11-boringssl,Build project,test.assertion,ollama,0.855,False,feat_is_java=1; feat_step_is_compile=1; feat_primary_is_test=1; feat_first_error_before_tests=1; feat_error_in_compile_step=1; feat_has_compile_task=1,ï»¿Current runner version: '2.333.1' Hosted Compute Agent Version: 20260213.493 Commit: <SHA> Build Date: Worker ID: {9e48a168-8cf0-466b-8fba-aed5d3a42537} Azure Region: eastus Microsoft Windows Server 2022 10.0.20348 Datacenter Image: windows-2022 Version: 20260317.73.1 Included Software: <url:github.com> Image Release: <url:github.com> Contents: read Metadata: read Secret source: None Prepare workflow directory Prepare all required actions Getting action download info Download action repository 'actions/checkout@v4' (SHA:<SHA>) Download action repository 'actions/setup-java@v4' (SHA:<SHA>) D,0.35776890989770727,0.054211577625376414,0.0002241991431883237,0.021124053866695146,0.5666712594670329
configuration,test_failure,test_failure,False,0.39589370280020797,0.017731320715683008,django/django,Check commit prefix,check-commit-suffix,Check commit messages suffix,runtime.exit_code,ollama,0.95,False,feat_primary_is_runtime=1; feat_first_error_before_tests=1,ï»¿Current runner version: '2.333.1' Hosted Compute Agent Version: 20260213.493 Commit: <SHA> Build Date: Worker ID: {f670c1fd-95ed-4e9c-94f0-c6dd50ff3831} Azure Region: westcentralus Ubuntu 24.04.4 LTS Image: ubuntu-24.04 Version: 20260413.86.1 Included Software: <url:github.com> Image Release: <url:github.com> Contents: read Metadata: read Secret source: None Prepare workflow directory Prepare all required actions Getting action download info Download action repository 'actions/checkout@v6' (SHA:<SHA>) Complete job name: check-commit-suffix with: persist-credentials: false repository: django,0.37816238208452496,0.20035463863182076,0.00018434143318934657,0.025404935050257028,0.39589370280020797
infrastructure,test_failure,test_failure,False,0.8519423063153971,0.7353750007566866,apache/airflow,Tests,Sqlite tests: core / DB-core:Sqlite:3.13:API...CLI,core:DB Tests Sqlite  Py3.13:API Always CLI,test.assertion,ollama,0.855,False,feat_primary_is_test=1,ï»¿Current runner version: '2.333.1' Hosted Compute Agent Version: 20260213.493 Commit: <SHA> Build Date: Worker ID: {f67fb4c4-a4bc-4e5e-a019-0af4c2757c4d} Azure Region: northcentralus Ubuntu 22.04.5 LTS Image: ubuntu-22.04 Version: 20260413.88.1 Included Software: <url:github.com> Image Release: <url:github.com> Contents: read Metadata: read Secret source: None Prepare workflow directory Prepare all required actions Getting action download info Download action repository 'actions/checkout@<SHA>' (SHA:<SHA>) Uses: apache/airflow/.github/workflows/run-unit-tests.yml@refs/pull/65958/merge (<SHA>,0.021910496881458817,0.009370104908797531,0.00020978633563600426,0.1165673055587105,0.8519423063153971
configuration,test_failure,test_failure,False,0.39589370280020797,0.017731320715683008,pypa/setuptools,tests,check,Decide whether the needed jobs succeeded or failed,runtime.exit_code,ollama,0.85,False,feat_primary_is_runtime=1; feat_first_error_before_tests=1,"ï»¿Current runner version: '2.332.0' Hosted Compute Agent Version: 20260213.493 Commit: <SHA> Build Date: Worker ID: {7ac9d131-6364-4560-a571-c73581e96526} Azure Region: centralus Ubuntu 24.04.3 LTS Image: ubuntu-24.04 Version: 20260302.42.1 Included Software: <url:github.com> Image Release: <url:github.com> Contents: read Metadata: read Secret source: None Prepare workflow directory Prepare all required actions Getting action download info Download action repository 're-actors/alls-green@release/v1' (SHA:<SHA>) Complete job name: check with: allowed-skips: check-changed-folders, integration-t",0.37816238208452496,0.20035463863182076,0.00018434143318934657,0.025404935050257028,0.39589370280020797
configuration,compilation,compilation,False,0.5066524268068551,0.09379588603184924,wtforms/wtforms,Tests,3.14,Set up Python 3.14,runtime.exit_code,ollama,0.95,False,feat_step_is_setup=1; feat_primary_is_runtime=1; feat_first_error_before_tests=1; feat_error_in_setup_step=1,ï»¿Current runner version: '2.333.1' Hosted Compute Agent Version: 20260213.493 Commit: <SHA> Build Date: Worker ID: {5a0da032-c78f-4c4c-884a-6c45069a2626} Azure Region: westus3 Ubuntu 24.04.4 LTS Image: ubuntu-24.04 Version: 20260413.86.1 Included Software: <url:github.com> Image Release: <url:github.com> Contents: read Metadata: read Packages: read Secret source: None Prepare workflow directory Prepare all required actions Getting action download info Download action repository 'actions/checkout@<SHA>' (SHA:<SHA>) Download action repository 'astral-sh/setup-uv@<SHA>' (SHA:<SHA>) Complete job,0.5066524268068551,0.41285654077500583,0.00020864883971992142,0.02874331595661239,0.051539067621806774
compilation,test_failure,test_failure,False,0.39589370280020797,0.017731320715683008,pytest-dev/pytest,test,check,Decide whether the needed jobs succeeded or failed,runtime.exit_code,ollama,0.855,False,feat_primary_is_runtime=1; feat_first_error_before_tests=1,"ï»¿Current runner version: '2.332.0' Hosted Compute Agent Version: 20260213.493 Commit: <SHA> Build Date: Worker ID: {20f60edf-47f8-493c-8857-b5d0e93146a4} Azure Region: eastus Ubuntu 24.04.3 LTS Image: ubuntu-24.04 Version: 20260309.50.1 Included Software: <url:github.com> Image Release: <url:github.com> Metadata: read Secret source: None Prepare workflow directory Prepare all required actions Getting action download info Download action repository 're-actors/alls-green@<SHA>' (SHA:<SHA>) Complete job name: check with: jobs: { ""build"": { ""result"": ""failure"", ""outputs"": {} } } allowed-failures",0.37816238208452496,0.20035463863182076,0.00018434143318934657,0.025404935050257028,0.39589370280020797
configuration,test_failure,test_failure,False,0.39589370280020797,0.017731320715683008,psf/black,changelog,check,Grep CHANGES.md for PR number,runtime.exit_code,ollama,0.95,False,feat_primary_is_runtime=1; feat_first_error_before_tests=1,ï»¿Current runner version: '2.331.0' Hosted Compute Agent Version: 20260115.477 Commit: <SHA> Build Date: Worker ID: {626c5610-b0b4-40ff-9db2-0a0a7d8291ca} Azure Region: westus Ubuntu 24.04.3 LTS Image: ubuntu-24.04 Version: 20260119.4.1 Included Software: <url:github.com> Image Release: <url:github.com> Contents: read Metadata: read Secret source: Actions Prepare workflow directory Prepare all required actions Getting action download info Download action repository 'actions/checkout@<SHA>' (SHA:<SHA>) Complete job name: check with: persist-credentials: false repository: psf/black token: *** s,0.37816238208452496,0.20035463863182076,0.00018434143318934657,0.025404935050257028,0.39589370280020797
compilation,test_failure,test_failure,False,0.39589370280020797,0.017731320715683008,python-poetry/poetry,Tests,Status,Run false,runtime.exit_code,ollama,0.855,False,feat_primary_is_runtime=1; feat_first_error_before_tests=1,ï»¿Current runner version: '2.331.0' Hosted Compute Agent Version: 20260123.484 Commit: <SHA> Build Date: Worker ID: {27b20148-604f-4ffa-a371-00705e2592ff} Azure Region: eastus2 Ubuntu 24.04.3 LTS Image: ubuntu-24.04 Version: 20260209.23.1 Included Software: <url:github.com> Image Release: <url:github.com> Metadata: read Secret source: None Prepare workflow directory Prepare all required actions Complete job name: Status false shell: /usr/bin/bash --noprofile --norc -e -o pipefail {0} ##[error]Process completed with exit code 1. Cleaning up orphan processes,0.37816238208452496,0.20035463863182076,0.00018434143318934657,0.025404935050257028,0.39589370280020797
compilation,test_failure,test_failure,False,0.6724862212936624,0.4055397782484294,fabric8io/kubernetes-client,Build,Java 11 Maven,Build Project,runtime.exit_code,ollama,0.855,False,feat_tests_ran=1; feat_num_tests_run=46; feat_build_duration=0.637; feat_fw_junit=1; feat_fw_gradle=1; feat_is_java=1; feat_step_is_compile=1; feat_primary_is_runtime=1; feat_first_error_after_tests_started=1; feat_error_in_compile_step=1; feat_error_in_test_step=1; feat_has_compile_task=1,ter (Autodetected) [jar] [INFO] Fabric8 :: Kubernetes :: JUnit :: Server Mock [jar] [INFO] Kube API Test Parent [pom] [INFO] Kube API Test [jar] [INFO] Kube API Test - Client Injecting Support [jar] [INFO] Fabric8 :: Openshift :: Java Client API [jar] [INFO] Fabric8 :: Openshift :: Java Client [jar] [INFO] Fabric8 :: Kubernetes :: Extensions [pom] [INFO] Fabric8 :: Knative :: Extension [pom] [INFO] Fabric8 :: Knative :: Model [bundle] [INFO] Fabric8 :: Knative :: Client [bundle] [INFO] Fabric8 :: Knative :: Examples [jar] [INFO] Fabric8 :: Knative :: Tests [jar] [INFO] Fabric8 :: Tekton :: Ext,0.266946443045233,0.03928815836007995,0.0005091384890077621,0.020770038812016802,0.6724862212936624
configuration,compilation,compilation,False,0.7400010978314648,0.5894756629409048,hibernate/hibernate-orm,GH Actions CI reporting,Publish Develocity build scans,Publish Develocity build scans for previous builds,runtime.exit_code,ollama,0.95,False,feat_build_duration=77; feat_fw_gradle=1; feat_is_java=1; feat_kw_compile_fail=1; feat_compile_no_tests=1; feat_step_is_compile=1; feat_primary_is_runtime=1; feat_compile_build_task=1; feat_first_error_before_tests=1; feat_error_in_compile_step=1; feat_has_compile_task=1; feat_compile_over_config_guard=1,"ub.com> || :"" Removing includeIf entries pointing to credentials config files [command]/usr/bin/git config --local --name-only --get-regexp ^includeIf\.gitdir: includeif.gitdir:/home/runner/work/hibernate-orm/hibernate-orm/.git.path includeif.gitdir:/home/runner/work/hibernate-orm/hibernate-orm/.git/worktrees/*.path includeif.gitdir:/github/workspace/.git.path includeif.gitdir:/github/workspace/.git/worktrees/*.path [command]/usr/bin/git config --local --get-all includeif.gitdir:/home/runner/work/hibernate-orm/hibernate-orm/.git.path /home/runner/work/_temp/git-credentials-ae9b493d-9608-459a-8",0.7400010978314648,0.15052543489056006,7.148844009820074e-05,0.015023705275758227,0.09437827356211866
infrastructure,configuration,compilation,False,0.44671555060678403,0.07722763358971813,docker-java/docker-java,CI,"build (default, 17)",Build with Maven,runtime.exit_code,ollama,0.855,False,feat_is_java=1; feat_kw_config_fail=1; feat_config_no_compile=1; feat_step_is_compile=1; feat_primary_is_runtime=1; feat_config_missing_file=1; feat_first_error_before_tests=1; feat_error_in_compile_step=1,ï»¿Current runner version: '2.333.0' Hosted Compute Agent Version: 20260213.493 Commit: <SHA> Build Date: Worker ID: {ceb102ee-58ed-4175-a7f0-79ae6e7ba0b8} Azure Region: eastus2 Ubuntu 24.04.4 LTS Image: ubuntu-24.04 Version: 20260323.65.1 Included Software: <url:github.com> Image Release: <url:github.com> Actions: write ArtifactMetadata: write Attestations: write Checks: write Contents: write Deployments: write Discussions: write Issues: write Metadata: read Models: read Packages: write Pages: write PullRequests: write RepositoryProjects: write SecurityEvents: write Statuses: write Secret sou,0.3694879170170659,0.44671555060678403,0.0003103613082476807,0.08579821722520972,0.0976879538426928
configuration,test_failure,test_failure,False,0.9859664293674076,0.9786049852687757,tox-dev/tox,check,test 3.14 on macos-15,Run test suite,test.assertion,ollama,0.72,False,feat_fw_pytest=1; feat_kw_flaky=1; feat_step_is_test=1; feat_primary_is_test=1; feat_error_in_test_step=1; feat_has_compile_task=1; feat_has_dependency_install=1,"t.toml Found 1 files to hash. Trying to restore cache from GitHub Actions cache with key: setup-uv-2-aarch64-apple-darwin-macos-15-3.14.3-pruned-<HASH> Cache hit for: setup-uv-2-aarch64-apple-darwin-macos-15-3.14.3-pruned-<HASH> (node:1445) [DEP0169] DeprecationWarning: `url.parse()` behavior is not standardized and prone to errors that have security implications. Use the WHATWG URL API instead. CVEs are not issued for `url.parse()` vulnerabilities. Received 566887 of 566887 (100.0%), 1.1 MBs/sec Cache Size: ~1 MB (566887 B) [command]/opt/homebrew/bin/gtar -xf /Users/runner/work/_temp/46bb0457",0.00736144409863193,0.0035386411951986835,0.0009788366917070695,0.0021546486470546697,0.9859664293674076
compilation,test_failure,test_failure,False,0.39589370280020797,0.017731320715683008,tiangolo/fastapi,Test Redistribute,test-redistribute-alls-green,Decide whether the needed jobs succeeded or failed,runtime.exit_code,ollama,0.855,False,feat_primary_is_runtime=1; feat_first_error_before_tests=1,"ï»¿Current runner version: '2.333.1' Hosted Compute Agent Version: 20260213.493 Commit: <SHA> Build Date: Worker ID: {179cd078-8852-4a12-afa7-895a6fa3ea94} Azure Region: eastus2 Ubuntu 24.04.4 LTS Image: ubuntu-24.04 Version: 20260406.80.1 Included Software: <url:github.com> Image Release: <url:github.com> Contents: read Metadata: read Packages: read Secret source: None Prepare workflow directory Prepare all required actions Getting action download info Download action repository 're-actors/alls-green@release/v1' (SHA:<SHA>) Complete job name: test-redistribute-alls-green with: jobs: { ""test-r",0.37816238208452496,0.20035463863182076,0.00018434143318934657,0.025404935050257028,0.39589370280020797
infrastructure,compilation,compilation,False,0.8039653280926543,0.6687861853977408,apache/camel-quarkus,Camel Quarkus CI,Native Tests - group-07,Integration Tests,runtime.exit_code,ollama,0.855,False,feat_fw_junit=1; feat_is_java=1; feat_primary_is_runtime=1; feat_first_error_before_tests=1; feat_has_compile_task=1,"466) Updating files: 99% (7392/7466) Updating files: 100% (7466/7466) Updating files: 100% (7466/7466), done. Note: switching to 'refs/remotes/pull/8376/merge'. You are in 'detached HEAD' state. You can look around, make experimental changes and commit them, and you can discard any commits you make in this state without impacting any branches by switching back to a branch. If you want to create a new branch to retain commits you create, you may do so (now or later) by using -c with the switch command. Example: git switch -c <new-branch-name> Or undo this operation with: git switch - Turn off t",0.8039653280926543,0.13517914269491346,9.20457637455906e-05,0.0031194373587121998,0.05764404608997439
test_failure,compilation,compilation,False,0.8404569489105278,0.6923311597377158,pytest-dev/pytest,test,build (windows-py310-xdist),Test without coverage,compile.symbol_resolution,ollama,0.855,False,feat_fw_junit=1; feat_fw_pytest=1; feat_step_is_test=1; feat_primary_is_compile=1; feat_first_error_after_tests_started=1; feat_error_in_test_step=1; feat_has_dependency_install=1,"Or undo this operation with: git switch - Turn off this advice by setting config variable advice.detachedHead to false HEAD is now at 3263dd247 Merge <SHA> into <SHA> [command]""C:\Program Files\Git\bin\git.exe"" log -1 --format=%H <SHA> Removing SSH command configuration [command]""C:\Program Files\Git\bin\git.exe"" config --local --name-only --get-regexp core\.sshCommand [command]""C:\Program Files\Git\bin\git.exe"" submodule foreach --recursive ""sh -c \""git config --local --name-only --get-regexp 'core\.sshCommand' && git config --local --unset-all 'core.sshCommand' || :\"""" Removing HTTP extra he",0.8404569489105278,0.006347060464781255,0.0027655508052128936,0.0023046506466658507,0.14812578917281202
compilation,test_failure,test_failure,False,0.4462507206611077,0.0788071520825695,pydantic/pydantic,CI,Test ubuntu-latest / 3.11,"Run uv run python -c ""import pydantic.version; print(pydantic.version.version_info())""",runtime.exit_code,ollama,0.72,False,feat_fw_pytest=1; feat_kw_config_fail=1; feat_config_no_compile=1; feat_primary_is_runtime=1; feat_config_missing_file=1; feat_first_error_after_tests_started=1; feat_error_in_test_step=1,ï»¿Current runner version: '2.333.0' Hosted Compute Agent Version: 20260213.493 Commit: <SHA> Build Date: Worker ID: {9c2741bb-df68-4ef2-865c-33d8f963a51c} Azure Region: westus Ubuntu 24.04.4 LTS Image: ubuntu-24.04 Version: 20260323.65.1 Included Software: <url:github.com> Image Release: <url:github.com> Actions: write ArtifactMetadata: write Attestations: write Checks: write Contents: write Deployments: write Discussions: write Issues: write Metadata: read Models: read Packages: write Pages: write PullRequests: write RepositoryProjects: write SecurityEvents: write Statuses: write Secret sour,0.3674435685785382,0.15843637595321236,0.0015919532420832837,0.026277381565058523,0.4462507206611077
configuration,test_failure,test_failure,False,0.39589370280020797,0.017731320715683008,django/django,Check commit prefix,check-commit-suffix,Check commit messages suffix,runtime.exit_code,ollama,0.95,False,feat_primary_is_runtime=1; feat_first_error_before_tests=1,ï»¿Current runner version: '2.333.1' Hosted Compute Agent Version: 20260213.493 Commit: <SHA> Build Date: Worker ID: {1c64ecda-44e6-4f8d-9cef-edfbb5a9606a} Azure Region: westcentralus Ubuntu 24.04.4 LTS Image: ubuntu-24.04 Version: 20260413.86.1 Included Software: <url:github.com> Image Release: <url:github.com> Contents: read Metadata: read Secret source: None Prepare workflow directory Prepare all required actions Getting action download info Download action repository 'actions/checkout@v6' (SHA:<SHA>) Complete job name: check-commit-suffix with: persist-credentials: false repository: django,0.37816238208452496,0.20035463863182076,0.00018434143318934657,0.025404935050257028,0.39589370280020797
test_failure,configuration,configuration,False,0.9132244915477582,0.8402930674110325,pypa/pip,CI,tests / zipapp,Run integration tests,dep.not_found,ollama,0.855,False,feat_fw_pytest=1; feat_primary_is_config=1; feat_first_error_after_tests_started=1; feat_error_in_test_step=1; feat_has_dependency_install=1,"t/homebrew/bin/git sparse-checkout disable [command]/opt/homebrew/bin/git config --local --unset-all extensions.worktreeConfig [command]/opt/homebrew/bin/git checkout --progress --force refs/remotes/pull/13810/merge HEAD is now at d059ca6 Merge <SHA> into <SHA> [command]/opt/homebrew/bin/git log -1 --format=%H <SHA> with: python-version: 3.10 check-latest: false token: *** update-environment: true allow-prereleases: false freethreaded: false env: FORCE_COLOR: 1 Version 3.10 was not found in the local cache Version 3.10 is available for downloading Download from ""<url:github.com> Extract downlo",0.010925727890777066,0.9132244915477582,0.0004610826564223776,0.0024572737683165946,0.07293142413672576
test_failure,infrastructure,infrastructure,False,0.9929921248296675,0.988004449466059,hibernate/hibernate-orm,GH Actions CI,GraalVM 25 - base-database-service-21c,Run build script,infra.network.socket,ollama,0.855,False,feat_fw_gradle=1; feat_is_java=1; feat_kw_config_fail=1; feat_config_no_compile=1; feat_step_is_compile=1; feat_primary_is_infra=1; feat_config_auth_permission=1; feat_first_error_before_tests=1; feat_error_in_compile_step=1; feat_has_compile_task=1; feat_config_strong_only=1,ileJava FROM-CACHE > Task :hibernate-micrometer:classes UP-TO-DATE > Task :hibernate-micrometer:forbiddenApisMain > Task :hibernate-maven-plugin:compileJava FROM-CACHE > Task :hibernate-maven-plugin:classes UP-TO-DATE > Task :hibernate-maven-plugin:compileIntTestJava FROM-CACHE > Task :hibernate-maven-plugin:intTestClasses > Task :hibernate-maven-plugin:forbiddenApisIntTest SKIPPED > Task :hibernate-maven-plugin:forbiddenApisMain > Task :hibernate-processor:compileTestJava FROM-CACHE > Task :hibernate-processor:testClasses > Task :hibernate-maven-plugin:compileTestJava FROM-CACHE > Task :hiber,0.004987675363608444,0.0012679627634908778,4.5933136862905e-06,0.9929921248296675,0.0007476437295470825
configuration,test_failure,test_failure,False,0.9450637904113197,0.9228897823843677,PyCQA/isort,CI,"Tests (3.15, windows-latest)",Run tests,test.assertion,ollama,0.855,False,feat_primary_is_test=1; feat_first_error_before_tests=1,ï»¿Current runner version: '2.333.1' Hosted Compute Agent Version: 20260213.493 Commit: <SHA> Build Date: Worker ID: {1ee1c68d-7dcb-4604-bb5c-fcada9ff0a97} Azure Region: northcentralus Microsoft Windows Server 2025 10.0.26100 Datacenter Image: windows-2025 Version: 20260317.61.1 Included Software: <url:github.com> Image Release: <url:github.com> Contents: read Metadata: read Secret source: None Prepare workflow directory Prepare all required actions Getting action download info Download action repository 'actions/checkout@v6' (SHA:<SHA>) Download action repository 'actions/setup-python@v6' (SH,0.022174008026952068,0.016115073662844415,0.0001318700673273755,0.016515257831556548,0.9450637904113197
compilation,test_failure,test_failure,False,0.39589370280020797,0.017731320715683008,tiangolo/fastapi,Test,check,Decide whether the needed jobs succeeded or failed,runtime.exit_code,ollama,0.855,False,feat_primary_is_runtime=1; feat_first_error_before_tests=1,"""followers_url"": ""<url:api.github.com> ""following_url"": ""<url:api.github.com> ""gists_url"": ""<url:api.github.com> ""gravatar_id"": """", ""html_url"": ""<url:github.com> ""id"": 44426557, ""login"": ""HeHongyeFY"", ""node_id"": ""MDQ6VXNlcjQ0NDI2NTU3"", ""organizations_url"": ""<url:api.github.com> ""received_events_url"": ""<url:api.github.com> ""repos_url"": ""<url:api.github.com> ""site_admin"": false, ""starred_url"": ""<url:api.github.com> ""subscriptions_url"": ""<url:api.github.com> ""type"": ""User"", ""url"": ""<url:api.github.com> ""user_view_type"": ""public"" }, ""private"": false, ""pull_request_creation_policy"": ""all"", ""pulls_u",0.37816238208452496,0.20035463863182076,0.00018434143318934657,0.025404935050257028,0.39589370280020797
compilation,test_failure,test_failure,False,0.9450637904113197,0.9228897823843677,aio-libs/aiobotocore,CI/CD,test / Test Python 3.13 on ubuntu-24.04-arm,Run unittests,test.assertion,ollama,0.855,False,feat_primary_is_test=1; feat_first_error_before_tests=1,ï»¿Current runner version: '2.333.1' Hosted Compute Agent Version: 20260213.493 Commit: <SHA> Build Date: Worker ID: {a4e16604-05fc-47af-8088-84635802c2a8} Azure Region: eastus2 - OS: Linux (arm64) - Source: Partner - Name: Ubuntu 24.04 by Arm Limited - Version: 20260318.59.1 - Included Software: <url:github.com> Metadata: read Secret source: Dependabot Prepare workflow directory Prepare all required actions Getting action download info Download action repository 'actions/checkout@<SHA>' (SHA:<SHA>) Download action repository 'astral-sh/setup-uv@<SHA>' (SHA:<SHA>) Download action repository 'c,0.022174008026952068,0.016115073662844415,0.0001318700673273755,0.016515257831556548,0.9450637904113197
configuration,test_failure,test_failure,False,0.4682640872288671,0.05565130334656471,pallets/click,pre-commit,main,Run uv run --locked --group pre-commit pre-commit run --show-diff-on-failure --color=always --all-files,infra.network.socket,ollama,0.855,False,feat_fw_pytest=1; feat_kw_config_fail=1; feat_config_no_compile=1; feat_primary_is_infra=1; feat_config_missing_file=1; feat_first_error_before_tests=1,ï»¿Current runner version: '2.332.0' Hosted Compute Agent Version: 20260213.493 Commit: <SHA> Build Date: Worker ID: {20c11e3c-2176-45d9-afca-e2b2f3471a28} Azure Region: centralus Ubuntu 24.04.3 LTS Image: ubuntu-24.04 Version: 20260302.42.1 Included Software: <url:github.com> Image Release: <url:github.com> Contents: read Metadata: read Packages: read Secret source: None Prepare workflow directory Prepare all required actions Getting action download info Download action repository 'actions/checkout@<SHA>' (SHA:<SHA>) Download action repository 'astral-sh/setup-uv@<SHA>' (SHA:<SHA>) Download a,0.0738102123960312,0.04487706439451441,0.00043585209828508995,0.4126127838823024,0.4682640872288671
infrastructure,compilation,compilation,False,0.7483125879877128,0.5867083919109151,fabric8io/kubernetes-client,Windows Build,Java 17 Maven,Build Project,runtime.exit_code,ollama,0.81,False,feat_fw_gradle=1; feat_is_java=1; feat_step_is_compile=1; feat_primary_is_runtime=1; feat_first_error_before_tests=1; feat_error_in_compile_step=1,Progress (1): 291/392 kB Progress (1): 307/392 kB Progress (1): 324/392 kB Progress (1): 340/392 kB Progress (1): 356/392 kB Progress (1): 373/392 kB Progress (1): 389/392 kB Progress (1): 392 kB Progress (2): 392 kB | 7.7/65 kB Progress (2): 392 kB | 16/65 kB Progress (2): 392 kB | 32/65 kB Progress (2): 392 kB | 49/65 kB Progress (2): 392 kB | 65/65 kB Progress (2): 392 kB | 65 kB Progress (3): 392 kB | 65 kB | 7.7/49 kB Progress (3): 392 kB | 65 kB | 16/49 kB Progress (3): 392 kB | 65 kB | 32/49 kB Progress (3): 392 kB | 65 kB | 49/49 kB Progress (3): 392 kB | 65 kB | 49 kB Progress (4): 39,0.7483125879877128,0.1616041960767978,0.00014905515741636173,0.0423065552112914,0.04762760556678164
configuration,compilation,compilation,False,0.5513166612264826,0.22331911174760527,opensearch-project/OpenSearch,Link Checker,linkchecker,lychee Link Checker,runtime.exit_code,ollama,0.95,False,feat_is_java=1; feat_primary_is_runtime=1; feat_first_error_before_tests=1,ï»¿Current runner version: '2.334.0' Hosted Compute Agent Version: 20260213.493 Commit: <SHA> Build Date: Worker ID: {0f430b4c-388f-42fc-bc6d-a0a23e79369b} Azure Region: westus3 Ubuntu 24.04.4 LTS Image: ubuntu-24.04 Version: 20260413.86.1 Included Software: <url:github.com> Image Release: <url:github.com> Contents: read Metadata: read Secret source: Actions Prepare workflow directory Prepare all required actions Getting action download info Download action repository 'actions/checkout@v6' (SHA:<SHA>) Download action repository 'lycheeverse/lychee-action@v2.8.0' (SHA:<SHA>) Complete job name: ,0.5513166612264826,0.3279975494788773,0.0002389049518138468,0.03286963471101677,0.08757724963180934
compilation,configuration,configuration,False,0.5108963735889769,0.0867106351401602,tox-dev/tox,check,test 3.14 on windows-2025,Install tox@self,runtime.exit_code,ollama,0.81,False,feat_kw_config_fail=1; feat_config_no_compile=1; feat_step_is_setup=1; feat_primary_is_runtime=1; feat_config_missing_file=1; feat_first_error_before_tests=1; feat_error_in_setup_step=1,* [new tag] 4.46.3 -> 4.46.3 * [new tag] 4.47.0 -> 4.47.0 * [new tag] 4.47.1 -> 4.47.1 * [new tag] 4.47.2 -> 4.47.2 * [new tag] 4.47.3 -> 4.47.3 * [new tag] 4.48.0 -> 4.48.0 * [new tag] 4.48.1 -> 4.48.1 * [new tag] 4.49.0 -> 4.49.0 * [new tag] 4.49.1 -> 4.49.1 * [new tag] 4.5.0 -> 4.5.0 * [new tag] 4.5.1 -> 4.5.1 * [new tag] 4.5.1.1 -> 4.5.1.1 * [new tag] 4.5.2 -> 4.5.2 * [new tag] 4.50.0 -> 4.50.0 * [new tag] 4.50.1 -> 4.50.1 * [new tag] 4.50.2 -> 4.50.2 * [new tag] 4.50.3 -> 4.50.3 * [new tag] 4.51.0 -> 4.51.0 * [new tag] 4.52.0 -> 4.52.0 * [new tag] 4.6.0 -> 4.6.0 * [new tag] 4.6.1 -> 4.6.1,0.4241857384488167,0.5108963735889769,0.00018558233350377516,0.019575947029945556,0.045156358598757156
infrastructure,test_failure,test_failure,False,0.8519423063153971,0.7353750007566866,apache/airflow,Tests,MySQL tests: core / DB-core:MySQL:8.0:3.10:Core...Serialization,core:DB Tests MySQL 8.0 Py3.10:Core Other Serialization,test.assertion,ollama,0.855,False,feat_primary_is_test=1,ï»¿Current runner version: '2.333.1' Hosted Compute Agent Version: 20260422.526 Commit: <SHA> Build Date: Worker ID: {cc1a520c-fdf2-48e3-922f-bf0955ab9e97} Azure Region: eastus Ubuntu 22.04.5 LTS Image: ubuntu-22.04 Version: 20260426.102.1 Included Software: <url:github.com> Image Release: <url:github.com> Contents: read Metadata: read Secret source: None Prepare workflow directory Prepare all required actions Getting action download info Download action repository 'actions/checkout@<SHA>' (SHA:<SHA>) Uses: apache/airflow/.github/workflows/run-unit-tests.yml@refs/pull/65958/merge (<SHA>) runne,0.021910496881458817,0.009370104908797531,0.00020978633563600426,0.1165673055587105,0.8519423063153971
compilation,test_failure,test_failure,False,0.9450637904113197,0.9228897823843677,pypa/setuptools,tests,"test (ubuntu-latest, 3.10, stdlib)",Run,test.framework_failures,ollama,0.855,False,feat_primary_is_test=1; feat_first_error_before_tests=1,ptools/_vendor/platformdirs copying setuptools/_vendor/platformdirs/__main__.py -> setuptools-80.10.2/setuptools/_vendor/platformdirs copying setuptools/_vendor/platformdirs/android.py -> setuptools-80.10.2/setuptools/_vendor/platformdirs copying setuptools/_vendor/platformdirs/api.py -> setuptools-80.10.2/setuptools/_vendor/platformdirs copying setuptools/_vendor/platformdirs/macos.py -> setuptools-80.10.2/setuptools/_vendor/platformdirs copying setuptools/_vendor/platformdirs/py.typed -> setuptools-80.10.2/setuptools/_vendor/platformdirs copying setuptools/_vendor/platformdirs/unix.py -> set,0.022174008026952068,0.016115073662844415,0.0001318700673273755,0.016515257831556548,0.9450637904113197
infrastructure,compilation,compilation,False,0.9506659531502593,0.9215075882082615,google/error-prone,CI,JDK 25 on windows-latest,Install,compile.java_kotlin,ollama,0.81,False,feat_is_java=1; feat_step_is_setup=1; feat_primary_is_compile=1; feat_first_error_before_tests=1; feat_error_in_setup_step=1,"Receiving objects: 98% (2673/2727) Receiving objects: 99% (2700/2727) remote: Total 2727 (delta 1174), reused 1074 (delta 573), pack-reused 0 (from 0) Receiving objects: 100% (2727/2727) Receiving objects: 100% (2727/2727), 3.05 MiB | 22.79 MiB/s, done. Resolving deltas: 0% (0/1174) Resolving deltas: 1% (12/1174) Resolving deltas: 2% (25/1174) Resolving deltas: 3% (36/1174) Resolving deltas: 4% (48/1174) Resolving deltas: 5% (59/1174) Resolving deltas: 6% (71/1174) Resolving deltas: 7% (83/1174) Resolving deltas: 8% (94/1174) Resolving deltas: 9% (106/1174) Resolving deltas: 10% (118/1174) Res",0.9506659531502593,0.015959629388584372,0.00011093471870938764,0.029158364941997767,0.004105117800449384
test_failure,configuration,configuration,False,0.5787864761728096,0.1992215054733915,scrapy/scrapy,Windows,"tests (3.10, py)",Run tests,policy.branch_or_protection,ollama,0.855,False,feat_fw_junit=1; feat_fw_pytest=1; feat_primary_is_config=1; feat_first_error_after_tests_started=1; feat_error_in_test_step=1; feat_has_dependency_install=1,"Download action repository 'actions/github-script@<SHA>' (SHA:<SHA>) Getting action download info Complete job name: tests (3.10, py) with: repository: scrapy/scrapy token: *** ssh-strict: true ssh-user: git persist-credentials: true clean: true sparse-checkout-cone-mode: true fetch-depth: 1 fetch-tags: false show-progress: true lfs: false submodules: false set-safe-directory: true env: PYTEST_ADDOPTS: -n auto Syncing repository: scrapy/scrapy Working directory is 'D:\a\scrapy\scrapy' [command]""C:\Program Files\Git\bin\git.exe"" version git version 2.53.0.windows.2 Temporarily overriding HOME='",0.03385963170384642,0.5787864761728096,0.005253344890977049,0.0025355765329488564,0.37956497069941814
infrastructure,test_failure,test_failure,False,0.44484109545821887,0.055717566235659266,pypa/virtualenv,🧪 check,🧪 test pypy-3.11 - ubuntu-24.04,🏃 Run test suite,runtime.exit_code,ollama,0.81,False,feat_step_is_test=1; feat_primary_is_runtime=1; feat_first_error_before_tests=1; feat_error_in_test_step=1,f23-6b2aff570e6d.config [command]/usr/bin/git submodule foreach --recursive git config --local --show-origin --name-only --get-regexp remote.origin.url Removing credentials config '/home/runner/work/_temp/git-credentials-d823b450-3def-43d7-9f23-6b2aff570e6d.config' git fetch --force --tags <url:github.com> shell: /usr/bin/bash --noprofile --norc -e -o pipefail {0} env: UV_PYTHON_INSTALL_DIR: /home/runner/work/_temp/uv-python-dir UV_CACHE_DIR: /home/runner/work/_temp/setup-uv-cache From <url:github.com> * branch HEAD -> FETCH_HEAD with: python-version: 3.14 check-latest: false token: *** update,0.3891235292225596,0.1505937639368196,0.0006006029921431795,0.014841008390258554,0.44484109545821887
compilation,test_failure,test_failure,False,0.39589370280020797,0.017731320715683008,python-poetry/poetry,Tests,Status,Run false,runtime.exit_code,ollama,0.855,False,feat_primary_is_runtime=1; feat_first_error_before_tests=1,ï»¿Current runner version: '2.333.1' Hosted Compute Agent Version: 20260415.520 Commit: <SHA> Build Date: Worker ID: {28bacf92-f430-412c-b953-0799c42e62ef} Azure Region: eastus2 Ubuntu 24.04.4 LTS Image: ubuntu-24.04 Version: 20260420.95.1 Included Software: <url:github.com> Image Release: <url:github.com> Metadata: read Secret source: None Prepare workflow directory Prepare all required actions Complete job name: Status false shell: /usr/bin/bash --noprofile --norc -e -o pipefail {0} ##[error]Process completed with exit code 1. Cleaning up orphan processes,0.37816238208452496,0.20035463863182076,0.00018434143318934657,0.025404935050257028,0.39589370280020797
compilation,test_failure,test_failure,False,0.9450637904113197,0.9228897823843677,pypa/setuptools,tests,"test (3.11, ubuntu-latest)",Run,test.framework_failures,ollama,0.855,False,feat_primary_is_test=1; feat_first_error_before_tests=1,ols-80.10.2/setuptools/_vendor/packaging-26.0.dist-info/licenses copying setuptools/_vendor/packaging/licenses/__init__.py -> setuptools-80.10.2/setuptools/_vendor/packaging/licenses copying setuptools/_vendor/packaging/licenses/_spdx.py -> setuptools-80.10.2/setuptools/_vendor/packaging/licenses copying setuptools/_vendor/platformdirs/__init__.py -> setuptools-80.10.2/setuptools/_vendor/platformdirs copying setuptools/_vendor/platformdirs/__main__.py -> setuptools-80.10.2/setuptools/_vendor/platformdirs copying setuptools/_vendor/platformdirs/android.py -> setuptools-80.10.2/setuptools/_vendo,0.022174008026952068,0.016115073662844415,0.0001318700673273755,0.016515257831556548,0.9450637904113197
configuration,test_failure,test_failure,False,0.43589309615240907,0.07702765144405743,wtforms/wtforms,Tests,3.11,Run tests,runtime.exit_code,ollama,0.95,False,feat_fw_pytest=1; feat_primary_is_runtime=1; feat_first_error_after_tests_started=1; feat_error_in_test_step=1,ï»¿Current runner version: '2.333.1' Hosted Compute Agent Version: 20260213.493 Commit: <SHA> Build Date: Worker ID: {fd0c1500-6127-4a8a-bcf7-608387952ad1} Azure Region: westus3 Ubuntu 24.04.4 LTS Image: ubuntu-24.04 Version: 20260413.86.1 Included Software: <url:github.com> Image Release: <url:github.com> Contents: read Metadata: read Packages: read Secret source: None Prepare workflow directory Prepare all required actions Getting action download info Download action repository 'actions/checkout@<SHA>' (SHA:<SHA>) Download action repository 'astral-sh/setup-uv@<SHA>' (SHA:<SHA>) Complete job,0.35886544470835163,0.16425421571598622,0.001463512978071608,0.0395237304451815,0.43589309615240907
configuration,test_failure,test_failure,False,0.9632996974205869,0.9496185337120993,assertj/assertj-core,CI,Javadoc,Generate Javadoc,test.assertion,ollama,0.855,False,feat_is_java=1; feat_kw_test_assert=1; feat_primary_is_test=1; feat_first_error_before_tests=1,ult-cli) @ assertj-core --- [WARNING] Javadoc Warnings [WARNING] /home/runner/work/assertj/assertj/assertj-core/src/main/java/org/assertj/core/api/AbstractDurationAssert.java:40: warning: no @param for <SELF> [WARNING] public abstract class AbstractDurationAssert<SELF extends AbstractDurationAssert<SELF>> [WARNING] ^ [WARNING] /home/runner/work/assertj/assertj/assertj-core/src/main/java/org/assertj/core/api/AbstractOptionalLongAssert.java:33: warning: no @param for <SELF> [WARNING] public abstract class AbstractOptionalLongAssert<SELF extends AbstractOptionalLongAssert<SELF>> extends [WARNING],0.013681163708487574,0.013259730982989323,8.589732523470272e-05,0.00967351056270166,0.9632996974205869
configuration,test_failure,test_failure,False,0.39589370280020797,0.017731320715683008,django/django,Check commit prefix,check-commit-suffix,Check commit messages suffix,runtime.exit_code,ollama,0.95,False,feat_primary_is_runtime=1; feat_first_error_before_tests=1,ï»¿Current runner version: '2.333.1' Hosted Compute Agent Version: 20260213.493 Commit: <SHA> Build Date: Worker ID: {fcdca174-e4d2-4ef1-9b7a-b51a688b9a04} Azure Region: centralus Ubuntu 24.04.4 LTS Image: ubuntu-24.04 Version: 20260413.86.1 Included Software: <url:github.com> Image Release: <url:github.com> Contents: read Metadata: read Secret source: None Prepare workflow directory Prepare all required actions Getting action download info Download action repository 'actions/checkout@v6' (SHA:<SHA>) Complete job name: check-commit-suffix with: persist-credentials: false repository: django/dja,0.37816238208452496,0.20035463863182076,0.00018434143318934657,0.025404935050257028,0.39589370280020797
compilation,configuration,configuration,False,0.7941237733915402,0.6762526614050625,opensearch-project/OpenSearch,Gradle Check (Jenkins),Code-Diff-Analyzer / Code-Diff-Analyzer,Check final status,runtime.exit_code,ollama,0.855,False,feat_fw_gradle=1; feat_is_java=1; feat_kw_config_fail=1; feat_config_no_compile=1; feat_primary_is_runtime=1; feat_config_auth_permission=1; feat_first_error_before_tests=1; feat_error_in_setup_step=1; feat_has_dependency_install=1; feat_config_strong_only=1,"LAUDE_CODE_MAX_OUTPUT_TOKENS: 4096 MAX_THINKING_TOKENS: 1024 DIFF_CONTENT_PATH: git_diff_content.txt DIFF_REPORT_PATH: git_diff_analyzer.json BASE_SHA: <SHA> HEAD_SHA: <SHA> Get diff between base(<SHA>) and head(<SHA>) % Total % Received % Xferd Average Speed Time Time Time Current Dload Upload Total Spent Left Speed 0 0 0 0 0 0 0 0 --:--:-- --:--:-- --:--:-- 0 100 1362 100 1362 0 0 4158 0 --:--:-- --:--:-- --:--:-- 4165 Check diff size of '1362', token number '454', max token limit '160000' ------------------------------------------------------- diff --git a/buildSrc/src/main/java/org/opensea",0.0801631084639718,0.7941237733915402,4.539410749323821e-05,0.1178711119864777,0.0077966120505170294
configuration,test_failure,test_failure,False,0.9450637904113197,0.9228897823843677,pypa/pip,CI,tests / 3.15 / Windows / 1,Run unit tests (group 1),test.framework_failures,ollama,0.72,False,feat_primary_is_test=1; feat_first_error_before_tests=1,ï»¿Current runner version: '2.333.1' Hosted Compute Agent Version: 20260213.493 Commit: <SHA> Build Date: Worker ID: {6ac4ab98-2b36-47c9-adf1-f328420e3593} Azure Region: westus Microsoft Windows Server 2025 10.0.26100 Datacenter Image: windows-2025 Version: 20260405.77.1 Included Software: <url:github.com> Image Release: <url:github.com> Contents: read Metadata: read Secret source: Actions Prepare workflow directory Prepare all required actions Getting action download info Download action repository 'actions/checkout@<SHA>' (SHA:<SHA>) Download action repository 'actions/setup-python@<SHA>' (S,0.022174008026952068,0.016115073662844415,0.0001318700673273755,0.016515257831556548,0.9450637904113197
configuration,compilation,compilation,False,0.5110597225097439,0.043833315884540924,wtforms/wtforms,Tests,py3.10 pallets-eco/flask-wtf downstream,Install downstream test environment,runtime.exit_code,ollama,0.95,False,feat_kw_config_fail=1; feat_config_no_compile=1; feat_step_is_test=1; feat_step_is_setup=1; feat_primary_is_runtime=1; feat_config_missing_file=1; feat_first_error_before_tests=1; feat_error_in_setup_step=1; feat_error_in_test_step=1; feat_has_dependency_install=1,"sion 2.53.0 Temporarily overriding HOME='/home/runner/work/_temp/e7827dff-b564-4755-90cc-57141fdbe609' before making global git config changes Adding repository directory to the temporary git global config as a safe directory [command]/usr/bin/git config --global --add safe.directory /home/runner/work/wtforms/wtforms/wtforms [command]/usr/bin/git init /home/runner/work/wtforms/wtforms/wtforms hint: Using 'master' as the name for the initial branch. This default branch name hint: will change to ""main"" in Git 3.0. To configure the initial branch name hint: to use in all of your new repositories,",0.5110597225097439,0.46722640662520293,0.00035163951070901566,0.007816670344915266,0.0135455610094289
configuration,test_failure,test_failure,False,0.9450637904113197,0.9228897823843677,PyCQA/isort,CI,"Tests (3.15, windows-latest)",Run tests,test.assertion,ollama,0.855,False,feat_primary_is_test=1; feat_first_error_before_tests=1,ï»¿Current runner version: '2.333.1' Hosted Compute Agent Version: 20260213.493 Commit: <SHA> Build Date: Worker ID: {e384b52b-64a4-4893-8a08-7543e3608d0f} Azure Region: eastus2 Microsoft Windows Server 2025 10.0.26100 Datacenter Image: windows-2025 Version: 20260317.61.1 Included Software: <url:github.com> Image Release: <url:github.com> Contents: read Metadata: read Secret source: None Prepare workflow directory Prepare all required actions Getting action download info Download action repository 'actions/checkout@v6' (SHA:<SHA>) Download action repository 'actions/setup-python@v6' (SHA:<SHA>,0.022174008026952068,0.016115073662844415,0.0001318700673273755,0.016515257831556548,0.9450637904113197
compilation,infrastructure,infrastructure,False,0.9017562310655122,0.8349253164164512,python-poetry/poetry,Tests,macOS aarch64 (Python 3.13) / pytest,Run poetry run pytest --integration -v,infra.network.dns,ollama,0.855,False,feat_fw_pytest=1; feat_step_is_test=1; feat_primary_is_infra=1; feat_first_error_after_tests_started=1; feat_error_in_test_step=1,ï»¿Current runner version: '2.333.1' Hosted Compute Agent Version: 20260213.493 Commit: <SHA> Build Date: Worker ID: {f255c137-1866-459e-b45b-0114fc0cfe41} Azure Region: westus macOS 14.8.5 23J423 Image: macos-14-arm64 Version: 20260413.0223.1 Included Software: <url:github.com> Image Release: <url:github.com> Metadata: read Secret source: None Prepare workflow directory Prepare all required actions Getting action download info Download action repository 'actions/checkout@<SHA>' (SHA:<SHA>) Uses: python-poetry/poetry/.github/workflows/.tests-matrix.yaml@refs/pull/10845/merge (<SHA>) runner: ma,0.021956102734329127,0.008744463191117496,0.0007122883599802034,0.9017562310655122,0.06683091464906103
compilation,test_failure,test_failure,False,0.4118530103650595,0.035924247011553,pydantic/pydantic,Pydantic Family Integration Tests,Test pydantic settings (3.9),Run tests,runtime.exit_code,ollama,0.855,False,feat_kw_config_fail=1; feat_config_no_compile=1; feat_primary_is_runtime=1; feat_config_missing_file=1; feat_first_error_before_tests=1,ï»¿Current runner version: '2.332.0' Hosted Compute Agent Version: 20260213.493 Commit: <SHA> Build Date: Worker ID: {61452929-a45b-47d4-9bd0-fbbbab4b24f0} Azure Region: northcentralus Ubuntu 24.04.3 LTS Image: ubuntu-24.04 Version: 20260309.50.1 Included Software: <url:github.com> Image Release: <url:github.com> Actions: write ArtifactMetadata: write Attestations: write Checks: write Contents: write Deployments: write Discussions: write Issues: write Metadata: read Models: read Packages: write Pages: write PullRequests: write RepositoryProjects: write SecurityEvents: write Statuses: write Sec,0.3759287633535065,0.1914795309505436,0.00019468160239226797,0.0205440137284981,0.4118530103650595
infrastructure,compilation,compilation,False,0.4343184815803638,0.15147101405893748,psf/black,diff-shades comment,comment,Get details from initial workflow run,runtime.exit_code,ollama,0.81,False,feat_primary_is_runtime=1; feat_first_error_before_tests=1; feat_has_dependency_install=1,ï»¿Current runner version: '2.332.0' Hosted Compute Agent Version: 20260213.493 Commit: <SHA> Build Date: Worker ID: {d296cdf3-7bf3-4b0e-9b06-701eb20f9024} Azure Region: northcentralus Ubuntu 24.04.3 LTS Image: ubuntu-24.04 Version: 20260302.42.1 Included Software: <url:github.com> Image Release: <url:github.com> Metadata: read PullRequests: write Secret source: Actions Prepare workflow directory Prepare all required actions Getting action download info Download action repository 'actions/checkout@<SHA>' (SHA:<SHA>) Download action repository 'actions/download-artifact@<SHA>' (SHA:<SHA>) Downl,0.4343184815803638,0.24071271267159447,0.00023307381832696146,0.0418882644082886,0.2828474675214263
infrastructure,test_failure,test_failure,False,0.9598526487793736,0.9406404094921366,pypa/virtualenv,🧪 check,🧪 test pypy-3.10 - ubuntu-24.04,🏃 Run test suite,test.assertion,ollama,0.855,False,feat_step_is_test=1; feat_primary_is_test=1; feat_first_error_before_tests=1; feat_error_in_test_step=1,tag] 20.35.2 -> 20.35.2 * [new tag] 20.35.3 -> 20.35.3 * [new tag] 20.35.4 -> 20.35.4 * [new tag] 20.36.0 -> 20.36.0 * [new tag] 20.36.1 -> 20.36.1 * [new tag] 20.37.0 -> 20.37.0 * [new tag] 20.38.0 -> 20.38.0 * [new tag] 20.4.0 -> 20.4.0 * [new tag] 20.4.1 -> 20.4.1 * [new tag] 20.4.2 -> 20.4.2 * [new tag] 20.4.3 -> 20.4.3 * [new tag] 20.4.4 -> 20.4.4 * [new tag] 20.4.5 -> 20.4.5 * [new tag] 20.4.6 -> 20.4.6 * [new tag] 20.4.7 -> 20.4.7 * [new tag] 20.5.0 -> 20.5.0 * [new tag] 20.6.0 -> 20.6.0 * [new tag] 20.7.0 -> 20.7.0 * [new tag] 20.7.1 -> 20.7.1 * [new tag] 20.7.2 -> 20.7.2 * [new tag] 2,0.01921223928723699,0.011847291665002101,0.00039238019954505025,0.008695440068842153,0.9598526487793736
test_failure,compilation,compilation,False,0.5637857290767716,0.209421947942661,tox-dev/tox,check,tox env docs on windows-2025,Setup check suite,runtime.exit_code,ollama,0.72,False,feat_step_is_setup=1; feat_primary_is_runtime=1; feat_first_error_before_tests=1; feat_error_in_setup_step=1; feat_has_dependency_install=1,"Cache Size: ~6 MB (6442458 B) [command]""C:\Program Files\Git\usr\bin\tar.exe"" -xf D:/a/_temp/b4c625c4-bfb3-4030-ac6a-75fac9198fe1/cache.tzst -P -C D:/a/tox/tox --force-local --use-compress-program ""zstd -d"" Cache restored successfully Cache restored from key: wheel-cache-Windows-3.14-<HASH> echo ""$USERPROFILE/.local/bin"" >> $GITHUB_PATH shell: C:\Program Files\Git\bin\bash.EXE --noprofile --norc -e -o pipefail {0} env: FORCE_COLOR: 1 UV_TOOL_BIN_DIR: D:\a\_temp\uv-tool-bin-dir UV_TOOL_DIR: D:\a\_temp\uv-tool-dir UV_PYTHON_INSTALL_DIR: D:\a\_temp\uv-python-dir UV_CACHE_DIR: D:\a\_temp\setup-uv-",0.5637857290767716,0.3543637811341106,0.0002555997774416076,0.04591822714956212,0.03567666286211413
compilation,test_failure,test_failure,False,0.39589370280020797,0.017731320715683008,aio-libs/aiobotocore,CI/CD,check,Decide whether the needed jobs succeeded or failed,runtime.exit_code,ollama,0.855,False,feat_primary_is_runtime=1; feat_first_error_before_tests=1,"ï»¿Current runner version: '2.333.1' Hosted Compute Agent Version: 20260213.493 Commit: <SHA> Build Date: Worker ID: {1e2f0c10-4107-4407-8dba-eec0772b5f69} Azure Region: westus3 Ubuntu 24.04.4 LTS Image: ubuntu-24.04 Version: 20260413.86.1 Included Software: <url:github.com> Image Release: <url:github.com> Metadata: read Secret source: Actions Prepare workflow directory Prepare all required actions Getting action download info Download action repository 're-actors/alls-green@<SHA>' (SHA:<SHA>) Complete job name: check with: jobs: { ""build"": { ""result"": ""success"", ""outputs"": {} }, ""test"": { ""re",0.37816238208452496,0.20035463863182076,0.00018434143318934657,0.025404935050257028,0.39589370280020797
configuration,test_failure,test_failure,False,0.39589370280020797,0.017731320715683008,psf/black,changelog,check,Grep CHANGES.md for PR number,runtime.exit_code,ollama,0.95,False,feat_primary_is_runtime=1; feat_first_error_before_tests=1,ï»¿Current runner version: '2.333.1' Hosted Compute Agent Version: 20260213.493 Commit: <SHA> Build Date: Worker ID: {4175f57f-9608-4687-bc5d-6d36c27bc005} Azure Region: eastus Ubuntu 24.04.4 LTS Image: ubuntu-24.04 Version: 20260329.72.1 Included Software: <url:github.com> Image Release: <url:github.com> Contents: read Metadata: read Secret source: Actions Prepare workflow directory Prepare all required actions Getting action download info Download action repository 'actions/checkout@<SHA>' (SHA:<SHA>) Complete job name: check with: persist-credentials: false repository: psf/black token: *** ,0.37816238208452496,0.20035463863182076,0.00018434143318934657,0.025404935050257028,0.39589370280020797
infrastructure,compilation,compilation,False,0.7902344489172249,0.6390239621273373,apache/airflow,Tests,Sqlite tests: core / DB-core:Sqlite:3.13:API...CLI,core:DB Tests Sqlite  Py3.13:API Always CLI,compile.symbol_resolution,ollama,0.855,False,feat_primary_is_compile=1,ï»¿Current runner version: '2.333.1' Hosted Compute Agent Version: 20260213.493 Commit: <SHA> Build Date: Worker ID: {b26ca262-db19-4472-ba55-f74b21d8c75a} Azure Region: centralus - OS: Linux (arm64) - Source: Partner - Name: Ubuntu 22.04 by Arm Limited - Version: 20260318.46.1 - Included Software: <url:github.com> Contents: read Metadata: read Secret source: Actions Prepare workflow directory Prepare all required actions Getting action download info Download action repository 'actions/checkout@<SHA>' (SHA:<SHA>) Uses: apache/airflow/.github/workflows/run-unit-tests.yml@refs/heads/main (<SHA>),0.7902344489172249,0.006763685626797783,0.00016776778568246788,0.15121048678988774,0.05162361088040705
compilation,test_failure,test_failure,False,0.9450637904113197,0.9228897823843677,aio-libs/aiobotocore,CI/CD,test / Test Python 3.12 on ubuntu-24.04-arm,Run unittests,test.assertion,ollama,0.855,False,feat_primary_is_test=1; feat_first_error_before_tests=1,ï»¿Current runner version: '2.333.1' Hosted Compute Agent Version: 20260213.493 Commit: <SHA> Build Date: Worker ID: {66393e3e-b9fd-4f02-9fe5-91c338bce8d9} Azure Region: westus3 - OS: Linux (arm64) - Source: Partner - Name: Ubuntu 24.04 by Arm Limited - Version: 20260318.59.1 - Included Software: <url:github.com> Metadata: read Secret source: None Prepare workflow directory Prepare all required actions Getting action download info Download action repository 'actions/checkout@<SHA>' (SHA:<SHA>) Download action repository 'astral-sh/setup-uv@<SHA>' (SHA:<SHA>) Download action repository 'codecov,0.022174008026952068,0.016115073662844415,0.0001318700673273755,0.016515257831556548,0.9450637904113197
compilation,test_failure,test_failure,False,0.4462507206611077,0.0788071520825695,pydantic/pydantic,CI,Test windows-latest / pypy3.11.13,"Run uv run python -c ""import pydantic.version; print(pydantic.version.version_info())""",runtime.exit_code,ollama,0.855,False,feat_fw_pytest=1; feat_kw_config_fail=1; feat_config_no_compile=1; feat_primary_is_runtime=1; feat_config_missing_file=1; feat_first_error_after_tests_started=1; feat_error_in_test_step=1,"Turn off this advice by setting config variable advice.detachedHead to false HEAD is now at c615495 Merge <SHA> into <SHA> [command]""C:\Program Files\Git\bin\git.exe"" log -1 --format=%H <SHA> with: python-version: pypy3.11.13 activate-environment: false working-directory: D:\a\pydantic\pydantic github-token: *** enable-cache: auto cache-dependency-glob: **/*requirements*.txt **/*requirements*.in **/*constraints*.txt **/*constraints*.in **/pyproject.toml **/uv.lock **/*.py.lock restore-cache: true save-cache: true prune-cache: true cache-python: false ignore-nothing-to-cache: false ignore-empty",0.3674435685785382,0.15843637595321236,0.0015919532420832837,0.026277381565058523,0.4462507206611077
configuration,test_failure,test_failure,False,0.39589370280020797,0.017731320715683008,pypa/setuptools,tests,check,Decide whether the needed jobs succeeded or failed,runtime.exit_code,ollama,0.95,False,feat_primary_is_runtime=1; feat_first_error_before_tests=1,"ï»¿Current runner version: '2.331.0' Hosted Compute Agent Version: 20260115.477 Commit: <SHA> Build Date: Worker ID: {489f5b75-8c1f-47ed-ae05-a46dc00a3931} Azure Region: westus Ubuntu 24.04.3 LTS Image: ubuntu-24.04 Version: 20260119.4.1 Included Software: <url:github.com> Image Release: <url:github.com> Contents: read Metadata: read Secret source: None Prepare workflow directory Prepare all required actions Getting action download info Download action repository 're-actors/alls-green@release/v1' (SHA:<SHA>) Complete job name: check with: allowed-skips: check-changed-folders, integration-test ",0.37816238208452496,0.20035463863182076,0.00018434143318934657,0.025404935050257028,0.39589370280020797
compilation,test_failure,test_failure,False,0.39589370280020797,0.017731320715683008,astral-sh/ruff,CI,all required checks passed,Check required jobs passed,runtime.exit_code,ollama,0.855,False,feat_primary_is_runtime=1; feat_first_error_before_tests=1,"ï»¿Current runner version: '2.333.1' Hosted Compute Agent Version: 20260213.493 Commit: <SHA> Build Date: Worker ID: {6d116ceb-37f2-4789-9edb-2bd90446ebff} Azure Region: eastus - OS: Linux (x64) - Source: Docker - Name: ubuntu:24.04 - Version: 20260323.53.1 Metadata: read Secret source: Actions Prepare workflow directory Prepare all required actions Complete job name: all required checks passed failing=$(echo ""$NEEDS_JSON"" | jq -r 'to_entries[] | select(.value.result != ""success"" and .value.result != ""skipped"") | ""\(.key): \(.value.result)""') if [ -n ""$failing"" ]; then echo ""$failing"" exit 1 f",0.37816238208452496,0.20035463863182076,0.00018434143318934657,0.025404935050257028,0.39589370280020797
configuration,test_failure,test_failure,False,0.39589370280020797,0.017731320715683008,mlflow/mlflow,JS,js (--testPathIgnorePatterns),Run tests,runtime.exit_code,ollama,0.95,False,feat_primary_is_runtime=1; feat_first_error_before_tests=1,e8542 STDOUT â¤ YN0000: README.md â¤ YN0000: â /tmp/xfs-fcbe8542 STDOUT â¤ YN0000: linsolve.js â¤ YN0000: â /tmp/xfs-fcbe8542 STDOUT â¤ YN0000: package.json â¤ YN0000: â /tmp/xfs-fcbe8542 STDOUT â¤ YN0000: test/test.js â¤ YN0000: â /tmp/xfs-fcbe8542 STDOUT â¤ YN0000: Package archive generated in /tmp/xfs-fcbe8542/package.tgz â¤ YN0000: â /tmp/xfs-fcbe8542 STDOUT â¤ YN0000: Done in 0s 52ms â¤ YN0000: â /tmp/xfs-bcac9727 STDOUT Packing robust-determinant@<url:github.com> from sources â¤ YN0000: â /tmp/xfs-d3401b0b STDOUT â¤ YN0000: LICENSE â¤ YN0000: â /tmp/xfs-d34,0.37816238208452496,0.20035463863182076,0.00018434143318934657,0.025404935050257028,0.39589370280020797
test_failure,configuration,configuration,False,0.607344614071949,0.38247524152056295,pydantic/pydantic,Third party tests,Test Semantic Kernel (main branch) on Python 3.10,Run Semantic Kernel tests,runtime.exit_code,ollama,0.72,False,feat_kw_config_fail=1; feat_config_no_compile=1; feat_primary_is_runtime=1; feat_config_missing_file=1; feat_first_error_before_tests=1; feat_error_in_setup_step=1; feat_has_dependency_install=1,set-safe-directory: true env: FORCE_COLOR: 1 PIP_PROGRESS_BAR: off Syncing repository: pydantic/pydantic Working directory is '/home/runner/work/pydantic/pydantic/pydantic-latest' [command]/usr/bin/git version git version 2.53.0 Temporarily overriding HOME='/home/runner/work/_temp/f72f61d1-2dbb-4569-af64-06d6dae34301' before making global git config changes Adding repository directory to the temporary git global config as a safe directory [command]/usr/bin/git config --global --add safe.directory /home/runner/work/pydantic/pydantic/pydantic-latest [command]/usr/bin/git init /home/runner/work/p,0.224869372551386,0.607344614071949,0.00015600115042952492,0.021459406025111875,0.1461706062011235
compilation,test_failure,test_failure,False,0.39589370280020797,0.017731320715683008,pypa/pip,CI,check,Decide whether the needed jobs succeeded or failed,runtime.exit_code,ollama,0.855,False,feat_primary_is_runtime=1; feat_first_error_before_tests=1,"ï»¿Current runner version: '2.332.0' Hosted Compute Agent Version: 20260213.493 Commit: <SHA> Build Date: Worker ID: {936cf46e-a5b1-4366-bf6f-2814c48531fe} Azure Region: westcentralus Ubuntu 22.04.5 LTS Image: ubuntu-22.04 Version: 20260302.50.1 Included Software: <url:github.com> Image Release: <url:github.com> Contents: read Metadata: read Packages: read Secret source: None Prepare workflow directory Prepare all required actions Getting action download info Download action repository 're-actors/alls-green@release/v1' (SHA:<SHA>) Complete job name: check with: allowed-skips: , jobs: { ""determ",0.37816238208452496,0.20035463863182076,0.00018434143318934657,0.025404935050257028,0.39589370280020797
compilation,test_failure,test_failure,False,0.39589370280020797,0.017731320715683008,pypa/pip,CI,check,Decide whether the needed jobs succeeded or failed,runtime.exit_code,ollama,0.855,False,feat_primary_is_runtime=1; feat_first_error_before_tests=1,"ï»¿Current runner version: '2.331.0' Hosted Compute Agent Version: 20260213.493 Commit: <SHA> Build Date: Worker ID: {9bd1da43-c2cf-48ac-9c8d-bdf71ec96191} Azure Region: eastus2 Ubuntu 22.04.5 LTS Image: ubuntu-22.04 Version: 20260224.45.1 Included Software: <url:github.com> Image Release: <url:github.com> Contents: read Metadata: read Packages: read Secret source: None Prepare workflow directory Prepare all required actions Getting action download info Download action repository 're-actors/alls-green@release/v1' (SHA:<SHA>) Complete job name: check with: allowed-skips: , jobs: { ""determine-ch",0.37816238208452496,0.20035463863182076,0.00018434143318934657,0.025404935050257028,0.39589370280020797
compilation,test_failure,test_failure,False,0.4462507206611077,0.0788071520825695,pydantic/pydantic,CI,Test ubuntu-latest / pypy3.11.13,"Run uv run python -c ""import pydantic.version; print(pydantic.version.version_info())""",runtime.exit_code,ollama,0.81,False,feat_fw_pytest=1; feat_kw_config_fail=1; feat_config_no_compile=1; feat_primary_is_runtime=1; feat_config_missing_file=1; feat_first_error_after_tests_started=1; feat_error_in_test_step=1,ï»¿Current runner version: '2.332.0' Hosted Compute Agent Version: 20260213.493 Commit: <SHA> Build Date: Worker ID: {b5787d81-a975-43fb-9b51-e6176a4b6d27} Azure Region: northcentralus Ubuntu 24.04.3 LTS Image: ubuntu-24.04 Version: 20260309.50.1 Included Software: <url:github.com> Image Release: <url:github.com> Actions: write ArtifactMetadata: write Attestations: write Checks: write Contents: write Deployments: write Discussions: write Issues: write Metadata: read Models: read Packages: write Pages: write PullRequests: write RepositoryProjects: write SecurityEvents: write Statuses: write Sec,0.3674435685785382,0.15843637595321236,0.0015919532420832837,0.026277381565058523,0.4462507206611077
compilation,configuration,configuration,False,0.9078597593381771,0.8340773962770737,aio-libs/aiohttp,CI,Linter,Install dependencies,runtime.exit_code,ollama,0.81,False,feat_fw_pytest=1; feat_kw_config_fail=1; feat_config_no_compile=1; feat_step_is_setup=1; feat_primary_is_runtime=1; feat_config_auth_permission=1; feat_first_error_after_tests_started=1; feat_error_in_setup_step=1; feat_error_in_test_step=1; feat_has_dependency_install=1; feat_config_strong_only=1,"ct_hooks, Pygments, pycparser, packaging, nh3, more-itertools, mdurl, jeepney, idna, docutils, charset_normalizer, certifi, backports.tarfile, wheel, requests, readme-renderer, markdown-it-py, jaraco.functools, jaraco.context, jaraco.classes, importlib_metadata, id, cffi, build, rich, requests-toolbelt, cryptography, SecretStorage, keyring, twine Attempting uninstall: setuptools Found existing installation: setuptools 79.0.1 âââºâââââââââââââââââââââââââââââââââââââ 2/34 [setuptools] âââºââââââââ",0.07378236306110338,0.9078597593381771,0.00029102734717484157,0.004801880475338728,0.01326496977820592
test_failure,configuration,configuration,False,0.9132244915477582,0.8402930674110325,pypa/pip,CI,tests / zipapp,Run integration tests,dep.not_found,ollama,0.855,False,feat_fw_pytest=1; feat_primary_is_config=1; feat_first_error_after_tests_started=1; feat_error_in_test_step=1; feat_has_dependency_install=1,"fig --local --unset-all extensions.worktreeConfig [command]/opt/homebrew/bin/git checkout --progress --force refs/remotes/pull/13811/merge HEAD is now at 1f78db5 Merge <SHA> into <SHA> [command]/opt/homebrew/bin/git log -1 --format=%H <SHA> with: python-version: 3.10 check-latest: false token: *** update-environment: true allow-prereleases: false freethreaded: false env: FORCE_COLOR: 1 Version 3.10 was not found in the local cache Version 3.10 is available for downloading Download from ""<url:github.com> Extract downloaded archive [command]/usr/bin/tar xz -C /Users/runner/work/_temp/3d96b7d9-75",0.010925727890777066,0.9132244915477582,0.0004610826564223776,0.0024572737683165946,0.07293142413672576
configuration,test_failure,test_failure,False,0.43589309615240907,0.07702765144405743,wtforms/wtforms,Tests,3.11,Run tests,runtime.exit_code,ollama,0.95,False,feat_fw_pytest=1; feat_primary_is_runtime=1; feat_first_error_after_tests_started=1; feat_error_in_test_step=1,ï»¿Current runner version: '2.333.1' Hosted Compute Agent Version: 20260213.493 Commit: <SHA> Build Date: Worker ID: {2fc1e756-d80f-4efd-a961-673ae0ec288d} Azure Region: northcentralus Ubuntu 24.04.4 LTS Image: ubuntu-24.04 Version: 20260413.86.1 Included Software: <url:github.com> Image Release: <url:github.com> Contents: read Metadata: read Packages: read Secret source: None Prepare workflow directory Prepare all required actions Getting action download info Download action repository 'actions/checkout@<SHA>' (SHA:<SHA>) Download action repository 'astral-sh/setup-uv@<SHA>' (SHA:<SHA>) Compl,0.35886544470835163,0.16425421571598622,0.001463512978071608,0.0395237304451815,0.43589309615240907
compilation,test_failure,test_failure,False,0.5475031527331026,0.15174865613748456,fabric8io/kubernetes-client,Build,Java 17 Maven,Build Project,runtime.exit_code,ollama,0.855,False,feat_tests_ran=1; feat_num_tests_run=46; feat_build_duration=0.606; feat_fw_junit=1; feat_fw_gradle=1; feat_is_java=1; feat_step_is_compile=1; feat_primary_is_runtime=1; feat_first_error_after_tests_started=1; feat_error_in_compile_step=1; feat_error_in_test_step=1; feat_has_compile_task=1,[pom] [INFO] Kube API Test [jar] [INFO] Kube API Test - Client Injecting Support [jar] [INFO] Fabric8 :: Openshift :: Java Client API [jar] [INFO] Fabric8 :: Openshift :: Java Client [jar] [INFO] Fabric8 :: Kubernetes :: Extensions [pom] [INFO] Fabric8 :: Knative :: Extension [pom] [INFO] Fabric8 :: Knative :: Model [bundle] [INFO] Fabric8 :: Knative :: Client [bundle] [INFO] Fabric8 :: Knative :: Examples [jar] [INFO] Fabric8 :: Knative :: Tests [jar] [INFO] Fabric8 :: Tekton :: Extension [pom] [INFO] Fabric8 :: Tekton :: Model [bundle] [INFO] Fabric8 :: Tekton :: Client [bundle] [INFO] Fabri,0.395754496595618,0.03680700883674571,0.00047698506741607216,0.019458356767117716,0.5475031527331026
test_failure,compilation,compilation,False,0.7892902566654318,0.5897231100200437,pypa/pipenv,CI,Windows / 3.13,Run tests,compile.symbol_resolution,ollama,0.855,False,feat_fw_pytest=1; feat_kw_test_assert=1; feat_primary_is_compile=1; feat_first_error_after_tests_started=1; feat_error_in_test_step=1; feat_has_dependency_install=1,"Collecting wheel Downloading wheel-0.46.3-py3-none-any.whl.metadata (2.4 kB) Collecting packaging>=24.0 (from wheel) Downloading packaging-26.0-py3-none-any.whl.metadata (3.3 kB) Downloading setuptools-82.0.1-py3-none-any.whl (1.0 MB) ---------------------------------------- 1.0/1.0 MB 23.6 MB/s 0:00:00 Downloading wheel-0.46.3-py3-none-any.whl (30 kB) Downloading packaging-26.0-py3-none-any.whl (74 kB) Installing collected packages: setuptools, packaging, wheel Successfully installed packaging-26.0 setuptools-82.0.1 wheel-0.46.3 git submodule sync git submodule update --init --recursive pytho",0.7892902566654318,0.007325842490103176,0.000627666606757682,0.003189087592319093,0.19956714664538808
infrastructure,test_failure,test_failure,False,0.8519423063153971,0.7353750007566866,apache/airflow,Tests,MySQL tests: core / DB-core:MySQL:8.0:3.10:Core...Serialization,core:DB Tests MySQL 8.0 Py3.10:Core Other Serialization,test.assertion,ollama,0.855,False,feat_primary_is_test=1,ï»¿Current runner version: '2.333.1' Hosted Compute Agent Version: 20260213.493 Commit: <SHA> Build Date: Worker ID: {5f53e62d-f8c8-4075-bd72-0893458f85e9} Azure Region: centralus Ubuntu 22.04.5 LTS Image: ubuntu-22.04 Version: 20260413.88.1 Included Software: <url:github.com> Image Release: <url:github.com> Contents: read Metadata: read Secret source: None Prepare workflow directory Prepare all required actions Getting action download info Download action repository 'actions/checkout@<SHA>' (SHA:<SHA>) Uses: apache/airflow/.github/workflows/run-unit-tests.yml@refs/pull/65924/merge (<SHA>) run,0.021910496881458817,0.009370104908797531,0.00020978633563600426,0.1165673055587105,0.8519423063153971
infrastructure,compilation,compilation,False,0.5513166612264826,0.22331911174760527,checkstyle/checkstyle,Check no closed issue references,check_issues,Check Issues,runtime.exit_code,ollama,0.855,False,feat_is_java=1; feat_primary_is_runtime=1; feat_first_error_before_tests=1,ï»¿Current runner version: '2.333.1' Hosted Compute Agent Version: 20260213.493 Commit: <SHA> Build Date: Worker ID: {4a155d7d-4337-4547-a882-0a8fddc01a21} Azure Region: northcentralus Ubuntu 24.04.4 LTS Image: ubuntu-24.04 Version: 20260413.86.1 Included Software: <url:github.com> Image Release: <url:github.com> Contents: read Metadata: read Packages: read Secret source: None Prepare workflow directory Prepare all required actions Getting action download info Download action repository 'actions/checkout@v6' (SHA:<SHA>) Download action repository 'mondeja/pr-linked-issues-action@v2' (SHA:<SHA>,0.5513166612264826,0.3279975494788773,0.0002389049518138468,0.03286963471101677,0.08757724963180934
configuration,compilation,compilation,False,0.9822286602325452,0.9750903128420384,junit-team/junit5,CI,Windows,Build,compile.java_kotlin,ollama,0.72,False,feat_fw_junit=1; feat_fw_gradle=1; feat_is_java=1; feat_step_is_compile=1; feat_primary_is_compile=1; feat_first_error_before_tests=1; feat_error_in_compile_step=1,"[command]""C:\Program Files\Git\bin\git.exe"" remote add origin <url:github.com> [command]""C:\Program Files\Git\bin\git.exe"" config --local gc.auto 0 Removing SSH command configuration [command]""C:\Program Files\Git\bin\git.exe"" config --local --name-only --get-regexp core\.sshCommand [command]""C:\Program Files\Git\bin\git.exe"" submodule foreach --recursive ""sh -c \""git config --local --name-only --get-regexp 'core\.sshCommand' && git config --local --unset-all 'core.sshCommand' || :\"""" Removing HTTP extra header [command]""C:\Program Files\Git\bin\git.exe"" config --local --name-only --get-regexp",0.9822286602325452,0.007138347390506785,5.399072313471461e-05,0.0037755058888922807,0.00680349576492099
infrastructure,test_failure,test_failure,False,0.9450637904113197,0.9228897823843677,celery/celery,Celery,"Integration-tests (test_canvas.py) / testing-with (3.13, redis)","Run tox for ""3.13-integration-redis-test_canvas.py""",test.framework_failures,ollama,0.855,False,feat_primary_is_test=1; feat_first_error_before_tests=1,".0 MB of archives. After this operation, 15.6 MB of additional disk space will be used. Get:1 <url:us-west-2.ec2.archive.ubuntu.com> noble-updates/main amd64 libssl-dev amd64 3.0.13-0ubuntu3.9 [2407 kB] Get:2 <url:us-west-2.ec2.archive.ubuntu.com> noble-updates/main amd64 libssl3t64 amd64 3.0.13-0ubuntu3.9 [1941 kB] Get:3 <url:us-west-2.ec2.archive.ubuntu.com> noble-updates/main amd64 libgnutls30t64 amd64 3.8.3-1.1ubuntu3.5 [1001 kB] Get:4 <url:us-west-2.ec2.archive.ubuntu.com> noble-updates/main amd64 openssl amd64 3.0.13-0ubuntu3.9 [1002 kB] Get:5 <url:us-west-2.ec2.archive.ubuntu.com> noble",0.022174008026952068,0.016115073662844415,0.0001318700673273755,0.016515257831556548,0.9450637904113197
test_failure,configuration,configuration,False,0.7484851793144973,0.5928481604973237,hibernate/hibernate-orm,GH Actions CI,OpenJDK 25 - mssql,Store coverage report,dep.auth,ollama,0.855,False,feat_fw_gradle=1; feat_is_java=1; feat_kw_compile_fail=1; feat_compile_no_tests=1; feat_primary_is_config=1; feat_compile_ts_strong=1; feat_first_error_before_tests=1; feat_error_in_compile_step=1; feat_has_compile_task=1; feat_compile_over_config_guard=1,"lObject, LockOptions lockOptions, SharedSessionContractImplementor session); ^ /home/runner/work/hibernate-orm/hibernate-orm/hibernate-core/src/main/java/org/hibernate/persister/entity/EntityPersister.java:646: warning: [removal] LockOptions in org.hibernate has been deprecated and marked for removal Object load(Object id, Object optionalObject, LockOptions lockOptions, SharedSessionContractImplementor session); ^ /home/runner/work/hibernate-orm/hibernate-orm/hibernate-core/src/main/java/org/hibernate/persister/entity/EntityPersister.java:646: warning: [removal] LockOptions in org.hibernate ha",0.15563701881717365,0.7484851793144973,0.0001286056013697785,0.07755555898776155,0.01819363727919782
configuration,test_failure,test_failure,False,0.39589370280020797,0.017731320715683008,pre-commit/pre-commit,main,main-windows / collector,check for failures,runtime.exit_code,ollama,0.95,False,feat_primary_is_runtime=1; feat_first_error_before_tests=1,ï»¿Current runner version: '2.334.0' Hosted Compute Agent Version: 20260213.493 Commit: <SHA> Build Date: Worker ID: {d910413f-d655-410d-ac4a-40ea654a27c2} Azure Region: northcentralus Ubuntu 24.04.4 LTS Image: ubuntu-24.04 Version: 20260413.86.1 Included Software: <url:github.com> Image Release: <url:github.com> Actions: read ArtifactMetadata: read Attestations: read Checks: read Contents: read Deployments: read Discussions: read Issues: read Metadata: read Models: read Packages: read Pages: read PullRequests: read RepositoryProjects: read SecurityEvents: read Statuses: read VulnerabilityAler,0.37816238208452496,0.20035463863182076,0.00018434143318934657,0.025404935050257028,0.39589370280020797
test_failure,compilation,compilation,False,0.4343184815803638,0.15147101405893748,pypa/pipenv,CI,Package Manager Benchmark,Run benchmark suite,runtime.exit_code,ollama,0.81,False,feat_primary_is_runtime=1; feat_first_error_before_tests=1; feat_has_dependency_install=1,"ch <name> hint: hint: Names commonly chosen instead of 'master' are 'main', 'trunk' and hint: 'development'. The just-created branch can be renamed via this command: hint: hint: git branch -m <name> hint: hint: Disable this message with ""git config set advice.defaultBranchName false"" Initialized empty Git repository in /home/runner/work/pipenv/pipenv/.git/ [command]/usr/bin/git remote add origin <url:github.com> [command]/usr/bin/git config --local gc.auto 0 [command]/usr/bin/git config --local --name-only --get-regexp core\.sshCommand [command]/usr/bin/git submodule foreach --recursive sh -c ",0.4343184815803638,0.24071271267159447,0.00023307381832696146,0.0418882644082886,0.2828474675214263
configuration,test_failure,test_failure,False,0.39589370280020797,0.017731320715683008,psf/black,changelog,check,Grep CHANGES.md for PR number,runtime.exit_code,ollama,0.95,False,feat_primary_is_runtime=1; feat_first_error_before_tests=1,ï»¿Current runner version: '2.332.0' Hosted Compute Agent Version: 20260213.493 Commit: <SHA> Build Date: Worker ID: {3a775724-2612-4911-be41-c015811ebf3c} Azure Region: centralus Ubuntu 24.04.3 LTS Image: ubuntu-24.04 Version: 20260302.42.1 Included Software: <url:github.com> Image Release: <url:github.com> Contents: read Metadata: read Secret source: None Prepare workflow directory Prepare all required actions Getting action download info Download action repository 'actions/checkout@<SHA>' (SHA:<SHA>) Complete job name: check with: persist-credentials: false repository: psf/black token: *** ,0.37816238208452496,0.20035463863182076,0.00018434143318934657,0.025404935050257028,0.39589370280020797
compilation,configuration,configuration,False,0.958034076344559,0.9237989223009134,apache/camel-quarkus,Camel Quarkus CI,initial-mvn-install,Build Camel,dep.toolchain_incompatible,ollama,0.855,False,feat_is_java=1; feat_step_is_compile=1; feat_primary_is_config=1; feat_first_error_before_tests=1; feat_error_in_compile_step=1; feat_has_compile_task=1,NFO] Camel :: YAML DSL :: Validator Maven Plugin [maven-plugin] [INFO] Camel :: Kamelet Main [jar] [INFO] Camel :: JBang :: Parent [pom] [INFO] Camel :: JBang :: Console [jar] [INFO] Camel :: JBang :: Core [jar] [INFO] Camel :: JBang :: Main [jar] [INFO] Camel :: JBang :: MCP [jar] [INFO] Camel :: JBang :: Plugin :: Generate [jar] [INFO] Camel :: JBang :: Plugin :: Edit [jar] [INFO] Camel :: JBang :: Plugin :: Kubernetes [jar] [INFO] Camel :: JBang :: Plugin :: Route Parser [jar] [INFO] Camel :: JBang :: Plugin :: Testing [jar] [INFO] Camel :: JBang :: Plugin :: Validate [jar] [INFO] Camel :: ,0.03423515404364549,0.958034076344559,2.0206369246485753e-05,0.004844895627831421,0.0028656676147174485
compilation,test_failure,test_failure,False,0.39589370280020797,0.017731320715683008,tiangolo/fastapi,Test,check,Decide whether the needed jobs succeeded or failed,runtime.exit_code,ollama,0.855,False,feat_primary_is_runtime=1; feat_first_error_before_tests=1,"""followers_url"": ""<url:api.github.com> ""following_url"": ""<url:api.github.com> ""gists_url"": ""<url:api.github.com> ""gravatar_id"": """", ""html_url"": ""<url:github.com> ""id"": 110676251, ""login"": ""Luke-Evan"", ""node_id"": ""U_kgDOBpjJGw"", ""organizations_url"": ""<url:api.github.com> ""received_events_url"": ""<url:api.github.com> ""repos_url"": ""<url:api.github.com> ""site_admin"": false, ""starred_url"": ""<url:api.github.com> ""subscriptions_url"": ""<url:api.github.com> ""type"": ""User"", ""url"": ""<url:api.github.com> ""user_view_type"": ""public"" }, ""private"": false, ""pull_request_creation_policy"": ""all"", ""pulls_url"": ""<u",0.37816238208452496,0.20035463863182076,0.00018434143318934657,0.025404935050257028,0.39589370280020797
compilation,test_failure,test_failure,False,0.4462507206611077,0.0788071520825695,pydantic/pydantic,CI,Test windows-latest / pypy3.11.13,"Run uv run python -c ""import pydantic.version; print(pydantic.version.version_info())""",runtime.exit_code,ollama,0.855,False,feat_fw_pytest=1; feat_kw_config_fail=1; feat_config_no_compile=1; feat_primary_is_runtime=1; feat_config_missing_file=1; feat_first_error_after_tests_started=1; feat_error_in_test_step=1,"Turn off this advice by setting config variable advice.detachedHead to false HEAD is now at 1e9b17a Merge <SHA> into <SHA> [command]""C:\Program Files\Git\bin\git.exe"" log -1 --format=%H <SHA> with: python-version: pypy3.11.13 activate-environment: false working-directory: D:\a\pydantic\pydantic github-token: *** enable-cache: auto cache-dependency-glob: **/*requirements*.txt **/*requirements*.in **/*constraints*.txt **/*constraints*.in **/pyproject.toml **/uv.lock **/*.py.lock restore-cache: true save-cache: true prune-cache: true cache-python: false ignore-nothing-to-cache: false ignore-empty",0.3674435685785382,0.15843637595321236,0.0015919532420832837,0.026277381565058523,0.4462507206611077
infrastructure,compilation,compilation,False,0.5513166612264826,0.22331911174760527,fabric8io/kubernetes-client,E2E CRC-OKD Tests,CRC 2.32.0 / OKD v4.14.0,Start CRC,runtime.exit_code,ollama,0.855,False,feat_is_java=1; feat_primary_is_runtime=1; feat_first_error_before_tests=1,..... .......... .......... .......... .......... 85% 242M 0s 28000K .......... .......... .......... .......... .......... 85% 283M 0s 28050K .......... .......... .......... .......... .......... 85% 206M 0s 28100K .......... .......... .......... .......... .......... 85% 328M 0s 28150K .......... .......... .......... .......... .......... 85% 182M 0s 28200K .......... .......... .......... .......... .......... 85% 189M 0s 28250K .......... .......... .......... .......... .......... 85% 237M 0s 28300K .......... .......... .......... .......... .......... 86% 192M 0s 28350K .......... ..,0.5513166612264826,0.3279975494788773,0.0002389049518138468,0.03286963471101677,0.08757724963180934
compilation,test_failure,test_failure,False,0.6413998408589622,0.29782505445315144,apache/commons-io,Java CI,"build (windows-latest, 11, false)",Build with Maven,test.assertion,ollama,0.765,False,feat_tests_ran=1; feat_num_tests_run=174; feat_build_duration=5.19; feat_fw_junit=1; feat_is_java=1; feat_step_is_compile=1; feat_primary_is_test=1; feat_first_error_before_tests=1; feat_error_in_compile_step=1; feat_has_compile_task=1,"[command]""C:\Program Files\Git\bin\git.exe"" submodule foreach --recursive ""sh -c \""git config --local --name-only --get-regexp 'http\.https\:\/\/github\.com\/\.extraheader' && git config --local --unset-all 'http.<url:github.com> || :\"""" Removing includeIf entries pointing to credentials config files [command]""C:\Program Files\Git\bin\git.exe"" config --local --name-only --get-regexp ^includeIf\.gitdir: includeif.gitdir:D:/a/commons-io/commons-io/.git.path includeif.gitdir:D:/a/commons-io/commons-io/.git/worktrees/*.path includeif.gitdir:/github/workspace/.git.path includeif.gitdir:/github/work",0.34357478640581074,0.01315783658958889,0.0001560275188583934,0.0017115086267798412,0.6413998408589622
compilation,test_failure,test_failure,False,0.6724862212936624,0.4055397782484294,fabric8io/kubernetes-client,Build,Java 11 Maven,Build Project,runtime.exit_code,ollama,0.855,False,feat_tests_ran=1; feat_num_tests_run=46; feat_build_duration=0.635; feat_fw_junit=1; feat_fw_gradle=1; feat_is_java=1; feat_step_is_compile=1; feat_primary_is_runtime=1; feat_first_error_after_tests_started=1; feat_error_in_compile_step=1; feat_error_in_test_step=1; feat_has_compile_task=1,[pom] [INFO] Kube API Test [jar] [INFO] Kube API Test - Client Injecting Support [jar] [INFO] Fabric8 :: Openshift :: Java Client API [jar] [INFO] Fabric8 :: Openshift :: Java Client [jar] [INFO] Fabric8 :: Kubernetes :: Extensions [pom] [INFO] Fabric8 :: Knative :: Extension [pom] [INFO] Fabric8 :: Knative :: Model [bundle] [INFO] Fabric8 :: Knative :: Client [bundle] [INFO] Fabric8 :: Knative :: Examples [jar] [INFO] Fabric8 :: Knative :: Tests [jar] [INFO] Fabric8 :: Tekton :: Extension [pom] [INFO] Fabric8 :: Tekton :: Model [bundle] [INFO] Fabric8 :: Tekton :: Client [bundle] [INFO] Fabri,0.266946443045233,0.03928815836007995,0.0005091384890077621,0.020770038812016802,0.6724862212936624
compilation,test_failure,test_failure,False,0.9438506198627309,0.9179384230716601,pypa/virtualenv,🧪 check,🧪 test brew@3.11 - macos-15,🏃 Run test suite,test.assertion,ollama,0.855,False,feat_step_is_test=1; feat_primary_is_test=1; feat_error_in_test_step=1; feat_has_dependency_install=1,"runner/hostedtoolcache/Python/3.14.3/arm64 Python2_ROOT_DIR: /Users/runner/hostedtoolcache/Python/3.14.3/arm64 Python3_ROOT_DIR: /Users/runner/hostedtoolcache/Python/3.14.3/arm64 GH_TOKEN: *** ==> Updating Homebrew... To restore the stashed changes to /opt/homebrew/Library/Taps/homebrew/homebrew-core, run: cd /opt/homebrew/Library/Taps/homebrew/homebrew-core && git stash pop ==> Downloading <url:ghcr.io> #=#=# ##O#-# # 1.8% ####################################################### 76.5% ######################################################################## 100.0% ==> Pouring portable-ruby-4.0.",0.02591219679107081,0.011124472506155239,0.000979136456979618,0.018133574383063518,0.9438506198627309
compilation,test_failure,test_failure,False,0.39589370280020797,0.017731320715683008,tiangolo/fastapi,pre-commit,pre-commit-alls-green,Decide whether the needed jobs succeeded or failed,runtime.exit_code,ollama,0.855,False,feat_primary_is_runtime=1; feat_first_error_before_tests=1,"""followers_url"": ""<url:api.github.com> ""following_url"": ""<url:api.github.com> ""gists_url"": ""<url:api.github.com> ""gravatar_id"": """", ""html_url"": ""<url:github.com> ""id"": 110676251, ""login"": ""Luke-Evan"", ""node_id"": ""U_kgDOBpjJGw"", ""organizations_url"": ""<url:api.github.com> ""received_events_url"": ""<url:api.github.com> ""repos_url"": ""<url:api.github.com> ""site_admin"": false, ""starred_url"": ""<url:api.github.com> ""subscriptions_url"": ""<url:api.github.com> ""type"": ""User"", ""url"": ""<url:api.github.com> ""user_view_type"": ""public"" }, ""private"": false, ""pull_request_creation_policy"": ""all"", ""pulls_url"": ""<u",0.37816238208452496,0.20035463863182076,0.00018434143318934657,0.025404935050257028,0.39589370280020797
test_failure,compilation,compilation,False,0.6918889087118615,0.4499828110016005,tox-dev/tox,check,test 3.14 on ubuntu-24.04,Run test suite,compile.symbol_resolution,ollama,0.855,False,feat_step_is_test=1; feat_primary_is_compile=1; feat_first_error_before_tests=1; feat_error_in_test_step=1,et_env.py::test_set_env_default PASSED [ 56%] tests/config/test_set_env.py::test_set_env_self_key PASSED [ 56%] tests/config/test_set_env.py::test_set_env_other_env_set PASSED [ 56%] tests/config/test_set_env.py::test_set_env_other_env_default PASSED [ 56%] tests/config/test_set_env.py::test_set_env_delayed_eval PASSED [ 56%] tests/config/test_set_env.py::test_set_env_tty_on PASSED [ 56%] tests/config/test_set_env.py::test_set_env_tty_off PASSED [ 56%] tests/config/test_set_env.py::test_set_env_circular_use_os_environ PASSED [ 56%] tests/config/test_set_env.py::test_set_env_invalid_lines PASSE,0.6918889087118615,0.03818164294606667,0.001400989984035894,0.026622360647775067,0.241906097710261
configuration,compilation,compilation,False,0.4343184815803638,0.15147101405893748,sqlalchemy/sqlalchemy,Run tests,test-3.11-windows-latest-x86-cext-greenlet,Run tests,runtime.exit_code,ollama,0.95,False,feat_primary_is_runtime=1; feat_first_error_before_tests=1; feat_has_dependency_install=1,ï»¿Current runner version: '2.331.0' Hosted Compute Agent Version: 20260213.493 Commit: <SHA> Build Date: Worker ID: {a9d3daf1-7bd2-4455-b0f3-9959145567cf} Azure Region: westus Microsoft Windows Server 2025 10.0.26100 Datacenter Image: windows-2025 Version: 20260225.38.2 Included Software: <url:github.com> Image Release: <url:github.com> Contents: read Metadata: read Secret source: Actions Prepare workflow directory Prepare all required actions Getting action download info Download action repository 'actions/checkout@v4' (SHA:<SHA>) Download action repository 'actions/setup-python@v5' (SHA:<SH,0.4343184815803638,0.24071271267159447,0.00023307381832696146,0.0418882644082886,0.2828474675214263
configuration,test_failure,test_failure,False,0.8321279887358795,0.7255256603515271,pydantic/pydantic,CI,Test macos-latest / 3.9,Run pytest,runtime.exit_code,ollama,0.9,False,feat_fw_pytest=1; feat_kw_config_fail=1; feat_config_no_compile=1; feat_step_is_test=1; feat_primary_is_runtime=1; feat_config_missing_file=1; feat_first_error_before_tests=1; feat_error_in_test_step=1; feat_has_compile_task=1,ï»¿Current runner version: '2.332.0' Hosted Compute Agent Version: 20260213.493 Commit: <SHA> Build Date: Worker ID: {89ca0990-6cd0-4d65-867d-4776e81bd509} Azure Region: westus macOS 15.7.4 24G517 Image: macos-15-arm64 Version: 20260303.0188.2 Included Software: <url:github.com> Image Release: <url:github.com> Actions: read ArtifactMetadata: read Attestations: read Checks: read Contents: read Deployments: read Discussions: read Issues: read Metadata: read Models: read Packages: read Pages: read PullRequests: read RepositoryProjects: read SecurityEvents: read Statuses: read Secret source: None ,0.10660232838435231,0.05871544588387794,0.00017097774141890717,0.0023832592544714543,0.8321279887358795
infrastructure,configuration,configuration,False,0.7316079330394352,0.5337543666170257,checkstyle/checkstyle,Checker,check (methods-resource-fenum),Install Groovy,runtime.exit_code,ollama,0.855,False,feat_is_java=1; feat_kw_config_fail=1; feat_config_no_compile=1; feat_step_is_setup=1; feat_primary_is_runtime=1; feat_config_missing_file=1; feat_first_error_before_tests=1; feat_error_in_setup_step=1,ï»¿Current runner version: '2.333.1' Hosted Compute Agent Version: 20260213.493 Commit: <SHA> Build Date: Worker ID: {7193dacc-31ae-4af7-aae1-99e6d92927a3} Azure Region: westcentralus Ubuntu 24.04.4 LTS Image: ubuntu-24.04 Version: 20260413.86.1 Included Software: <url:github.com> Image Release: <url:github.com> Contents: read Metadata: read Packages: read Secret source: None Prepare workflow directory Prepare all required actions Getting action download info Download action repository 'actions/setup-java@v5' (SHA:<SHA>) Download action repository 'actions/checkout@v6' (SHA:<SHA>) Download act,0.19785356642240945,0.7316079330394352,0.00018998827117439849,0.05889756473161916,0.011450947535361862
configuration,infrastructure,infrastructure,False,0.6008563651196355,0.34187409170382527,pallets/click,pre-commit,main,Run uv run --locked --group pre-commit pre-commit run --show-diff-on-failure --color=always --all-files,infra.network.socket,ollama,0.855,False,feat_kw_config_fail=1; feat_config_no_compile=1; feat_primary_is_infra=1; feat_config_missing_file=1; feat_first_error_before_tests=1,ï»¿Current runner version: '2.331.0' Hosted Compute Agent Version: 20260123.484 Commit: <SHA> Build Date: Worker ID: {34cf3bdb-9d60-4eee-bc17-352b9dc6907b} Azure Region: westcentralus Ubuntu 24.04.3 LTS Image: ubuntu-24.04 Version: 20260209.23.1 Included Software: <url:github.com> Image Release: <url:github.com> Contents: read Metadata: read Packages: read Secret source: None Prepare workflow directory Prepare all required actions Getting action download info Download action repository 'actions/checkout@<SHA>' (SHA:<SHA>) Download action repository 'astral-sh/setup-uv@<SHA>' (SHA:<SHA>) Downlo,0.0864210198708614,0.053255936413298496,0.0004844051803943259,0.6008563651196355,0.2589822734158102
compilation,test_failure,test_failure,False,0.39589370280020797,0.017731320715683008,python-poetry/poetry,Tests,Status,Run false,runtime.exit_code,ollama,0.855,False,feat_primary_is_runtime=1; feat_first_error_before_tests=1,ï»¿Current runner version: '2.332.0' Hosted Compute Agent Version: 20260213.493 Commit: <SHA> Build Date: Worker ID: {d12e47b9-3bf7-434c-9d3f-4c52d0e5ebb3} Azure Region: northcentralus Ubuntu 24.04.3 LTS Image: ubuntu-24.04 Version: 20260302.42.1 Included Software: <url:github.com> Image Release: <url:github.com> Metadata: read Secret source: None Prepare workflow directory Prepare all required actions Complete job name: Status false shell: /usr/bin/bash --noprofile --norc -e -o pipefail {0} ##[error]Process completed with exit code 1. Cleaning up orphan processes,0.37816238208452496,0.20035463863182076,0.00018434143318934657,0.025404935050257028,0.39589370280020797
compilation,test_failure,test_failure,False,0.39589370280020797,0.017731320715683008,tiangolo/fastapi,pre-commit,pre-commit-alls-green,Decide whether the needed jobs succeeded or failed,runtime.exit_code,ollama,0.855,False,feat_primary_is_runtime=1; feat_first_error_before_tests=1,"""followers_url"": ""<url:api.github.com> ""following_url"": ""<url:api.github.com> ""gists_url"": ""<url:api.github.com> ""gravatar_id"": """", ""html_url"": ""<url:github.com> ""id"": 43058381, ""login"": ""mokshagnachintha"", ""node_id"": ""MDQ6VXNlcjQzMDU4Mzgx"", ""organizations_url"": ""<url:api.github.com> ""received_events_url"": ""<url:api.github.com> ""repos_url"": ""<url:api.github.com> ""site_admin"": false, ""starred_url"": ""<url:api.github.com> ""subscriptions_url"": ""<url:api.github.com> ""type"": ""User"", ""url"": ""<url:api.github.com> ""user_view_type"": ""public"" }, ""private"": false, ""pull_request_creation_policy"": ""all"", ""p",0.37816238208452496,0.20035463863182076,0.00018434143318934657,0.025404935050257028,0.39589370280020797
configuration,compilation,compilation,False,0.5513166612264826,0.22331911174760527,checkstyle/checkstyle,Check PR Description,Analyze,Do action,runtime.exit_code,ollama,0.95,False,feat_is_java=1; feat_primary_is_runtime=1; feat_first_error_before_tests=1,ï»¿Current runner version: '2.333.1' Hosted Compute Agent Version: 20260213.493 Commit: <SHA> Build Date: Worker ID: {e3a44f96-a6ca-4bba-ab17-6244c761b223} Azure Region: westus Ubuntu 24.04.4 LTS Image: ubuntu-24.04 Version: 20260329.72.1 Included Software: <url:github.com> Image Release: <url:github.com> Contents: read Metadata: read Packages: read Secret source: None Prepare workflow directory Prepare all required actions Getting action download info Download action repository 'actions/checkout@v6' (SHA:<SHA>) Complete job name: Analyze with: repository: checkstyle/checkstyle token: *** ssh-,0.5513166612264826,0.3279975494788773,0.0002389049518138468,0.03286963471101677,0.08757724963180934
configuration,compilation,compilation,False,0.5513166612264826,0.22331911174760527,checkstyle/checkstyle,Check PR Description,Analyze,Do action,runtime.exit_code,ollama,0.95,False,feat_is_java=1; feat_primary_is_runtime=1; feat_first_error_before_tests=1,ï»¿Current runner version: '2.333.1' Hosted Compute Agent Version: 20260213.493 Commit: <SHA> Build Date: Worker ID: {ee3286bd-3045-4859-a5e1-90c91b52c09b} Azure Region: westus3 Ubuntu 24.04.4 LTS Image: ubuntu-24.04 Version: 20260406.80.1 Included Software: <url:github.com> Image Release: <url:github.com> Contents: read Metadata: read Packages: read Secret source: None Prepare workflow directory Prepare all required actions Getting action download info Download action repository 'actions/checkout@v6' (SHA:<SHA>) Complete job name: Analyze with: repository: checkstyle/checkstyle token: *** ssh,0.5513166612264826,0.3279975494788773,0.0002389049518138468,0.03286963471101677,0.08757724963180934
compilation,test_failure,test_failure,False,0.6520210850977596,0.3587654146592933,fabric8io/kubernetes-client,Build,Java 17 Maven,Build Project,runtime.exit_code,ollama,0.855,False,feat_tests_ran=1; feat_num_tests_run=46; feat_build_duration=0.589; feat_fw_junit=1; feat_fw_gradle=1; feat_is_java=1; feat_step_is_compile=1; feat_primary_is_runtime=1; feat_first_error_after_tests_started=1; feat_error_in_compile_step=1; feat_error_in_test_step=1; feat_has_compile_task=1,[pom] [INFO] Kube API Test [jar] [INFO] Kube API Test - Client Injecting Support [jar] [INFO] Fabric8 :: Openshift :: Java Client API [jar] [INFO] Fabric8 :: Openshift :: Java Client [jar] [INFO] Fabric8 :: Kubernetes :: Extensions [pom] [INFO] Fabric8 :: Knative :: Extension [pom] [INFO] Fabric8 :: Knative :: Model [bundle] [INFO] Fabric8 :: Knative :: Client [bundle] [INFO] Fabric8 :: Knative :: Examples [jar] [INFO] Fabric8 :: Knative :: Tests [jar] [INFO] Fabric8 :: Tekton :: Extension [pom] [INFO] Fabric8 :: Tekton :: Model [bundle] [INFO] Fabric8 :: Tekton :: Client [bundle] [INFO] Fabri,0.2932556704384663,0.03549727705540805,0.00046001214509061995,0.01876595526327538,0.6520210850977596
compilation,test_failure,test_failure,False,0.39589370280020797,0.017731320715683008,pydantic/pydantic,CI,check,Decide whether the needed jobs succeeded or failed,runtime.exit_code,ollama,0.855,False,feat_primary_is_runtime=1; feat_first_error_before_tests=1,"ï»¿Current runner version: '2.333.1' Hosted Compute Agent Version: 20260213.493 Commit: <SHA> Build Date: Worker ID: {aac8d1e8-bcc9-4480-bdab-d09597bbcb6f} Azure Region: westus Ubuntu 24.04.4 LTS Image: ubuntu-24.04 Version: 20260406.80.1 Included Software: <url:github.com> Image Release: <url:github.com> Contents: read Metadata: read Secret source: Actions Prepare workflow directory Prepare all required actions Getting action download info Download action repository 're-actors/alls-green@<SHA>' (SHA:<SHA>) Complete job name: check with: jobs: { ""lint"": { ""result"": ""failure"", ""outputs"": {} }, ",0.37816238208452496,0.20035463863182076,0.00018434143318934657,0.025404935050257028,0.39589370280020797
configuration,compilation,compilation,False,0.4343184815803638,0.15147101405893748,benoitc/gunicorn,lint,3.12 / tox-(other),Check generated docs,runtime.exit_code,ollama,0.95,False,feat_primary_is_runtime=1; feat_first_error_before_tests=1; feat_has_dependency_install=1,ï»¿Current runner version: '2.332.0' Hosted Compute Agent Version: 20260213.493 Commit: <SHA> Build Date: Worker ID: {2ee50d09-3d3e-45d8-ba18-37f3229f3105} Azure Region: centralus Ubuntu 24.04.3 LTS Image: ubuntu-24.04 Version: 20260309.50.1 Included Software: <url:github.com> Image Release: <url:github.com> Contents: read Metadata: read Secret source: Actions Prepare workflow directory Prepare all required actions Getting action download info Download action repository 'actions/checkout@v6' (SHA:<SHA>) Download action repository 'actions/setup-python@v6' (SHA:<SHA>) Complete job name: 3.12 / ,0.4343184815803638,0.24071271267159447,0.00023307381832696146,0.0418882644082886,0.2828474675214263
infrastructure,test_failure,test_failure,False,0.8519423063153971,0.7353750007566866,apache/airflow,Tests,Low dep tests:core / All-core:LowestDeps:14:3.11:API...CLI,core:All Tests LowestDeps 14 Py3.11:API Always CLI,test.assertion,ollama,0.855,False,feat_primary_is_test=1,ï»¿Current runner version: '2.333.1' Hosted Compute Agent Version: 20260213.493 Commit: <SHA> Build Date: Worker ID: {379d59d1-067f-4459-b97e-9496befd786b} Azure Region: westus3 Ubuntu 22.04.5 LTS Image: ubuntu-22.04 Version: 20260413.88.1 Included Software: <url:github.com> Image Release: <url:github.com> Contents: read Metadata: read Secret source: None Prepare workflow directory Prepare all required actions Getting action download info Download action repository 'actions/checkout@<SHA>' (SHA:<SHA>) Uses: apache/airflow/.github/workflows/run-unit-tests.yml@refs/pull/65958/merge (<SHA>) runne,0.021910496881458817,0.009370104908797531,0.00020978633563600426,0.1165673055587105,0.8519423063153971
compilation,test_failure,test_failure,False,0.39589370280020797,0.017731320715683008,tiangolo/fastapi,Test Redistribute,test-redistribute-alls-green,Decide whether the needed jobs succeeded or failed,runtime.exit_code,ollama,0.855,False,feat_primary_is_runtime=1; feat_first_error_before_tests=1,"ï»¿Current runner version: '2.333.1' Hosted Compute Agent Version: 20260213.493 Commit: <SHA> Build Date: Worker ID: {65ed7a84-8c1b-40b6-b421-c94423b39c76} Azure Region: westus3 Ubuntu 24.04.4 LTS Image: ubuntu-24.04 Version: 20260406.80.1 Included Software: <url:github.com> Image Release: <url:github.com> Contents: read Metadata: read Packages: read Secret source: None Prepare workflow directory Prepare all required actions Getting action download info Download action repository 're-actors/alls-green@release/v1' (SHA:<SHA>) Complete job name: test-redistribute-alls-green with: jobs: { ""test-r",0.37816238208452496,0.20035463863182076,0.00018434143318934657,0.025404935050257028,0.39589370280020797
compilation,test_failure,test_failure,False,0.39589370280020797,0.017731320715683008,python-poetry/poetry,Tests,Status,Run false,runtime.exit_code,ollama,0.855,False,feat_primary_is_runtime=1; feat_first_error_before_tests=1,ï»¿Current runner version: '2.331.0' Hosted Compute Agent Version: 20260123.484 Commit: <SHA> Build Date: Worker ID: {2d267355-30a1-408b-96b1-574e22c0cdaf} Azure Region: westus Ubuntu 24.04.3 LTS Image: ubuntu-24.04 Version: 20260126.10.1 Included Software: <url:github.com> Image Release: <url:github.com> Metadata: read Secret source: None Prepare workflow directory Prepare all required actions Complete job name: Status false shell: /usr/bin/bash --noprofile --norc -e -o pipefail {0} ##[error]Process completed with exit code 1. Cleaning up orphan processes,0.37816238208452496,0.20035463863182076,0.00018434143318934657,0.025404935050257028,0.39589370280020797
configuration,test_failure,test_failure,False,0.9450637904113197,0.9228897823843677,PyCQA/isort,CI,"Tests (3.15, windows-latest)",Run tests,test.assertion,ollama,0.855,False,feat_primary_is_test=1; feat_first_error_before_tests=1,ï»¿Current runner version: '2.333.1' Hosted Compute Agent Version: 20260213.493 Commit: <SHA> Build Date: Worker ID: {8703b36e-48b6-41c8-8017-da5932d44f6c} Azure Region: westus3 Microsoft Windows Server 2025 10.0.26100 Datacenter Image: windows-2025 Version: 20260317.61.1 Included Software: <url:github.com> Image Release: <url:github.com> Contents: read Metadata: read Secret source: None Prepare workflow directory Prepare all required actions Getting action download info Download action repository 'actions/checkout@v6' (SHA:<SHA>) Download action repository 'actions/setup-python@v6' (SHA:<SHA>,0.022174008026952068,0.016115073662844415,0.0001318700673273755,0.016515257831556548,0.9450637904113197
compilation,test_failure,test_failure,False,0.39589370280020797,0.017731320715683008,python-poetry/poetry,Tests,Status,Run false,runtime.exit_code,ollama,0.855,False,feat_primary_is_runtime=1; feat_first_error_before_tests=1,ï»¿Current runner version: '2.331.0' Hosted Compute Agent Version: 20260123.484 Commit: <SHA> Build Date: Worker ID: {1283b73a-ec72-46b8-be35-7ff4aa39f420} Azure Region: eastus2 Ubuntu 24.04.3 LTS Image: ubuntu-24.04 Version: 20260126.10.1 Included Software: <url:github.com> Image Release: <url:github.com> Metadata: read Secret source: None Prepare workflow directory Prepare all required actions Complete job name: Status false shell: /usr/bin/bash --noprofile --norc -e -o pipefail {0} ##[error]Process completed with exit code 1. Cleaning up orphan processes,0.37816238208452496,0.20035463863182076,0.00018434143318934657,0.025404935050257028,0.39589370280020797
test_failure,compilation,compilation,False,0.6918889087118615,0.4499828110016005,tox-dev/tox,check,test 3.12 on macos-15,Run test suite,compile.symbol_resolution,ollama,0.855,False,feat_step_is_test=1; feat_primary_is_compile=1; feat_first_error_before_tests=1; feat_error_in_test_step=1,_set_env.py::test_set_env_default PASSED [ 57%] tests/config/test_set_env.py::test_set_env_self_key PASSED [ 57%] tests/config/test_set_env.py::test_set_env_other_env_set PASSED [ 57%] tests/config/test_set_env.py::test_set_env_other_env_default PASSED [ 57%] tests/config/test_set_env.py::test_set_env_delayed_eval PASSED [ 57%] tests/config/test_set_env.py::test_set_env_tty_on PASSED [ 57%] tests/config/test_set_env.py::test_set_env_tty_off PASSED [ 57%] tests/config/test_set_env.py::test_set_env_circular_use_os_environ PASSED [ 57%] tests/config/test_set_env.py::test_set_env_invalid_lines PAS,0.6918889087118615,0.03818164294606667,0.001400989984035894,0.026622360647775067,0.241906097710261
test_failure,compilation,compilation,False,0.6918889087118615,0.4499828110016005,tox-dev/tox,check,test 3.11 on ubuntu-24.04,Run test suite,compile.symbol_resolution,ollama,0.855,False,feat_step_is_test=1; feat_primary_is_compile=1; feat_first_error_before_tests=1; feat_error_in_test_step=1,et_env.py::test_set_env_default PASSED [ 56%] tests/config/test_set_env.py::test_set_env_self_key PASSED [ 56%] tests/config/test_set_env.py::test_set_env_other_env_set PASSED [ 56%] tests/config/test_set_env.py::test_set_env_other_env_default PASSED [ 56%] tests/config/test_set_env.py::test_set_env_delayed_eval PASSED [ 56%] tests/config/test_set_env.py::test_set_env_tty_on PASSED [ 56%] tests/config/test_set_env.py::test_set_env_tty_off PASSED [ 56%] tests/config/test_set_env.py::test_set_env_circular_use_os_environ PASSED [ 56%] tests/config/test_set_env.py::test_set_env_invalid_lines PASSE,0.6918889087118615,0.03818164294606667,0.001400989984035894,0.026622360647775067,0.241906097710261
infrastructure,compilation,compilation,False,0.527673877726214,0.21984706578223218,psf/requests,Tests,"build (pypy-3.10, macOS-latest)",Install dependencies,runtime.exit_code,ollama,0.72,False,feat_fw_pytest=1; feat_step_is_setup=1; feat_primary_is_runtime=1; feat_first_error_after_tests_started=1; feat_error_in_setup_step=1; feat_error_in_test_step=1; feat_has_dependency_install=1,ï»¿Current runner version: '2.331.0' Hosted Compute Agent Version: 20260123.484 Commit: <SHA> Build Date: Worker ID: {b7de8f55-ca41-4f54-848a-d07a89e9b1d8} Azure Region: westus macOS 15.7.3 24G419 Image: macos-15-arm64 Version: 20260127.0129.1 Included Software: <url:github.com> Image Release: <url:github.com> Contents: read Metadata: read Secret source: Actions Prepare workflow directory Prepare all required actions Getting action download info Download action repository 'actions/checkout@<SHA>' (SHA:<SHA>) Download action repository 'actions/setup-python@<SHA>' (SHA:<SHA>) Complete job name:,0.527673877726214,0.3078268119439818,0.0020813582330094743,0.05618675511262294,0.10623119698417183
compilation,test_failure,test_failure,False,0.39589370280020797,0.017731320715683008,aio-libs/aiobotocore,Claude Code,claude,Run anthropics/claude-code-action@df37d2f0760a4b5683a6e617c9325bc1a36443f6,runtime.exit_code,ollama,0.81,False,feat_primary_is_runtime=1; feat_first_error_before_tests=1,use_foundry: false use_sticky_comment: false classify_inline_comments: true use_commit_signing: false bot_id: 41898282 bot_name: claude[bot] track_progress: false include_fix_links: true display_report: false show_full_output: false with: bun-version: 1.3.6 token: *** no-cache: false Downloading a new version of Bun: <url:github.com> [command]/usr/bin/unzip -o -q /home/runner/work/_temp/f7cc5384-9ab1-428e-9977-013607995505.zip [command]/home/runner/.bun/bin/bun --revision 1.3.6+d530ed993 cd ${GITHUB_ACTION_PATH} bun install --production shell: /usr/bin/bash --noprofile --norc -e -o pipefail {0,0.37816238208452496,0.20035463863182076,0.00018434143318934657,0.025404935050257028,0.39589370280020797
compilation,test_failure,test_failure,False,0.39589370280020797,0.017731320715683008,astral-sh/ruff,CI,all required checks passed,Check required jobs passed,runtime.exit_code,ollama,0.855,False,feat_primary_is_runtime=1; feat_first_error_before_tests=1,"ï»¿Current runner version: '2.333.1' Hosted Compute Agent Version: 20260213.493 Commit: <SHA> Build Date: Worker ID: {5f1fbe84-7a00-452a-9740-b011b06453da} Azure Region: westus3 - OS: Linux (x64) - Source: Docker - Name: ubuntu:24.04 - Version: 20260413.54.1 Metadata: read Secret source: Actions Prepare workflow directory Prepare all required actions Complete job name: all required checks passed failing=$(echo ""$NEEDS_JSON"" | jq -r 'to_entries[] | select(.value.result != ""success"" and .value.result != ""skipped"") | ""\(.key): \(.value.result)""') if [ -n ""$failing"" ]; then echo ""$failing"" exit 1 ",0.37816238208452496,0.20035463863182076,0.00018434143318934657,0.025404935050257028,0.39589370280020797
configuration,compilation,compilation,False,0.9069282725323737,0.864486803249657,netty/netty,Build PR,linux-x86_64-java11-awslc build,Checking for test failures,compile.java_kotlin,ollama,0.81,False,feat_is_java=1; feat_step_is_test=1; feat_primary_is_compile=1; feat_error_in_test_step=1,"}, childGroup: MultiThreadIoEventLoopGroup, childOptions: {io.netty.channel.uring.IoUringChannelOption#IO_URING_BUFFER_GROUP_ID=0, ALLOCATOR=AdaptiveByteBufAllocator(directByDefault: true)})) + Bootstrap(BootstrapConfig(group: MultiThreadIoEventLoopGroup, channelFactory: ReflectiveChannelFactory(IoUringSocketChannel.class), options: {io.netty.channel.uring.IoUringChannelOption#IO_URING_BUFFER_GROUP_ID=0, ALLOCATOR=AdaptiveByteBufAllocator(directByDefault: true)}, resolver: io.netty.resolver.DefaultAddressResolverGroup@63a5e46c))) with AdaptiveByteBufAllocator 12:50:06.374 [testsuite-io_uring-g",0.9069282725323737,0.0170197704531604,0.0065883041804632074,0.027022183551285953,0.04244146928271679
compilation,test_failure,test_failure,False,0.4462507206611077,0.0788071520825695,pydantic/pydantic,CI,Test ubuntu-latest / 3.12,"Run uv run python -c ""import pydantic.version; print(pydantic.version.version_info())""",runtime.exit_code,ollama,0.81,False,feat_fw_pytest=1; feat_kw_config_fail=1; feat_config_no_compile=1; feat_primary_is_runtime=1; feat_config_missing_file=1; feat_first_error_after_tests_started=1; feat_error_in_test_step=1,ï»¿Current runner version: '2.332.0' Hosted Compute Agent Version: 20260213.493 Commit: <SHA> Build Date: Worker ID: {460ec931-34a3-46d5-9958-9c01ccb5d379} Azure Region: northcentralus Ubuntu 24.04.3 LTS Image: ubuntu-24.04 Version: 20260309.50.1 Included Software: <url:github.com> Image Release: <url:github.com> Actions: write ArtifactMetadata: write Attestations: write Checks: write Contents: write Deployments: write Discussions: write Issues: write Metadata: read Models: read Packages: write Pages: write PullRequests: write RepositoryProjects: write SecurityEvents: write Statuses: write Sec,0.3674435685785382,0.15843637595321236,0.0015919532420832837,0.026277381565058523,0.4462507206611077
compilation,configuration,configuration,False,0.9716235010857448,0.9491076004556074,apache/camel-quarkus,Camel Quarkus CI,initial-mvn-install,mvn clean install -DskipTests,dep.not_found,ollama,0.855,False,feat_fw_junit=1; feat_is_java=1; feat_step_is_setup=1; feat_primary_is_config=1; feat_first_error_after_tests_started=1; feat_error_in_setup_step=1; feat_error_in_test_step=1; feat_has_compile_task=1,fit :: Runtime [jar] [INFO] Camel Quarkus :: Support :: Retrofit :: Deployment [jar] [INFO] Camel Quarkus :: Support :: Consul Client [pom] [INFO] Camel Quarkus :: Support :: Consul Client :: Runtime [jar] [INFO] Camel Quarkus :: Support :: Consul Client :: Deployment [jar] [INFO] Camel Quarkus :: Support :: Debezium [pom] [INFO] Camel Quarkus :: Support :: Debezium :: Runtime [jar] [INFO] Camel Quarkus :: Support :: Debezium :: Deployment [jar] [INFO] Camel Quarkus :: Support :: DSL [pom] [INFO] Camel Quarkus :: Support :: DSL :: Runtime [jar] [INFO] Camel Quarkus :: Support :: DSL :: Deploym,0.022515900630137364,0.9716235010857448,0.0003171778252510435,0.002063038890068353,0.003480381568798577
compilation,test_failure,test_failure,False,0.39589370280020797,0.017731320715683008,astral-sh/ruff,CI,all required checks passed,Check required jobs passed,runtime.exit_code,ollama,0.855,False,feat_primary_is_runtime=1; feat_first_error_before_tests=1,"ï»¿Current runner version: '2.333.1' Hosted Compute Agent Version: 20260213.493 Commit: <SHA> Build Date: Worker ID: {b7fece85-db02-4c1b-a2e4-63952dc6c780} Azure Region: westus3 - OS: Linux (x64) - Source: Docker - Name: ubuntu:24.04 - Version: 20260413.54.1 Metadata: read Secret source: Actions Prepare workflow directory Prepare all required actions Complete job name: all required checks passed failing=$(echo ""$NEEDS_JSON"" | jq -r 'to_entries[] | select(.value.result != ""success"" and .value.result != ""skipped"") | ""\(.key): \(.value.result)""') if [ -n ""$failing"" ]; then echo ""$failing"" exit 1 ",0.37816238208452496,0.20035463863182076,0.00018434143318934657,0.025404935050257028,0.39589370280020797
configuration,compilation,compilation,False,0.8861484427468055,0.8063327294471253,ben-manes/caffeine,Static analysis for Java,Spotbugs,Spotbugs,compile.java_kotlin,ollama,0.81,False,feat_fw_gradle=1; feat_is_java=1; feat_primary_is_compile=1; feat_first_error_before_tests=1,ï»¿Current runner version: '2.333.1' Hosted Compute Agent Version: 20260213.493 Commit: <SHA> Build Date: Worker ID: {0c7fcefd-2947-43a4-ba95-b170e336417f} Azure Region: northcentralus Ubuntu 24.04.4 LTS Image: ubuntu-24.04 Version: 20260413.86.1 Included Software: <url:github.com> Image Release: <url:github.com> Actions: read Contents: read Metadata: read SecurityEvents: write Secret source: Actions Prepare workflow directory Prepare all required actions Getting action download info Download action repository 'step-security/harden-runner@<SHA>' (SHA:<SHA>) Download action repository 'actions/,0.8861484427468055,0.015022829510738776,0.0001511746971295876,0.0798157132996802,0.018861839745646113
compilation,configuration,configuration,False,0.6088294165075723,0.25195933077622223,pydantic/pydantic,CI,core / Build PGO-optimized on windows / 3.10,Build PGO wheel,runtime.exit_code,ollama,0.855,False,feat_kw_config_fail=1; feat_config_no_compile=1; feat_step_is_compile=1; feat_primary_is_runtime=1; feat_config_auth_permission=1; feat_first_error_before_tests=1; feat_error_in_compile_step=1; feat_error_in_setup_step=1; feat_has_compile_task=1; feat_has_dependency_install=1; feat_config_strong_only=1,"COLUMNS: 150 UV_FROZEN: true FORCE_COLOR: 1 UV_TOOL_BIN_DIR: D:\a\_temp\uv-tool-bin-dir UV_TOOL_DIR: D:\a\_temp\uv-tool-dir UV_PYTHON_INSTALL_DIR: D:\a\_temp\uv-python-dir UV_PYTHON: 3.10 UV_CACHE_DIR: D:\a\_temp\setup-uv-cache CARGO_HOME: C:\Users\runneradmin\.cargo CARGO_INCREMENTAL: 0 : enable Cargo sparse registry # implemented in 1.66, stabilized in 1.68, made default in 1.70 if [ -z ""${CARGO_REGISTRIES_CRATES_IO_PROTOCOL+set}"" -o -f ""D:\a\_temp""/.implicit_cargo_registries_crates_io_protocol ]; then if rustc +stable --version --verbose | grep -q '^release: 1\.6[89]\.'; then touch ""D:\a\_t",0.35687008573135004,0.6088294165075723,1.7955707929321833e-05,0.0026982971503020526,0.03158424490284638
configuration,test_failure,test_failure,False,0.5666712594670329,0.20890234956932563,netty/netty,Build PR,windows-x86_64-java25-boringssl,Build project,test.framework_failures,ollama,0.855,False,feat_is_java=1; feat_step_is_compile=1; feat_primary_is_test=1; feat_first_error_before_tests=1; feat_error_in_compile_step=1; feat_has_compile_task=1,ï»¿Current runner version: '2.333.1' Hosted Compute Agent Version: 20260213.493 Commit: <SHA> Build Date: Worker ID: {01a24d6d-3025-4d35-bfa1-33d995f9c2ba} Azure Region: westus3 Microsoft Windows Server 2022 10.0.20348 Datacenter Image: windows-2022 Version: 20260413.111.1 Included Software: <url:github.com> Image Release: <url:github.com> Contents: read Metadata: read Secret source: Actions Prepare workflow directory Prepare all required actions Getting action download info Download action repository 'actions/checkout@v4' (SHA:<SHA>) Download action repository 'actions/setup-java@v4' (SHA:<SH,0.35776890989770727,0.054211577625376414,0.0002241991431883237,0.021124053866695146,0.5666712594670329
configuration,test_failure,test_failure,False,0.39589370280020797,0.017731320715683008,pypa/setuptools,tests,check,Decide whether the needed jobs succeeded or failed,runtime.exit_code,ollama,0.85,False,feat_primary_is_runtime=1; feat_first_error_before_tests=1,"ï»¿Current runner version: '2.331.0' Hosted Compute Agent Version: 20260123.484 Commit: <SHA> Build Date: Worker ID: {cc1c7359-1137-4c70-98b4-2f2d170ae9d8} Azure Region: eastus2 Ubuntu 24.04.3 LTS Image: ubuntu-24.04 Version: 20260201.15.1 Included Software: <url:github.com> Image Release: <url:github.com> Contents: read Metadata: read Secret source: Actions Prepare workflow directory Prepare all required actions Getting action download info Download action repository 're-actors/alls-green@release/v1' (SHA:<SHA>) Complete job name: check with: allowed-skips: check-changed-folders, integration-",0.37816238208452496,0.20035463863182076,0.00018434143318934657,0.025404935050257028,0.39589370280020797
configuration,test_failure,test_failure,False,0.39589370280020797,0.017731320715683008,psf/black,changelog,check,Grep CHANGES.md for PR number,runtime.exit_code,ollama,0.95,False,feat_primary_is_runtime=1; feat_first_error_before_tests=1,ï»¿Current runner version: '2.331.0' Hosted Compute Agent Version: 20260123.484 Commit: <SHA> Build Date: Worker ID: {296aefaf-b277-471c-b0ae-8f134e97b003} Azure Region: eastus2 Ubuntu 24.04.3 LTS Image: ubuntu-24.04 Version: 20260201.15.1 Included Software: <url:github.com> Image Release: <url:github.com> Contents: read Metadata: read Secret source: None Prepare workflow directory Prepare all required actions Getting action download info Download action repository 'actions/checkout@<SHA>' (SHA:<SHA>) Complete job name: check with: persist-credentials: false repository: psf/black token: *** ss,0.37816238208452496,0.20035463863182076,0.00018434143318934657,0.025404935050257028,0.39589370280020797
compilation,test_failure,test_failure,False,0.8519423063153971,0.7353750007566866,apache/airflow,Tests,Low dep tests: providers / All-prov:LowestDeps:14:3.10:databricks,providers:All Tests LowestDeps 14 Py3.10:Providers[databricks],test.assertion,ollama,0.855,False,feat_primary_is_test=1,ï»¿Current runner version: '2.333.1' Hosted Compute Agent Version: 20260213.493 Commit: <SHA> Build Date: Worker ID: {53d02eae-2918-481c-95cb-aee04affe0ce} Azure Region: westus3 Ubuntu 22.04.5 LTS Image: ubuntu-22.04 Version: 20260413.88.1 Included Software: <url:github.com> Image Release: <url:github.com> Contents: read Metadata: read Secret source: None Prepare workflow directory Prepare all required actions Getting action download info Download action repository 'actions/checkout@<SHA>' (SHA:<SHA>) Uses: apache/airflow/.github/workflows/run-unit-tests.yml@refs/pull/65877/merge (<SHA>) runne,0.021910496881458817,0.009370104908797531,0.00020978633563600426,0.1165673055587105,0.8519423063153971
compilation,test_failure,test_failure,False,0.961830376345349,0.9325334551428811,python/mypy,Tests,Test suite with py314-windows-64,Test,test.framework_failures,ollama,0.855,False,feat_kw_compile_fail=1; feat_kw_test_assert=1; feat_compile_no_tests=1; feat_step_is_test=1; feat_primary_is_test=1; feat_first_error_before_tests=1; feat_error_in_test_step=1,........................................................................ [ 29%] ........................................................................ [ 30%] ........................................................................ [ 30%] ..s..................................................................... [ 31%] ........................................................................ [ 31%] ........................................................................ [ 32%] ........................................................................ [ 32%] ........................................,0.029296921202467845,0.005021109709957734,0.00016629826340402296,0.003685294478821387,0.961830376345349
compilation,test_failure,test_failure,False,0.39589370280020797,0.017731320715683008,pytest-dev/pytest,test,check,Decide whether the needed jobs succeeded or failed,runtime.exit_code,ollama,0.855,False,feat_primary_is_runtime=1; feat_first_error_before_tests=1,"ï»¿Current runner version: '2.331.0' Hosted Compute Agent Version: 20260123.484 Commit: <SHA> Build Date: Worker ID: {ab2ae0dd-f39a-4c68-9e76-a0bdc9ef0128} Azure Region: eastus Ubuntu 24.04.3 LTS Image: ubuntu-24.04 Version: 20260201.15.1 Included Software: <url:github.com> Image Release: <url:github.com> Metadata: read Secret source: None Prepare workflow directory Prepare all required actions Getting action download info Download action repository 're-actors/alls-green@<SHA>' (SHA:<SHA>) Complete job name: check with: jobs: { ""build"": { ""result"": ""failure"", ""outputs"": {} } } allowed-failures",0.37816238208452496,0.20035463863182076,0.00018434143318934657,0.025404935050257028,0.39589370280020797
infrastructure,compilation,compilation,False,0.7902344489172249,0.6390239621273373,apache/airflow,Tests,Low dep tests: providers / All-prov:LowestDeps:14:3.10:sendgrid...zendesk,providers:All Tests LowestDeps 14 Py3.10:Providers[sendgrid] Providers[sftp] Providers[singularity] Providers[slack] Providers[smtp] Providers[snowflake] Providers[sqlite] Providers[ssh] Providers[standard] Providers[tableau] Providers[telegram] Providers[teradata] Providers[trino] Providers[vertica] Providers[vespa] Providers[weaviate] Providers[yandex] Providers[ydb] Providers[zendesk],compile.symbol_resolution,ollama,0.855,False,feat_primary_is_compile=1,ï»¿Current runner version: '2.333.1' Hosted Compute Agent Version: 20260213.493 Commit: <SHA> Build Date: Worker ID: {9d1241dd-4e2a-4c2a-950d-b02c7ee53d5c} Azure Region: northcentralus Ubuntu 22.04.5 LTS Image: ubuntu-22.04 Version: 20260413.88.1 Included Software: <url:github.com> Image Release: <url:github.com> Contents: read Metadata: read Secret source: None Prepare workflow directory Prepare all required actions Getting action download info Download action repository 'actions/checkout@<SHA>' (SHA:<SHA>) Uses: apache/airflow/.github/workflows/run-unit-tests.yml@refs/pull/65783/merge (<SHA>,0.7902344489172249,0.006763685626797783,0.00016776778568246788,0.15121048678988774,0.05162361088040705
infrastructure,test_failure,test_failure,False,0.8519423063153971,0.7353750007566866,apache/airflow,Tests,Special tests / Min SQLAlchemy test: core / DB-core:MinSQLAlchemy-Postgres:14:3.10:Core...Serialization,core:DB Tests MinSQLAlchemy-Postgres 14 Py3.10:Core Other Serialization,test.assertion,ollama,0.855,False,feat_primary_is_test=1,ï»¿Current runner version: '2.333.1' Hosted Compute Agent Version: 20260213.493 Commit: <SHA> Build Date: Worker ID: {326b9871-d374-418e-97d7-4801a5fea191} Azure Region: eastus Ubuntu 22.04.5 LTS Image: ubuntu-22.04 Version: 20260413.88.1 Included Software: <url:github.com> Image Release: <url:github.com> Contents: read Metadata: read Secret source: None Prepare workflow directory Prepare all required actions Getting action download info Download action repository 'actions/checkout@<SHA>' (SHA:<SHA>) Uses: apache/airflow/.github/workflows/run-unit-tests.yml@refs/pull/66008/merge (<SHA>) runner,0.021910496881458817,0.009370104908797531,0.00020978633563600426,0.1165673055587105,0.8519423063153971
test_failure,compilation,compilation,False,0.9136224586960527,0.8367686356285791,pypa/pipenv,CI,Windows / 3.13,Run tests,compile.symbol_resolution,ollama,0.855,False,feat_fw_pytest=1; feat_primary_is_compile=1; feat_first_error_after_tests_started=1; feat_error_in_test_step=1; feat_has_dependency_install=1,"Collecting wheel Downloading wheel-0.46.3-py3-none-any.whl.metadata (2.4 kB) Collecting packaging>=24.0 (from wheel) Downloading packaging-26.0-py3-none-any.whl.metadata (3.3 kB) Downloading setuptools-82.0.1-py3-none-any.whl (1.0 MB) ---------------------------------------- 1.0/1.0 MB 7.6 MB/s 0:00:00 Downloading wheel-0.46.3-py3-none-any.whl (30 kB) Downloading packaging-26.0-py3-none-any.whl (74 kB) Installing collected packages: setuptools, packaging, wheel Successfully installed packaging-26.0 setuptools-82.0.1 wheel-0.46.3 git submodule sync git submodule update --init --recursive python",0.9136224586960527,0.0062614901774446985,0.0005364745827162776,0.002725753476312528,0.07685382306747371
configuration,test_failure,test_failure,False,0.43528491258847196,0.07904990104792692,pypa/pipenv,CI,Ruff,Run ruff check --output-format=github .,runtime.exit_code,ollama,0.95,False,feat_step_is_lint=1; feat_primary_is_runtime=1; feat_first_error_before_tests=1; feat_error_in_lint_step=1; feat_has_dependency_install=1,ï»¿Current runner version: '2.333.0' Hosted Compute Agent Version: 20260213.493 Commit: <SHA> Build Date: Worker ID: {91257d9a-afbd-4a05-83d0-9e3c0997c2db} Azure Region: westus Ubuntu 24.04.4 LTS Image: ubuntu-24.04 Version: 20260323.65.1 Included Software: <url:github.com> Image Release: <url:github.com> Contents: read Metadata: read Secret source: Actions Prepare workflow directory Prepare all required actions Getting action download info Download action repository 'actions/checkout@v4' (SHA:<SHA>) Complete job name: Ruff with: repository: pypa/pipenv token: *** ssh-strict: true ssh-user: gi,0.35623501154054504,0.17092794364571534,0.00020779061664597375,0.037344341608621705,0.43528491258847196
compilation,test_failure,test_failure,False,0.39589370280020797,0.017731320715683008,tiangolo/fastapi,Test Redistribute,test-redistribute-alls-green,Decide whether the needed jobs succeeded or failed,runtime.exit_code,ollama,0.855,False,feat_primary_is_runtime=1; feat_first_error_before_tests=1,"ï»¿Current runner version: '2.333.1' Hosted Compute Agent Version: 20260213.493 Commit: <SHA> Build Date: Worker ID: {d5717626-73ae-4b08-b927-1714ced85441} Azure Region: westus3 Ubuntu 24.04.4 LTS Image: ubuntu-24.04 Version: 20260406.80.1 Included Software: <url:github.com> Image Release: <url:github.com> Contents: read Metadata: read Packages: read Secret source: None Prepare workflow directory Prepare all required actions Getting action download info Download action repository 're-actors/alls-green@release/v1' (SHA:<SHA>) Complete job name: test-redistribute-alls-green with: jobs: { ""test-r",0.37816238208452496,0.20035463863182076,0.00018434143318934657,0.025404935050257028,0.39589370280020797
compilation,configuration,configuration,False,0.5108963735889769,0.0867106351401602,tox-dev/tox,check,test 3.12 on windows-2025,Install tox@self,runtime.exit_code,ollama,0.81,False,feat_kw_config_fail=1; feat_config_no_compile=1; feat_step_is_setup=1; feat_primary_is_runtime=1; feat_config_missing_file=1; feat_first_error_before_tests=1; feat_error_in_setup_step=1,* [new tag] 4.46.3 -> 4.46.3 * [new tag] 4.47.0 -> 4.47.0 * [new tag] 4.47.1 -> 4.47.1 * [new tag] 4.47.2 -> 4.47.2 * [new tag] 4.47.3 -> 4.47.3 * [new tag] 4.48.0 -> 4.48.0 * [new tag] 4.48.1 -> 4.48.1 * [new tag] 4.49.0 -> 4.49.0 * [new tag] 4.49.1 -> 4.49.1 * [new tag] 4.5.0 -> 4.5.0 * [new tag] 4.5.1 -> 4.5.1 * [new tag] 4.5.1.1 -> 4.5.1.1 * [new tag] 4.5.2 -> 4.5.2 * [new tag] 4.50.0 -> 4.50.0 * [new tag] 4.50.1 -> 4.50.1 * [new tag] 4.50.2 -> 4.50.2 * [new tag] 4.50.3 -> 4.50.3 * [new tag] 4.51.0 -> 4.51.0 * [new tag] 4.52.0 -> 4.52.0 * [new tag] 4.6.0 -> 4.6.0 * [new tag] 4.6.1 -> 4.6.1,0.4241857384488167,0.5108963735889769,0.00018558233350377516,0.019575947029945556,0.045156358598757156
test_failure,compilation,compilation,False,0.5302747820138275,0.21091555709551135,python/mypy,Tests,Formatting and code style with Black + ruff,Test,runtime.exit_code,ollama,0.81,False,feat_step_is_test=1; feat_primary_is_runtime=1; feat_first_error_before_tests=1; feat_error_in_test_step=1; feat_has_compile_task=1; feat_has_dependency_install=1,irectory Prepare all required actions Getting action download info Download action repository 'actions/checkout@v4' (SHA:<SHA>) Download action repository 'actions/setup-python@v5' (SHA:<SHA>) Download action repository 'PyO3/maturin-action@v1' (SHA:<SHA>) Complete job name: Formatting and code style with Black + ruff with: persist-credentials: false repository: python/mypy token: *** ssh-strict: true ssh-user: git clean: true sparse-checkout-cone-mode: true fetch-depth: 1 fetch-tags: false show-progress: true lfs: false submodules: false set-safe-directory: true env: TOX_SKIP_MISSING_INTERPRE,0.5302747820138275,0.13767731727501584,0.00038597886008031603,0.012302696932760121,0.31935922491831614
configuration,test_failure,test_failure,False,0.39589370280020797,0.017731320715683008,aio-libs/aiohttp,CI,check,Trigger codecov notification,runtime.exit_code,ollama,0.95,False,feat_primary_is_runtime=1; feat_first_error_before_tests=1,ï»¿Current runner version: '2.333.1' Hosted Compute Agent Version: 20260213.493 Commit: <SHA> Build Date: Worker ID: {675a81b3-9dee-4349-a32a-e9c357708271} Azure Region: eastus Ubuntu 24.04.4 LTS Image: ubuntu-24.04 Version: 20260413.86.1 Included Software: <url:github.com> Image Release: <url:github.com> Metadata: read Secret source: Dependabot Prepare workflow directory Prepare all required actions Getting action download info Download action repository 're-actors/alls-green@release/v1' (SHA:<SHA>) Download action repository 'codecov/codecov-action@v6' (SHA:<SHA>) Getting action download inf,0.37816238208452496,0.20035463863182076,0.00018434143318934657,0.025404935050257028,0.39589370280020797
infrastructure,compilation,compilation,False,0.8861484427468055,0.8063327294471253,ben-manes/caffeine,Static analysis for Java,Eclipse Compiler for Java,ECJ,compile.java_kotlin,ollama,0.81,False,feat_fw_gradle=1; feat_is_java=1; feat_primary_is_compile=1; feat_first_error_before_tests=1,ï»¿Current runner version: '2.333.1' Hosted Compute Agent Version: 20260213.493 Commit: <SHA> Build Date: Worker ID: {7a1d500b-a3c7-4caa-a696-f0f2e99d0f59} Azure Region: westus Ubuntu 24.04.4 LTS Image: ubuntu-24.04 Version: 20260413.86.1 Included Software: <url:github.com> Image Release: <url:github.com> Contents: read Metadata: read Secret source: Actions Prepare workflow directory Prepare all required actions Getting action download info Download action repository 'step-security/harden-runner@<SHA>' (SHA:<SHA>) Download action repository 'actions/checkout@<SHA>' (SHA:<SHA>) Complete job nam,0.8861484427468055,0.015022829510738776,0.0001511746971295876,0.0798157132996802,0.018861839745646113
compilation,configuration,configuration,False,0.5251233326920728,0.07572674067418722,tox-dev/tox,check,tox env pkg_meta on ubuntu-24.04,Setup check suite,runtime.exit_code,ollama,0.81,False,feat_kw_config_fail=1; feat_config_no_compile=1; feat_step_is_setup=1; feat_primary_is_runtime=1; feat_config_missing_file=1; feat_first_error_before_tests=1; feat_error_in_setup_step=1; feat_has_compile_task=1; feat_has_dependency_install=1,"o create a new branch to retain commits you create, you may do so (now or later) by using -c with the switch command. Example: git switch -c <new-branch-name> Or undo this operation with: git switch - Turn off this advice by setting config variable advice.detachedHead to false HEAD is now at b02b1dca Merge <SHA> into <SHA> [command]/usr/bin/git log -1 --format=%H <SHA> with: enable-cache: true cache-dependency-glob: pyproject.toml github-token: *** activate-environment: false working-directory: /home/runner/work/tox/tox restore-cache: true save-cache: true prune-cache: true cache-python: false",0.44939659201788557,0.5251233326920728,5.4575410768168766e-05,0.008239305509605093,0.01718619436966833
test_failure,compilation,compilation,False,0.7892902566654318,0.5897231100200437,pypa/pipenv,CI,Windows / 3.12,Run tests,compile.symbol_resolution,ollama,0.855,False,feat_fw_pytest=1; feat_kw_test_assert=1; feat_primary_is_compile=1; feat_first_error_after_tests_started=1; feat_error_in_test_step=1; feat_has_dependency_install=1,"Collecting setuptools Downloading setuptools-82.0.1-py3-none-any.whl.metadata (6.5 kB) Collecting wheel Downloading wheel-0.46.3-py3-none-any.whl.metadata (2.4 kB) Requirement already satisfied: packaging>=24.0 in C:\hostedtoolcache\windows\Python\3.12.10\x64\Lib\site-packages (from wheel) (26.0) Downloading setuptools-82.0.1-py3-none-any.whl (1.0 MB) ---------------------------------------- 1.0/1.0 MB 15.8 MB/s 0:00:00 Downloading wheel-0.46.3-py3-none-any.whl (30 kB) Installing collected packages: wheel, setuptools Successfully installed setuptools-82.0.1 wheel-0.46.3 git submodule sync git ",0.7892902566654318,0.007325842490103176,0.000627666606757682,0.003189087592319093,0.19956714664538808
configuration,compilation,compilation,False,0.4343184815803638,0.15147101405893748,benoitc/gunicorn,lint,3.12 / tox-(other),Check generated docs,runtime.exit_code,ollama,0.95,False,feat_primary_is_runtime=1; feat_first_error_before_tests=1; feat_has_dependency_install=1,ï»¿Current runner version: '2.332.0' Hosted Compute Agent Version: 20260213.493 Commit: <SHA> Build Date: Worker ID: {3a426155-3779-4806-b226-4613b176a212} Azure Region: westcentralus Ubuntu 24.04.3 LTS Image: ubuntu-24.04 Version: 20260309.50.1 Included Software: <url:github.com> Image Release: <url:github.com> Contents: read Metadata: read Secret source: Actions Prepare workflow directory Prepare all required actions Getting action download info Download action repository 'actions/checkout@v6' (SHA:<SHA>) Download action repository 'actions/setup-python@v6' (SHA:<SHA>) Complete job name: 3.1,0.4343184815803638,0.24071271267159447,0.00023307381832696146,0.0418882644082886,0.2828474675214263
test_failure,infrastructure,infrastructure,False,0.6008563651196355,0.34187409170382527,pallets/click,pre-commit,main,Run uv run --locked --group pre-commit pre-commit run --show-diff-on-failure --color=always --all-files,infra.network.socket,ollama,0.855,False,feat_kw_config_fail=1; feat_config_no_compile=1; feat_primary_is_infra=1; feat_config_missing_file=1; feat_first_error_before_tests=1,ï»¿Current runner version: '2.332.0' Hosted Compute Agent Version: 20260213.493 Commit: <SHA> Build Date: Worker ID: {5afd908e-5a83-4e16-9a2d-65edce44cd31} Azure Region: eastus2 Ubuntu 24.04.3 LTS Image: ubuntu-24.04 Version: 20260309.50.1 Included Software: <url:github.com> Image Release: <url:github.com> Contents: read Metadata: read Packages: read Secret source: None Prepare workflow directory Prepare all required actions Getting action download info Download action repository 'actions/checkout@<SHA>' (SHA:<SHA>) Download action repository 'astral-sh/setup-uv@<SHA>' (SHA:<SHA>) Download act,0.0864210198708614,0.053255936413298496,0.0004844051803943259,0.6008563651196355,0.2589822734158102
infrastructure,compilation,compilation,False,0.9482172916083671,0.922484979910469,opensearch-project/OpenSearch,Gradle Check (Jenkins),gradle-check,Trigger jenkins workflow to run gradle check,compile.syntax,ollama,0.855,False,feat_fw_gradle=1; feat_is_java=1; feat_kw_compile_fail=1; feat_kw_flaky=1; feat_kw_config_fail=1; feat_compile_no_tests=1; feat_compile_with_config=1; feat_step_is_compile=1; feat_primary_is_compile=1; feat_compile_python_syntax=1; feat_config_auth_permission=1; feat_first_error_before_tests=1; feat_error_in_compile_step=1; feat_compile_over_config_guard=1,ï»¿Current runner version: '2.334.0' Hosted Compute Agent Version: 20260213.493 Commit: <SHA> Build Date: Worker ID: {6222ecd2-08d3-4352-812b-a7312bd48efd} Azure Region: westcentralus Ubuntu 24.04.4 LTS Image: ubuntu-24.04 Version: 20260413.86.1 Included Software: <url:github.com> Image Release: <url:github.com> Contents: read Issues: write Metadata: read PullRequests: write Secret source: Actions Prepare workflow directory Prepare all required actions Getting action download info Download action repository 'actions/checkout@v6' (SHA:<SHA>) Download action repository 'actions/github-script@v8',0.9482172916083671,0.01950528445555795,0.00018960752782778222,0.025732311697898136,0.006355504710349088
test_failure,compilation,compilation,False,0.5961217768970205,0.3131743096444433,hibernate/hibernate-orm,GH Actions CI reporting,Publish Develocity build scans,Publish Develocity build scans for previous builds,runtime.exit_code,ollama,0.855,False,feat_build_duration=93; feat_fw_gradle=1; feat_is_java=1; feat_kw_compile_fail=1; feat_compile_no_tests=1; feat_step_is_compile=1; feat_primary_is_runtime=1; feat_compile_build_task=1; feat_first_error_before_tests=1; feat_error_in_compile_step=1; feat_has_compile_task=1; feat_compile_over_config_guard=1,"<url:github.com> || :"" Removing includeIf entries pointing to credentials config files [command]/usr/bin/git config --local --name-only --get-regexp ^includeIf\.gitdir: includeif.gitdir:/home/runner/work/hibernate-orm/hibernate-orm/.git.path includeif.gitdir:/home/runner/work/hibernate-orm/hibernate-orm/.git/worktrees/*.path includeif.gitdir:/github/workspace/.git.path includeif.gitdir:/github/workspace/.git/worktrees/*.path [command]/usr/bin/git config --local --get-all includeif.gitdir:/home/runner/work/hibernate-orm/hibernate-orm/.git.path /home/runner/work/_temp/git-credentials-3faf5da5-95",0.5961217768970205,0.2829474672525772,6.298502200093564e-05,0.014042033839386639,0.10682573698901472
compilation,test_failure,test_failure,False,0.9450637904113197,0.9228897823843677,aio-libs/aiobotocore,CI/CD,test / Test Python 3.10 on ubuntu-24.04-arm,Run unittests,test.assertion,ollama,0.855,False,feat_primary_is_test=1; feat_first_error_before_tests=1,ï»¿Current runner version: '2.332.0' Hosted Compute Agent Version: 20260123.484 Commit: <SHA> Build Date: Worker ID: {64a23fe5-dcc8-4152-a815-76b3d3ca9ae8} Azure Region: westus2 - OS: Linux (arm64) - Source: Partner - Name: Ubuntu 24.04 by Arm Limited - Version: 20260209.54.1 - Included Software: <url:github.com> Metadata: read Secret source: None Prepare workflow directory Prepare all required actions Getting action download info Download action repository 'actions/checkout@<SHA>' (SHA:<SHA>) Download action repository 'astral-sh/setup-uv@<SHA>' (SHA:<SHA>) Download action repository 'codecov,0.022174008026952068,0.016115073662844415,0.0001318700673273755,0.016515257831556548,0.9450637904113197
test_failure,compilation,compilation,False,0.4343184815803638,0.15147101405893748,benoitc/gunicorn,lint,3.12 / tox-(other),Check generated docs,runtime.exit_code,ollama,0.81,False,feat_primary_is_runtime=1; feat_first_error_before_tests=1; feat_has_dependency_install=1,ï»¿Current runner version: '2.331.0' Hosted Compute Agent Version: 20260123.484 Commit: <SHA> Build Date: Worker ID: {3082cbdf-f99d-4d9e-b663-0685800fe285} Azure Region: westus Ubuntu 24.04.3 LTS Image: ubuntu-24.04 Version: 20260126.10.1 Included Software: <url:github.com> Image Release: <url:github.com> Contents: read Metadata: read Secret source: Actions Prepare workflow directory Prepare all required actions Getting action download info Download action repository 'actions/checkout@v6' (SHA:<SHA>) Download action repository 'actions/setup-python@v6' (SHA:<SHA>) Complete job name: 3.12 / tox,0.4343184815803638,0.24071271267159447,0.00023307381832696146,0.0418882644082886,0.2828474675214263
configuration,compilation,compilation,False,0.5513166612264826,0.22331911174760527,checkstyle/checkstyle,Check PR Description,Analyze,Do action,runtime.exit_code,ollama,0.95,False,feat_is_java=1; feat_primary_is_runtime=1; feat_first_error_before_tests=1,ï»¿Current runner version: '2.333.1' Hosted Compute Agent Version: 20260213.493 Commit: <SHA> Build Date: Worker ID: {9fa4b68d-7f7d-44c4-baae-7efe730fd6b2} Azure Region: northcentralus Ubuntu 24.04.4 LTS Image: ubuntu-24.04 Version: 20260406.80.1 Included Software: <url:github.com> Image Release: <url:github.com> Contents: read Metadata: read Packages: read Secret source: None Prepare workflow directory Prepare all required actions Getting action download info Download action repository 'actions/checkout@v6' (SHA:<SHA>) Complete job name: Analyze with: repository: checkstyle/checkstyle token: ,0.5513166612264826,0.3279975494788773,0.0002389049518138468,0.03286963471101677,0.08757724963180934
configuration,test_failure,test_failure,False,0.39589370280020797,0.017731320715683008,tox-dev/tox,check,tox env docs on ubuntu-24.04,Run check for docs,runtime.exit_code,ollama,0.95,False,feat_primary_is_runtime=1; feat_first_error_before_tests=1,"her instance in /home/runner/work/tox/tox/docs/cli_interface.rst [sphinx-argparse-cli.man/tox.1] /home/runner/work/tox/tox/docs/man/tox.1.rst:50: WARNING: duplicate label tox-exec---verbose, other instance in /home/runner/work/tox/tox/docs/cli_interface.rst [sphinx-argparse-cli.man/tox.1] /home/runner/work/tox/tox/docs/man/tox.1.rst:50: WARNING: duplicate label tox-exec--q, other instance in /home/runner/work/tox/tox/docs/cli_interface.rst [sphinx-argparse-cli.man/tox.1] /home/runner/work/tox/tox/docs/man/tox.1.rst:50: WARNING: duplicate label tox-exec---quiet, other instance in /home/runner/w",0.37816238208452496,0.20035463863182076,0.00018434143318934657,0.025404935050257028,0.39589370280020797
configuration,flaky_test,flaky_test,False,0.8184151615839675,0.718710122907601,apache/camel-quarkus,Camel Quarkus CI,Native Tests - group-10,Integration Tests,flaky.time_or_async,ollama,0.855,False,feat_is_java=1; feat_kw_infra_network=1; feat_primary_is_flaky=1; feat_first_error_before_tests=1; feat_has_compile_task=1,3.12.0 -> 3.12.0 * [new tag] 3.13.0 -> 3.13.0 * [new tag] 3.14.0 -> 3.14.0 * [new tag] 3.15.0 -> 3.15.0 * [new tag] 3.15.1 -> 3.15.1 * [new tag] 3.15.2 -> 3.15.2 * [new tag] 3.15.3 -> 3.15.3 * [new tag] 3.15.4 -> 3.15.4 * [new tag] 3.16.0 -> 3.16.0 * [new tag] 3.17.0 -> 3.17.0 * [new tag] 3.18.0 -> 3.18.0 * [new tag] 3.19.0 -> 3.19.0 * [new tag] 3.2.0 -> 3.2.0 * [new tag] 3.2.1 -> 3.2.1 * [new tag] 3.2.2 -> 3.2.2 * [new tag] 3.2.3 -> 3.2.3 * [new tag] 3.20.0 -> 3.20.0 * [new tag] 3.20.1 -> 3.20.1 * [new tag] 3.20.2 -> 3.20.2 * [new tag] 3.20.3 -> 3.20.3 * [new tag] 3.20.4 -> 3.20.4 * [new tag],0.045058351064017566,0.020607624568173274,0.8184151615839675,0.09970503867636657,0.01621382410747526
configuration,test_failure,test_failure,False,0.39589370280020797,0.017731320715683008,pypa/setuptools,tests,check,Decide whether the needed jobs succeeded or failed,runtime.exit_code,ollama,0.95,False,feat_primary_is_runtime=1; feat_first_error_before_tests=1,"ï»¿Current runner version: '2.331.0' Hosted Compute Agent Version: 20260123.484 Commit: <SHA> Build Date: Worker ID: {faed50eb-a780-4069-a1ad-d7b9930d797a} Azure Region: centralus Ubuntu 24.04.3 LTS Image: ubuntu-24.04 Version: 20260201.15.1 Included Software: <url:github.com> Image Release: <url:github.com> Contents: read Metadata: read Secret source: Actions Prepare workflow directory Prepare all required actions Getting action download info Download action repository 're-actors/alls-green@release/v1' (SHA:<SHA>) Complete job name: check with: allowed-skips: check-changed-folders, integratio",0.37816238208452496,0.20035463863182076,0.00018434143318934657,0.025404935050257028,0.39589370280020797
compilation,test_failure,test_failure,False,0.39589370280020797,0.017731320715683008,pytest-dev/pytest,test,check,Decide whether the needed jobs succeeded or failed,runtime.exit_code,ollama,0.855,False,feat_primary_is_runtime=1; feat_first_error_before_tests=1,"ï»¿Current runner version: '2.332.0' Hosted Compute Agent Version: 20260213.493 Commit: <SHA> Build Date: Worker ID: {4af58095-af70-47af-b413-e00647871d75} Azure Region: eastus Ubuntu 24.04.3 LTS Image: ubuntu-24.04 Version: 20260309.50.1 Included Software: <url:github.com> Image Release: <url:github.com> Metadata: read Secret source: None Prepare workflow directory Prepare all required actions Getting action download info Download action repository 're-actors/alls-green@<SHA>' (SHA:<SHA>) Complete job name: check with: jobs: { ""build"": { ""result"": ""failure"", ""outputs"": {} } } allowed-failures",0.37816238208452496,0.20035463863182076,0.00018434143318934657,0.025404935050257028,0.39589370280020797
compilation,test_failure,test_failure,False,0.39589370280020797,0.017731320715683008,astral-sh/ruff,CI,all required checks passed,Check required jobs passed,runtime.exit_code,ollama,0.855,False,feat_primary_is_runtime=1; feat_first_error_before_tests=1,"ï»¿Current runner version: '2.333.1' Hosted Compute Agent Version: 20260213.493 Commit: <SHA> Build Date: Worker ID: {279f5ea3-cb7d-42fe-949a-57345afe3d6b} Azure Region: northcentralus - OS: Linux (x64) - Source: Docker - Name: ubuntu:24.04 - Version: 20260323.53.1 Metadata: read Secret source: Actions Prepare workflow directory Prepare all required actions Complete job name: all required checks passed failing=$(echo ""$NEEDS_JSON"" | jq -r 'to_entries[] | select(.value.result != ""success"" and .value.result != ""skipped"") | ""\(.key): \(.value.result)""') if [ -n ""$failing"" ]; then echo ""$failing"" ",0.37816238208452496,0.20035463863182076,0.00018434143318934657,0.025404935050257028,0.39589370280020797
compilation,test_failure,test_failure,False,0.39589370280020797,0.017731320715683008,pytest-dev/pytest,test,check,Decide whether the needed jobs succeeded or failed,runtime.exit_code,ollama,0.855,False,feat_primary_is_runtime=1; feat_first_error_before_tests=1,"ï»¿Current runner version: '2.331.0' Hosted Compute Agent Version: 20260123.484 Commit: <SHA> Build Date: Worker ID: {356af953-88d9-4d73-b991-8f2d49ebd0e5} Azure Region: westcentralus Ubuntu 24.04.3 LTS Image: ubuntu-24.04 Version: 20260209.23.1 Included Software: <url:github.com> Image Release: <url:github.com> Metadata: read Secret source: None Prepare workflow directory Prepare all required actions Getting action download info Download action repository 're-actors/alls-green@<SHA>' (SHA:<SHA>) Complete job name: check with: jobs: { ""build"": { ""result"": ""failure"", ""outputs"": {} } } allowed-f",0.37816238208452496,0.20035463863182076,0.00018434143318934657,0.025404935050257028,0.39589370280020797
configuration,infrastructure,infrastructure,False,0.6358035333963611,0.37568151711048914,mockito/mockito,CI,"java (11, mock-maker-default, member-accessor-default)",5. Spotless check (single job only). Run './gradlew spotlessApply' locally if this job fails.,infra.network.socket,ollama,0.855,False,feat_build_duration=27; feat_fw_junit=1; feat_fw_gradle=1; feat_is_java=1; feat_step_is_lint=1; feat_primary_is_infra=1; feat_first_error_before_tests=1; feat_error_in_lint_step=1; feat_has_compile_task=1,"subclass:assemble > Task :mockito-integration-tests:android-tests:mergeDebugJavaResource > Task :mockito-extensions:mockito-android:bundleLibRuntimeToDirDebug > Task :mockito-integration-tests:android-tests:mergeDebugNativeLibs > Task :mockito-integration-tests:android-tests:stripDebugDebugSymbols Unable to strip the following libraries, packaging them as they are: libdexmakerjvmtiagent.so. > Task :mockito-extensions:mockito-junit-jupiter:javadoc > Task :mockito-extensions:mockito-junit-jupiter:javadocJar > Task :mockito-extensions:mockito-junit-jupiter:assemble > Task :mockito-integration-tes",0.26012201628587195,0.04426250833850107,0.002614105742236935,0.6358035333963611,0.05719783623702899
infrastructure,compilation,compilation,False,0.8861484427468055,0.8063327294471253,ben-manes/caffeine,Static analysis for Java,PMD,Pmd,compile.java_kotlin,ollama,0.81,False,feat_fw_gradle=1; feat_is_java=1; feat_primary_is_compile=1; feat_first_error_before_tests=1,ï»¿Current runner version: '2.333.1' Hosted Compute Agent Version: 20260213.493 Commit: <SHA> Build Date: Worker ID: {954e7c56-f0b0-467e-b61e-1373b7274352} Azure Region: centralus Ubuntu 24.04.4 LTS Image: ubuntu-24.04 Version: 20260413.86.1 Included Software: <url:github.com> Image Release: <url:github.com> Actions: read Contents: read Metadata: read SecurityEvents: write Secret source: Actions Prepare workflow directory Prepare all required actions Getting action download info Download action repository 'step-security/harden-runner@<SHA>' (SHA:<SHA>) Download action repository 'actions/check,0.8861484427468055,0.015022829510738776,0.0001511746971295876,0.0798157132996802,0.018861839745646113
infrastructure,compilation,compilation,False,0.7483125879877128,0.5867083919109151,fabric8io/kubernetes-client,Build,Java 11 Maven,Build Project,runtime.exit_code,ollama,0.855,False,feat_fw_gradle=1; feat_is_java=1; feat_step_is_compile=1; feat_primary_is_runtime=1; feat_first_error_before_tests=1; feat_error_in_compile_step=1,ï»¿Current runner version: '2.333.1' Hosted Compute Agent Version: 20260213.493 Commit: <SHA> Build Date: Worker ID: {0a1e6586-0017-403c-b9ca-0b9c05064202} Azure Region: westus Ubuntu 24.04.4 LTS Image: ubuntu-24.04 Version: 20260406.80.1 Included Software: <url:github.com> Image Release: <url:github.com> Contents: read Metadata: read Secret source: Actions Prepare workflow directory Prepare all required actions Getting action download info Download action repository 'actions/checkout@v6' (SHA:<SHA>) Download action repository 'actions/setup-java@v5' (SHA:<SHA>) Complete job name: Java 11 Mave,0.7483125879877128,0.1616041960767978,0.00014905515741636173,0.0423065552112914,0.04762760556678164
compilation,test_failure,test_failure,False,0.8519423063153971,0.7353750007566866,apache/airflow,Tests,Postgres tests: core / DB-core:Postgres:15:3.11:API...CLI,core:DB Tests Postgres 15 Py3.11:API Always CLI,test.assertion,ollama,0.855,False,feat_primary_is_test=1,ï»¿Current runner version: '2.333.1' Hosted Compute Agent Version: 20260213.493 Commit: <SHA> Build Date: Worker ID: {d3eeaddd-84d3-4362-a25d-e8e287d4eac3} Azure Region: centralus Ubuntu 22.04.5 LTS Image: ubuntu-22.04 Version: 20260413.88.1 Included Software: <url:github.com> Image Release: <url:github.com> Contents: read Metadata: read Secret source: None Prepare workflow directory Prepare all required actions Getting action download info Download action repository 'actions/checkout@<SHA>' (SHA:<SHA>) Uses: apache/airflow/.github/workflows/run-unit-tests.yml@refs/pull/65958/merge (<SHA>) run,0.021910496881458817,0.009370104908797531,0.00020978633563600426,0.1165673055587105,0.8519423063153971
configuration,test_failure,test_failure,False,0.39589370280020797,0.017731320715683008,aio-libs/aiobotocore,CI/CD,test / Test Python 3.9 on ubuntu-24.04-arm,Run pre-commit hooks,runtime.exit_code,ollama,0.95,False,feat_primary_is_runtime=1; feat_first_error_before_tests=1,ï»¿Current runner version: '2.333.1' Hosted Compute Agent Version: 20260213.493 Commit: <SHA> Build Date: Worker ID: {560d2eee-6d02-4e63-a312-1bd2b08ea3c2} Azure Region: centralus - OS: Linux (arm64) - Source: Partner - Name: Ubuntu 24.04 by Arm Limited - Version: 20260318.59.1 - Included Software: <url:github.com> Metadata: read Secret source: Actions Prepare workflow directory Prepare all required actions Getting action download info Download action repository 'actions/checkout@<SHA>' (SHA:<SHA>) Download action repository 'astral-sh/setup-uv@<SHA>' (SHA:<SHA>) Download action repository 'co,0.37816238208452496,0.20035463863182076,0.00018434143318934657,0.025404935050257028,0.39589370280020797
compilation,test_failure,test_failure,False,0.39589370280020797,0.017731320715683008,astral-sh/ruff,CI,all required checks passed,Check required jobs passed,runtime.exit_code,ollama,0.855,False,feat_primary_is_runtime=1; feat_first_error_before_tests=1,"ï»¿Current runner version: '2.333.1' Hosted Compute Agent Version: 20260213.493 Commit: <SHA> Build Date: Worker ID: {87890f7b-148a-4342-ab56-568cc5e343d0} Azure Region: eastus - OS: Linux (x64) - Source: Docker - Name: ubuntu:24.04 - Version: 20260413.54.1 Metadata: read Secret source: None Prepare workflow directory Prepare all required actions Complete job name: all required checks passed failing=$(echo ""$NEEDS_JSON"" | jq -r 'to_entries[] | select(.value.result != ""success"" and .value.result != ""skipped"") | ""\(.key): \(.value.result)""') if [ -n ""$failing"" ]; then echo ""$failing"" exit 1 fi s",0.37816238208452496,0.20035463863182076,0.00018434143318934657,0.025404935050257028,0.39589370280020797
compilation,test_failure,test_failure,False,0.9543942565543433,0.9319835408252497,pypa/virtualenv,🧪 check,🧪 test 3.11 - ubuntu-24.04,🏃 Run test suite,test.assertion,ollama,0.855,False,feat_step_is_test=1; feat_primary_is_test=1; feat_error_in_test_step=1,repared 11 packages in 485ms Installed 13 packages in 8ms + cachetools==7.0.1 + chardet==5.2.0 + colorama==0.4.6 + distlib==0.4.0 + filelock==3.24.0 + packaging==26.0 + platformdirs==4.9.1 + pluggy==1.6.0 + pyproject-api==1.10.0 + tox==4.35.0 + tox-uv==1.29.0 + uv==0.10.2 + virtualenv==20.36.2.dev22+g74756a831 (from file:///home/runner/work/virtualenv/virtualenv) Installed 1 executable: tox with: python-version: 3.11 check-latest: false token: *** update-environment: true allow-prereleases: false freethreaded: false env: UV_CACHE_DIR: /home/runner/work/_temp/setup-uv-cache pythonLocation: /opt,0.022410715729093606,0.008810790568077344,0.0007368986595253221,0.013647338488960358,0.9543942565543433
compilation,test_failure,test_failure,False,0.5475031527331026,0.15174865613748456,fabric8io/kubernetes-client,Build,Java 17 Maven,Build Project,runtime.exit_code,ollama,0.855,False,feat_tests_ran=1; feat_num_tests_run=46; feat_build_duration=0.607; feat_fw_junit=1; feat_fw_gradle=1; feat_is_java=1; feat_step_is_compile=1; feat_primary_is_runtime=1; feat_first_error_after_tests_started=1; feat_error_in_compile_step=1; feat_error_in_test_step=1; feat_has_compile_task=1,r] [INFO] Kube API Test - Client Injecting Support [jar] [INFO] Fabric8 :: Openshift :: Java Client API [jar] [INFO] Fabric8 :: Openshift :: Java Client [jar] [INFO] Fabric8 :: Kubernetes :: Extensions [pom] [INFO] Fabric8 :: Knative :: Extension [pom] [INFO] Fabric8 :: Knative :: Model [bundle] [INFO] Fabric8 :: Knative :: Client [bundle] [INFO] Fabric8 :: Knative :: Examples [jar] [INFO] Fabric8 :: Knative :: Tests [jar] [INFO] Fabric8 :: Tekton :: Extension [pom] [INFO] Fabric8 :: Tekton :: Model [bundle] [INFO] Fabric8 :: Tekton :: Client [bundle] [INFO] Fabric8 :: Tekton :: Examples [jar],0.395754496595618,0.03680700883674571,0.00047698506741607216,0.019458356767117716,0.5475031527331026
test_failure,compilation,compilation,False,0.807900783474187,0.6584840269158272,benoitc/gunicorn,FreeBSD,FreeBSD 14.2 / Python 3.12,Test on FreeBSD,compile.symbol_resolution,ollama,0.855,False,feat_step_is_test=1; feat_primary_is_compile=1; feat_error_in_test_step=1,lears_socket PASSED [ 0%] tests/ctl/test_client.py::TestControlClientContextManager::test_context_manager_connection_error PASSED [ 0%] tests/ctl/test_client.py::TestControlClientContextManager::test_context_manager_success PASSED [ 0%] tests/ctl/test_client.py::TestControlClientSendCommand::test_send_command_success PASSED [ 0%] tests/ctl/test_client.py::TestControlClientSendCommand::test_send_command_error_response PASSED [ 0%] tests/ctl/test_client.py::TestControlClientSendCommand::test_send_command_auto_connect PASSED [ 0%] tests/ctl/test_client.py::TestParseCommand::test_parse_simple_comm,0.807900783474187,0.017639231073667785,0.0016344248353881627,0.023408804058397226,0.14941675655835981
configuration,compilation,compilation,False,0.5513166612264826,0.22331911174760527,checkstyle/checkstyle,Check PR Description,Analyze,Do action,runtime.exit_code,ollama,0.95,False,feat_is_java=1; feat_primary_is_runtime=1; feat_first_error_before_tests=1,ï»¿Current runner version: '2.334.0' Hosted Compute Agent Version: 20260213.493 Commit: <SHA> Build Date: Worker ID: {401e3f73-f382-4a8d-9178-a1a3e4e53111} Azure Region: centralus Ubuntu 24.04.4 LTS Image: ubuntu-24.04 Version: 20260413.86.1 Included Software: <url:github.com> Image Release: <url:github.com> Contents: read Metadata: read Packages: read Secret source: None Prepare workflow directory Prepare all required actions Getting action download info Download action repository 'actions/checkout@v6' (SHA:<SHA>) Complete job name: Analyze with: repository: checkstyle/checkstyle token: *** s,0.5513166612264826,0.3279975494788773,0.0002389049518138468,0.03286963471101677,0.08757724963180934
test_failure,infrastructure,infrastructure,False,0.8536275514768878,0.7871608535050834,apache/zookeeper,CI,"mvn (full-build-java-tests, 11, -Pfull-build verify -Dsurefire-forkcount=1 -DskipCppUnit -Dsurefi...",Build with Maven (full-build-java-tests),infra.resources.quota_fd,ollama,0.81,False,feat_tests_ran=1; feat_num_tests_run=32; feat_build_duration=0.034; feat_fw_junit=1; feat_is_java=1; feat_step_is_compile=1; feat_primary_is_infra=1; feat_first_error_before_tests=1; feat_error_in_compile_step=1,"ge lists... Building dependency tree... Reading state information... The following additional packages will be installed: libcppunit-1.15-0 Suggested packages: libcppunit-doc The following NEW packages will be installed: libcppunit-1.15-0 libcppunit-dev libsasl2-dev 0 upgraded, 3 newly installed, 0 to remove and 19 not upgraded. Need to get 487 kB of archives. After this operation, 2099 kB of additional disk space will be used. Get:1 file:/etc/apt/apt-mirrors.txt Mirrorlist [144 B] Get:2 <url:azure.archive.ubuntu.com> noble/universe amd64 libcppunit-1.15-0 amd64 1.15.1-4build1 [88.4 kB] Get:3 ",0.06607062848561517,0.013381564361574899,0.0004535577041175245,0.8536275514768878,0.06646669797180448
infrastructure,compilation,compilation,False,0.7902344489172249,0.6390239621273373,apache/airflow,Tests,Sqlite tests: core / DB-core:Sqlite:3.14:API...CLI,core:DB Tests Sqlite  Py3.14:API Always CLI,compile.symbol_resolution,ollama,0.855,False,feat_primary_is_compile=1,ï»¿Current runner version: '2.333.1' Hosted Compute Agent Version: 20260213.493 Commit: <SHA> Build Date: Worker ID: {ff8ffdc2-a9ec-43d3-ad0f-7a0c4a2ce8d9} Azure Region: westus3 Ubuntu 22.04.5 LTS Image: ubuntu-22.04 Version: 20260413.88.1 Included Software: <url:github.com> Image Release: <url:github.com> Contents: read Metadata: read Secret source: None Prepare workflow directory Prepare all required actions Getting action download info Download action repository 'actions/checkout@<SHA>' (SHA:<SHA>) Uses: apache/airflow/.github/workflows/run-unit-tests.yml@refs/pull/64754/merge (<SHA>) runne,0.7902344489172249,0.006763685626797783,0.00016776778568246788,0.15121048678988774,0.05162361088040705
configuration,test_failure,test_failure,False,0.39589370280020797,0.017731320715683008,pre-commit/pre-commit,main,main-windows / collector,check for failures,runtime.exit_code,ollama,0.95,False,feat_primary_is_runtime=1; feat_first_error_before_tests=1,ï»¿Current runner version: '2.334.0' Hosted Compute Agent Version: 20260213.493 Commit: <SHA> Build Date: Worker ID: {69a3d2c6-e56d-47b7-9f1c-f1346fe0f4d3} Azure Region: northcentralus Ubuntu 24.04.4 LTS Image: ubuntu-24.04 Version: 20260413.86.1 Included Software: <url:github.com> Image Release: <url:github.com> Actions: read ArtifactMetadata: read Attestations: read Checks: read Contents: read Deployments: read Discussions: read Issues: read Metadata: read Models: read Packages: read Pages: read PullRequests: read RepositoryProjects: read SecurityEvents: read Statuses: read VulnerabilityAler,0.37816238208452496,0.20035463863182076,0.00018434143318934657,0.025404935050257028,0.39589370280020797
configuration,test_failure,test_failure,False,0.39589370280020797,0.017731320715683008,psf/black,changelog,check,Grep CHANGES.md for PR number,runtime.exit_code,ollama,0.95,False,feat_primary_is_runtime=1; feat_first_error_before_tests=1,ï»¿Current runner version: '2.331.0' Hosted Compute Agent Version: 20260123.484 Commit: <SHA> Build Date: Worker ID: {24c6845f-c545-4008-a4e9-742a570791b6} Azure Region: eastus2 Ubuntu 24.04.3 LTS Image: ubuntu-24.04 Version: 20260201.15.1 Included Software: <url:github.com> Image Release: <url:github.com> Contents: read Metadata: read Secret source: None Prepare workflow directory Prepare all required actions Getting action download info Download action repository 'actions/checkout@<SHA>' (SHA:<SHA>) Complete job name: check with: persist-credentials: false repository: psf/black token: *** ss,0.37816238208452496,0.20035463863182076,0.00018434143318934657,0.025404935050257028,0.39589370280020797
test_failure,compilation,compilation,False,0.4343184815803638,0.15147101405893748,benoitc/gunicorn,lint,3.12 / tox-(other),Check generated docs,runtime.exit_code,ollama,0.81,False,feat_primary_is_runtime=1; feat_first_error_before_tests=1; feat_has_dependency_install=1,ï»¿Current runner version: '2.331.0' Hosted Compute Agent Version: 20260115.477 Commit: <SHA> Build Date: Worker ID: {f18b105a-1676-4524-9874-bd131c650f88} Azure Region: westus Ubuntu 24.04.3 LTS Image: ubuntu-24.04 Version: 20260119.4.1 Included Software: <url:github.com> Image Release: <url:github.com> Contents: read Metadata: read Secret source: Actions Prepare workflow directory Prepare all required actions Getting action download info Download action repository 'actions/checkout@v6' (SHA:<SHA>) Download action repository 'actions/setup-python@v6' (SHA:<SHA>) Complete job name: 3.12 / tox-,0.4343184815803638,0.24071271267159447,0.00023307381832696146,0.0418882644082886,0.2828474675214263
configuration,compilation,compilation,False,0.5513166612264826,0.22331911174760527,checkstyle/checkstyle,Check PR Description,Analyze,Do action,runtime.exit_code,ollama,0.95,False,feat_is_java=1; feat_primary_is_runtime=1; feat_first_error_before_tests=1,ï»¿Current runner version: '2.333.1' Hosted Compute Agent Version: 20260213.493 Commit: <SHA> Build Date: Worker ID: {23f5ce98-2906-41b2-9dfe-3a03303f6f57} Azure Region: centralus Ubuntu 24.04.4 LTS Image: ubuntu-24.04 Version: 20260413.86.1 Included Software: <url:github.com> Image Release: <url:github.com> Contents: read Metadata: read Packages: read Secret source: None Prepare workflow directory Prepare all required actions Getting action download info Download action repository 'actions/checkout@v6' (SHA:<SHA>) Complete job name: Analyze with: repository: checkstyle/checkstyle token: *** s,0.5513166612264826,0.3279975494788773,0.0002389049518138468,0.03286963471101677,0.08757724963180934
configuration,test_failure,test_failure,False,0.39589370280020797,0.017731320715683008,pypa/setuptools,tests,check,Decide whether the needed jobs succeeded or failed,runtime.exit_code,ollama,0.95,False,feat_primary_is_runtime=1; feat_first_error_before_tests=1,"ï»¿Current runner version: '2.331.0' Hosted Compute Agent Version: 20260115.477 Commit: <SHA> Build Date: Worker ID: {862a3234-dba6-4bfb-9817-732459036c51} Azure Region: westus Ubuntu 24.04.3 LTS Image: ubuntu-24.04 Version: 20260119.4.1 Included Software: <url:github.com> Image Release: <url:github.com> Contents: read Metadata: read Secret source: None Prepare workflow directory Prepare all required actions Getting action download info Download action repository 're-actors/alls-green@release/v1' (SHA:<SHA>) Complete job name: check with: allowed-skips: check-changed-folders, integration-test ",0.37816238208452496,0.20035463863182076,0.00018434143318934657,0.025404935050257028,0.39589370280020797
compilation,test_failure,test_failure,False,0.9438506198627309,0.9179384230716601,pypa/virtualenv,🧪 check,🧪 test 3.14 - ubuntu-24.04,🏃 Run test suite,test.assertion,ollama,0.855,False,feat_step_is_test=1; feat_primary_is_test=1; feat_error_in_test_step=1; feat_has_dependency_install=1,g==26.0 + platformdirs==4.9.1 + pluggy==1.6.0 + pyproject-api==1.10.0 + tox==4.35.0 + tox-uv==1.29.0 + uv==0.10.2 + virtualenv==20.36.2.dev22+g74756a831 (from file:///home/runner/work/virtualenv/virtualenv) Installed 1 executable: tox with: python-version: 3.14 check-latest: false token: *** update-environment: true allow-prereleases: false freethreaded: false env: UV_CACHE_DIR: /home/runner/work/_temp/setup-uv-cache pythonLocation: /opt/hostedtoolcache/Python/3.14.3/x64 PKG_CONFIG_PATH: /opt/hostedtoolcache/Python/3.14.3/x64/lib/pkgconfig Python_ROOT_DIR: /opt/hostedtoolcache/Python/3.14.3/x6,0.02591219679107081,0.011124472506155239,0.000979136456979618,0.018133574383063518,0.9438506198627309
compilation,test_failure,test_failure,False,0.4118530103650595,0.035924247011553,pydantic/pydantic,Pydantic Family Integration Tests,Test pydantic settings (3.9),Run tests,runtime.exit_code,ollama,0.855,False,feat_kw_config_fail=1; feat_config_no_compile=1; feat_primary_is_runtime=1; feat_config_missing_file=1; feat_first_error_before_tests=1,ï»¿Current runner version: '2.332.0' Hosted Compute Agent Version: 20260213.493 Commit: <SHA> Build Date: Worker ID: {a7acd080-3552-4087-bfb8-2c2119dcb049} Azure Region: northcentralus Ubuntu 24.04.3 LTS Image: ubuntu-24.04 Version: 20260309.50.1 Included Software: <url:github.com> Image Release: <url:github.com> Actions: write ArtifactMetadata: write Attestations: write Checks: write Contents: write Deployments: write Discussions: write Issues: write Metadata: read Models: read Packages: write Pages: write PullRequests: write RepositoryProjects: write SecurityEvents: write Statuses: write Sec,0.3759287633535065,0.1914795309505436,0.00019468160239226797,0.0205440137284981,0.4118530103650595
compilation,test_failure,test_failure,False,0.6791766910504032,0.4582665422885619,netty/netty,Build PR,windows-x86_64-java11-boringssl,Build project,test.assertion,ollama,0.855,False,feat_is_java=1; feat_step_is_compile=1; feat_primary_is_test=1; feat_first_error_before_tests=1; feat_error_in_compile_step=1,ï»¿Current runner version: '2.333.1' Hosted Compute Agent Version: 20260213.493 Commit: <SHA> Build Date: Worker ID: {05c979cd-2295-462d-bd16-0ba6babd0bd4} Azure Region: centralus Microsoft Windows Server 2022 10.0.20348 Datacenter Image: windows-2022 Version: 20260329.98.1 Included Software: <url:github.com> Image Release: <url:github.com> Contents: read Metadata: read Secret source: Actions Prepare workflow directory Prepare all required actions Getting action download info Download action repository 'actions/checkout@v4' (SHA:<SHA>) Download action repository 'actions/setup-java@v4' (SHA:<S,0.22091014876184137,0.06497460263443493,0.0004022868344631218,0.03453627071885732,0.6791766910504032
compilation,test_failure,test_failure,False,0.5459862681219324,0.12191568501319577,pydantic/pydantic,CI,Test memray,Run tests,compile.syntax,rule,0.96,False,feat_fw_pytest=1; feat_kw_compile_fail=1; feat_kw_config_fail=1; feat_compile_no_tests=1; feat_compile_with_config=1; feat_primary_is_compile=1; feat_compile_python_syntax=1; feat_config_missing_file=1; feat_first_error_after_tests_started=1; feat_error_in_test_step=1; feat_compile_over_config_guard=1,er: git clean: true sparse-checkout-cone-mode: true fetch-depth: 1 fetch-tags: false show-progress: true lfs: false submodules: false set-safe-directory: true env: COLUMNS: 150 UV_FROZEN: true FORCE_COLOR: 1 Syncing repository: pydantic/pydantic Working directory is '/home/runner/work/pydantic/pydantic' [command]/usr/bin/git version git version 2.53.0 Temporarily overriding HOME='/home/runner/work/_temp/cf9964bf-e4f3-4305-a14d-84b2cec3ff31' before making global git config changes Adding repository directory to the temporary git global config as a safe directory [command]/usr/bin/git config --g,0.42407058310873663,0.020304336857951168,0.0018813695612992607,0.007757442350080643,0.5459862681219324
compilation,configuration,configuration,False,0.4954503569108801,0.20162702464659205,tox-dev/tox,check,test 3.13 on macos-15,Run test suite,runtime.exit_code,ollama,0.81,False,feat_fw_junit=1; feat_fw_pytest=1; feat_kw_config_fail=1; feat_config_no_compile=1; feat_step_is_test=1; feat_primary_is_runtime=1; feat_config_missing_file=1; feat_first_error_after_tests_started=1; feat_error_in_test_step=1; feat_has_compile_task=1,it config --local --name-only --get-regexp ^includeIf\.gitdir: includeif.gitdir:/Users/runner/work/tox/tox/.git.path includeif.gitdir:/Users/runner/work/tox/tox/.git/worktrees/*.path includeif.gitdir:/github/workspace/.git.path includeif.gitdir:/github/workspace/.git/worktrees/*.path [command]/opt/homebrew/bin/git config --local --get-all includeif.gitdir:/Users/runner/work/tox/tox/.git.path /Users/runner/work/_temp/git-credentials-33ea53cb-08bc-4f39-a8c0-0cd11abb5777.config [command]/opt/homebrew/bin/git config --local --unset includeif.gitdir:/Users/runner/work/tox/tox/.git.path /Users/runne,0.29382333226428803,0.4954503569108801,0.0036550115030878436,0.012088449147399765,0.19498285017434436
configuration,compilation,compilation,False,0.5801484104035699,0.2274261175454892,psf/black,test,"test (3.13, windows-latest)",Unit tests,compile.syntax,ollama,0.81,False,feat_kw_config_fail=1; feat_config_no_compile=1; feat_primary_is_compile=1; feat_config_auth_permission=1; feat_first_error_before_tests=1; feat_error_in_setup_step=1; feat_has_dependency_install=1; feat_config_strong_only=1,ï»¿Current runner version: '2.333.1' Hosted Compute Agent Version: 20260213.493 Commit: <SHA> Build Date: Worker ID: {fbadb0e9-ecb5-4937-a0b5-15d3fffa6614} Azure Region: northcentralus Microsoft Windows Server 2025 10.0.26100 Datacenter Image: windows-2025 Version: 20260405.77.1 Included Software: <url:github.com> Image Release: <url:github.com> Contents: read Metadata: read Secret source: None Prepare workflow directory Prepare all required actions Getting action download info Download action repository 'actions/checkout@<SHA>' (SHA:<SHA>) Download action repository 'actions/setup-python@<SHA,0.5801484104035699,0.3527222928580807,0.0001528392370225052,0.03092767960383567,0.03604877789749139
configuration,compilation,compilation,False,0.5801484104035699,0.2274261175454892,psf/black,test,"test (3.12.10, windows-11-arm)",Unit tests,compile.syntax,ollama,0.81,False,feat_kw_config_fail=1; feat_config_no_compile=1; feat_primary_is_compile=1; feat_config_auth_permission=1; feat_first_error_before_tests=1; feat_error_in_setup_step=1; feat_has_dependency_install=1; feat_config_strong_only=1,ï»¿Current runner version: '2.333.0' Hosted Compute Agent Version: 20260213.493 Commit: <SHA> Build Date: Worker ID: {1641ae1b-ee9b-4cf8-8a1c-a301ad3ec33d} Azure Region: northcentralus - OS: Windows (Arm64) - Source: Partner - Name: Microsoft Windows 11 Desktop by Arm Limited - Version: 20260318.50.1 - Included Software: <url:github.com> Contents: read Metadata: read Secret source: None Prepare workflow directory Prepare all required actions Getting action download info Download action repository 'actions/checkout@<SHA>' (SHA:<SHA>) Download action repository 'actions/setup-python@<SHA>' (SHA:,0.5801484104035699,0.3527222928580807,0.0001528392370225052,0.03092767960383567,0.03604877789749139
compilation,configuration,configuration,False,0.5108963735889769,0.0867106351401602,tox-dev/tox,check,tox env docs on ubuntu-24.04,Install tox@self,runtime.exit_code,ollama,0.81,False,feat_kw_config_fail=1; feat_config_no_compile=1; feat_step_is_setup=1; feat_primary_is_runtime=1; feat_config_missing_file=1; feat_first_error_before_tests=1; feat_error_in_setup_step=1,* [new tag] 3.27.1 -> 3.27.1 * [new tag] 3.28.0 -> 3.28.0 * [new tag] 3.3.0 -> 3.3.0 * [new tag] 3.4.0 -> 3.4.0 * [new tag] 3.5.0 -> 3.5.0 * [new tag] 3.5.1 -> 3.5.1 * [new tag] 3.5.2 -> 3.5.2 * [new tag] 3.5.3 -> 3.5.3 * [new tag] 3.6.0 -> 3.6.0 * [new tag] 3.6.1 -> 3.6.1 * [new tag] 3.7.0 -> 3.7.0 * [new tag] 3.8.0 -> 3.8.0 * [new tag] 3.8.1 -> 3.8.1 * [new tag] 3.8.2 -> 3.8.2 * [new tag] 3.8.3 -> 3.8.3 * [new tag] 3.8.4 -> 3.8.4 * [new tag] 3.8.5 -> 3.8.5 * [new tag] 3.8.6 -> 3.8.6 * [new tag] 3.9.0 -> 3.9.0 * [new tag] 4.0.0 -> 4.0.0 * [new tag] 4.0.0a1 -> 4.0.0a1 * [new tag] 4.0.0a10 -> 4,0.4241857384488167,0.5108963735889769,0.00018558233350377516,0.019575947029945556,0.045156358598757156
configuration,compilation,compilation,False,0.5513166612264826,0.22331911174760527,checkstyle/checkstyle,Check PR Description,Analyze,Do action,runtime.exit_code,ollama,0.95,False,feat_is_java=1; feat_primary_is_runtime=1; feat_first_error_before_tests=1,ï»¿Current runner version: '2.334.0' Hosted Compute Agent Version: 20260213.493 Commit: <SHA> Build Date: Worker ID: {d7da8057-2498-45f7-8dc2-ea5b0435bc15} Azure Region: eastus Ubuntu 24.04.4 LTS Image: ubuntu-24.04 Version: 20260413.86.1 Included Software: <url:github.com> Image Release: <url:github.com> Contents: read Metadata: read Packages: read Secret source: None Prepare workflow directory Prepare all required actions Getting action download info Download action repository 'actions/checkout@v6' (SHA:<SHA>) Complete job name: Analyze with: repository: checkstyle/checkstyle token: *** ssh-,0.5513166612264826,0.3279975494788773,0.0002389049518138468,0.03286963471101677,0.08757724963180934
test_failure,compilation,compilation,False,0.6503754848430442,0.3998944659483892,hibernate/hibernate-orm,GH Actions CI reporting,Publish Develocity build scans,Publish Develocity build scans for previous builds,runtime.exit_code,ollama,0.855,False,feat_build_duration=80; feat_fw_gradle=1; feat_is_java=1; feat_kw_compile_fail=1; feat_compile_no_tests=1; feat_step_is_compile=1; feat_primary_is_runtime=1; feat_compile_build_task=1; feat_first_error_before_tests=1; feat_error_in_compile_step=1; feat_has_compile_task=1; feat_compile_over_config_guard=1,ï»¿Current runner version: '2.333.1' Hosted Compute Agent Version: 20260213.493 Commit: <SHA> Build Date: Worker ID: {91793e67-030f-4d3d-b055-22c9adde1834} Azure Region: eastus2 Ubuntu 24.04.4 LTS Image: ubuntu-24.04 Version: 20260406.80.1 Included Software: <url:github.com> Image Release: <url:github.com> Contents: read Metadata: read Packages: read Secret source: Actions Prepare workflow directory Prepare all required actions Getting action download info Download action repository 'actions/checkout@<SHA>' (SHA:<SHA>) Download action repository 'actions/setup-java@<SHA>' (SHA:<SHA>) Download ,0.6503754848430442,0.250481018894655,6.283008096310865e-05,0.013204101495921852,0.08587656468541573
compilation,test_failure,test_failure,False,0.39589370280020797,0.017731320715683008,pydantic/pydantic,CI,check,Decide whether the needed jobs succeeded or failed,runtime.exit_code,ollama,0.855,False,feat_primary_is_runtime=1; feat_first_error_before_tests=1,ï»¿Current runner version: '2.333.0' Hosted Compute Agent Version: 20260213.493 Commit: <SHA> Build Date: Worker ID: {3d75e529-07cf-47c1-bbcc-ec2813ddc84c} Azure Region: westus Ubuntu 24.04.4 LTS Image: ubuntu-24.04 Version: 20260323.65.1 Included Software: <url:github.com> Image Release: <url:github.com> Actions: read ArtifactMetadata: read Attestations: read Checks: read Contents: read Deployments: read Discussions: read Issues: read Metadata: read Models: read Packages: read Pages: read PullRequests: read RepositoryProjects: read SecurityEvents: read Statuses: read Secret source: None Prepa,0.37816238208452496,0.20035463863182076,0.00018434143318934657,0.025404935050257028,0.39589370280020797
configuration,test_failure,test_failure,False,0.39589370280020797,0.017731320715683008,mlflow/mlflow,JS,check-component-ids,Check componentId registry,runtime.exit_code,ollama,0.9,False,feat_primary_is_runtime=1; feat_first_error_before_tests=1,ï»¿Current runner version: '2.333.1' Hosted Compute Agent Version: 20260213.493 Commit: <SHA> Build Date: Worker ID: {c0d895ef-e023-41ea-9988-cdb41bddf41b} Azure Region: northcentralus - OS: Linux (x64) - Source: Docker - Name: ubuntu:24.04 - Version: 20260413.54.1 Contents: read Metadata: read Secret source: None Prepare workflow directory Prepare all required actions Getting action download info Download action repository 'actions/checkout@<SHA>' (SHA:<SHA>) Complete job name: check-component-ids with: persist-credentials: false repository: mlflow/mlflow token: *** ssh-strict: true ssh-user:,0.37816238208452496,0.20035463863182076,0.00018434143318934657,0.025404935050257028,0.39589370280020797
test_failure,compilation,compilation,False,0.807900783474187,0.6584840269158272,benoitc/gunicorn,FreeBSD,FreeBSD 14.2 / Python 3.13,Test on FreeBSD,compile.symbol_resolution,ollama,0.855,False,feat_step_is_test=1; feat_primary_is_compile=1; feat_error_in_test_step=1,lears_socket PASSED [ 0%] tests/ctl/test_client.py::TestControlClientContextManager::test_context_manager_connection_error PASSED [ 0%] tests/ctl/test_client.py::TestControlClientContextManager::test_context_manager_success PASSED [ 0%] tests/ctl/test_client.py::TestControlClientSendCommand::test_send_command_success PASSED [ 0%] tests/ctl/test_client.py::TestControlClientSendCommand::test_send_command_error_response PASSED [ 0%] tests/ctl/test_client.py::TestControlClientSendCommand::test_send_command_auto_connect PASSED [ 0%] tests/ctl/test_client.py::TestParseCommand::test_parse_simple_comm,0.807900783474187,0.017639231073667785,0.0016344248353881627,0.023408804058397226,0.14941675655835981
test_failure,infrastructure,infrastructure,False,0.9413928605602506,0.9023397970675949,buildpacks/pack,build,test (linux),Test,infra.network.service_5xx,ollama,0.855,False,feat_step_is_test=1; feat_primary_is_infra=1; feat_first_error_after_tests_started=1; feat_error_in_test_step=1,ding github.com/spf13/jwalterweatherman v1.1.0 go: downloading github.com/daixiang0/gci v0.13.6 go: downloading github.com/golangci/gofmt v0.0.0-20250106114630-d62b90e6713d go: downloading mvdan.cc/gofumpt v0.7.0 go: downloading github.com/golangci/golines v0.0.0-20250217134842-442fd0091d95 go: downloading github.com/sourcegraph/go-diff v0.7.0 go: downloading github.com/alingse/asasalint v0.0.11 go: downloading github.com/tdakkota/asciicheck v0.4.1 go: downloading github.com/breml/bidichk v0.3.3 go: downloading github.com/timakin/bodyclose v0.0.0-20241222091800-1db5c5ca4d67 go: downloading git,0.013879557137360474,0.005247110552804622,0.0004274082569286221,0.9413928605602506,0.03905306349265567
configuration,infrastructure,infrastructure,False,0.9206186445083903,0.846602277102814,docker/compose,ci,"bin-image-test / build (10, windows/arm64, ubuntu-24.04)",Install dependencies,config.invalid_ci_schema,ollama,0.9,False,feat_kw_infra_network=1; feat_kw_config_fail=1; feat_config_no_compile=1; feat_step_is_setup=1; feat_primary_is_config=1; feat_config_yaml_workflow=1; feat_first_error_before_tests=1; feat_error_in_setup_step=1; feat_has_dependency_install=1; feat_config_strong_only=1,ï»¿Current runner version: '2.332.0' Hosted Compute Agent Version: 20260213.493 Commit: <SHA> Build Date: Worker ID: {ab1daf6d-883d-4ecd-9ff9-79145ab2d19e} Azure Region: northcentralus Ubuntu 24.04.3 LTS Image: ubuntu-24.04 Version: 20260309.50.1 Included Software: <url:github.com> Image Release: <url:github.com> Contents: read Metadata: read Secret source: Dependabot Prepare workflow directory Prepare all required actions Getting action download info Download action repository 'actions/github-script@<SHA>' (SHA:<SHA>) Download action repository 'docker/metadata-action@<SHA>' (SHA:<SHA>) Downl,0.003955479635308555,0.0740163674055763,2.222198034193793e-05,0.9206186445083903,0.0013872864703827694
configuration,test_failure,test_failure,False,0.8847618449516363,0.786556851604591,psf/black,test,"test (3.10, windows-latest)",Unit tests,test.assertion,ollama,0.81,False,feat_kw_config_fail=1; feat_config_no_compile=1; feat_primary_is_test=1; feat_config_auth_permission=1; feat_first_error_before_tests=1; feat_error_in_setup_step=1; feat_has_dependency_install=1; feat_config_strong_only=1,ï»¿Current runner version: '2.334.0' Hosted Compute Agent Version: 20260213.493 Commit: <SHA> Build Date: Worker ID: {7e05c13b-fcfa-4b69-b88d-90a2d85592ed} Azure Region: eastus Microsoft Windows Server 2025 10.0.26100 Datacenter Image: windows-2025 Version: 20260413.84.1 Included Software: <url:github.com> Image Release: <url:github.com> Contents: read Metadata: read Secret source: None Prepare workflow directory Prepare all required actions Getting action download info Download action repository 'actions/checkout@<SHA>' (SHA:<SHA>) Download action repository 'actions/setup-python@<SHA>' (SHA:,0.010259531775677752,0.09820499334704533,8.319603605737149e-05,0.006690433889583124,0.8847618449516363
test_failure,compilation,compilation,False,0.6045812676399052,0.3418434503011569,assertj/assertj-core,CI,Groovy 4.0.28,Test,runtime.exit_code,ollama,0.81,False,feat_is_java=1; feat_step_is_test=1; feat_primary_is_runtime=1; feat_first_error_before_tests=1; feat_error_in_test_step=1,"nt'. The just-created branch can be renamed via this command: hint: hint: git branch -m <name> hint: hint: Disable this message with ""git config set advice.defaultBranchName false"" Initialized empty Git repository in /home/runner/work/assertj/assertj/.git/ [command]/usr/bin/git remote add origin <url:github.com> [command]/usr/bin/git config --local gc.auto 0 Removing SSH command configuration [command]/usr/bin/git config --local --name-only --get-regexp core\.sshCommand [command]/usr/bin/git submodule foreach --recursive sh -c ""git config --local --name-only --get-regexp 'core\.sshCommand' && ",0.6045812676399052,0.26273781733874824,0.00282145605360055,0.02046372078985707,0.10939573817788911
compilation,test_failure,test_failure,False,0.39589370280020797,0.017731320715683008,python-poetry/poetry,Tests,Status,Run false,runtime.exit_code,ollama,0.855,False,feat_primary_is_runtime=1; feat_first_error_before_tests=1,ï»¿Current runner version: '2.331.0' Hosted Compute Agent Version: 20260123.484 Commit: <SHA> Build Date: Worker ID: {4f18b2e5-d583-4ed9-9cd8-ba273c4c517b} Azure Region: centralus Ubuntu 24.04.3 LTS Image: ubuntu-24.04 Version: 20260201.15.1 Included Software: <url:github.com> Image Release: <url:github.com> Metadata: read Secret source: None Prepare workflow directory Prepare all required actions Complete job name: Status false shell: /usr/bin/bash --noprofile --norc -e -o pipefail {0} ##[error]Process completed with exit code 1. Cleaning up orphan processes,0.37816238208452496,0.20035463863182076,0.00018434143318934657,0.025404935050257028,0.39589370280020797
compilation,test_failure,test_failure,False,0.8519423063153971,0.7353750007566866,apache/airflow,Tests,MySQL tests: core / DB-core:MySQL:8.4:3.13:API...CLI,core:DB Tests MySQL 8.4 Py3.13:API Always CLI,test.assertion,ollama,0.855,False,feat_primary_is_test=1,ï»¿Current runner version: '2.333.1' Hosted Compute Agent Version: 20260213.493 Commit: <SHA> Build Date: Worker ID: {67c0f411-bc4e-47de-b975-04f7ac5f27f7} Azure Region: northcentralus Ubuntu 22.04.5 LTS Image: ubuntu-22.04 Version: 20260413.88.1 Included Software: <url:github.com> Image Release: <url:github.com> Contents: read Metadata: read Secret source: None Prepare workflow directory Prepare all required actions Getting action download info Download action repository 'actions/checkout@<SHA>' (SHA:<SHA>) Uses: apache/airflow/.github/workflows/run-unit-tests.yml@refs/pull/65958/merge (<SHA>,0.021910496881458817,0.009370104908797531,0.00020978633563600426,0.1165673055587105,0.8519423063153971
compilation,test_failure,test_failure,False,0.5459862681219324,0.12191568501319577,pallets/click,Tests,3.14,Run uv run --locked --no-default-groups --group dev tox run,compile.syntax,ollama,0.95,False,feat_fw_pytest=1; feat_kw_compile_fail=1; feat_kw_config_fail=1; feat_compile_no_tests=1; feat_compile_with_config=1; feat_primary_is_compile=1; feat_compile_python_syntax=1; feat_config_missing_file=1; feat_first_error_after_tests_started=1; feat_error_in_test_step=1; feat_compile_over_config_guard=1,ï»¿Current runner version: '2.333.1' Hosted Compute Agent Version: 20260213.493 Commit: <SHA> Build Date: Worker ID: {cef7fb8e-7c43-4c27-843f-7f9fac2cb593} Azure Region: centralus Ubuntu 24.04.4 LTS Image: ubuntu-24.04 Version: 20260406.80.1 Included Software: <url:github.com> Image Release: <url:github.com> Metadata: read Secret source: None Prepare workflow directory Prepare all required actions Getting action download info Download action repository 'actions/checkout@<SHA>' (SHA:<SHA>) Download action repository 'astral-sh/setup-uv@<SHA>' (SHA:<SHA>) Download action repository 'actions/setu,0.42407058310873663,0.020304336857951168,0.0018813695612992607,0.007757442350080643,0.5459862681219324
configuration,compilation,compilation,False,0.6503754848430442,0.3998944659483892,hibernate/hibernate-orm,GH Actions CI reporting,Publish Develocity build scans,Publish Develocity build scans for previous builds,runtime.exit_code,ollama,0.95,False,feat_build_duration=79; feat_fw_gradle=1; feat_is_java=1; feat_kw_compile_fail=1; feat_compile_no_tests=1; feat_step_is_compile=1; feat_primary_is_runtime=1; feat_compile_build_task=1; feat_first_error_before_tests=1; feat_error_in_compile_step=1; feat_has_compile_task=1; feat_compile_over_config_guard=1,-local --name-only --get-regexp ^includeIf\.gitdir: includeif.gitdir:/home/runner/work/hibernate-orm/hibernate-orm/.git.path includeif.gitdir:/home/runner/work/hibernate-orm/hibernate-orm/.git/worktrees/*.path includeif.gitdir:/github/workspace/.git.path includeif.gitdir:/github/workspace/.git/worktrees/*.path [command]/usr/bin/git config --local --get-all includeif.gitdir:/home/runner/work/hibernate-orm/hibernate-orm/.git.path /home/runner/work/_temp/git-credentials-3c70936a-538c-4dcb-b57f-a44d713bb5d6.config [command]/usr/bin/git config --local --unset includeif.gitdir:/home/runner/work/hibe,0.6503754848430442,0.250481018894655,6.283008096310865e-05,0.013204101495921852,0.08587656468541573
configuration,compilation,compilation,False,0.5513166612264826,0.22331911174760527,checkstyle/checkstyle,Check PR Description,Analyze,Do action,runtime.exit_code,ollama,0.95,False,feat_is_java=1; feat_primary_is_runtime=1; feat_first_error_before_tests=1,ï»¿Current runner version: '2.333.1' Hosted Compute Agent Version: 20260213.493 Commit: <SHA> Build Date: Worker ID: {6e6e8952-670b-46a9-aa97-358565376d9b} Azure Region: eastus Ubuntu 24.04.4 LTS Image: ubuntu-24.04 Version: 20260329.72.1 Included Software: <url:github.com> Image Release: <url:github.com> Contents: read Metadata: read Packages: read Secret source: None Prepare workflow directory Prepare all required actions Getting action download info Download action repository 'actions/checkout@v6' (SHA:<SHA>) Complete job name: Analyze with: repository: checkstyle/checkstyle token: *** ssh-,0.5513166612264826,0.3279975494788773,0.0002389049518138468,0.03286963471101677,0.08757724963180934
compilation,test_failure,test_failure,False,0.4118530103650595,0.035924247011553,pydantic/pydantic,Pydantic Family Integration Tests,Test pydantic settings (3.9),Run tests,runtime.exit_code,ollama,0.855,False,feat_kw_config_fail=1; feat_config_no_compile=1; feat_primary_is_runtime=1; feat_config_missing_file=1; feat_first_error_before_tests=1,ï»¿Current runner version: '2.333.1' Hosted Compute Agent Version: 20260213.493 Commit: <SHA> Build Date: Worker ID: {77743aaf-6227-4617-8ca0-eb9821f9ef82} Azure Region: eastus2 Ubuntu 24.04.4 LTS Image: ubuntu-24.04 Version: 20260323.65.1 Included Software: <url:github.com> Image Release: <url:github.com> Actions: write ArtifactMetadata: write Attestations: write Checks: write Contents: write Deployments: write Discussions: write Issues: write Metadata: read Models: read Packages: write Pages: write PullRequests: write RepositoryProjects: write SecurityEvents: write Statuses: write Secret sou,0.3759287633535065,0.1914795309505436,0.00019468160239226797,0.0205440137284981,0.4118530103650595
configuration,compilation,compilation,False,0.5066524268068551,0.09379588603184924,pypa/virtualenv,🧪 check,🧪 test 3.14 - windows-2025,🛠️ Install OS dependencies,runtime.exit_code,ollama,0.95,False,feat_step_is_setup=1; feat_primary_is_runtime=1; feat_first_error_before_tests=1; feat_error_in_setup_step=1,ï»¿Current runner version: '2.331.0' Hosted Compute Agent Version: 20260213.493 Commit: <SHA> Build Date: Worker ID: {280a29f3-dc84-4838-a4be-5d29dddab844} Azure Region: eastus2 Microsoft Windows Server 2025 10.0.26100 Datacenter Image: windows-2025 Version: 20260217.31.1 Included Software: <url:github.com> Image Release: <url:github.com> Contents: read Metadata: read Secret source: None Prepare workflow directory Prepare all required actions Getting action download info Download action repository 'astral-sh/setup-uv@v4' (SHA:<SHA>) Download action repository 'actions/checkout@v4' (SHA:<SHA>) ,0.5066524268068551,0.41285654077500583,0.00020864883971992142,0.02874331595661239,0.051539067621806774
compilation,test_failure,test_failure,False,0.9543942565543433,0.9319835408252497,pypa/virtualenv,🧪 check,🧪 test 3.9 - ubuntu-24.04,🏃 Run test suite,test.assertion,ollama,0.855,False,feat_step_is_test=1; feat_primary_is_test=1; feat_error_in_test_step=1,7f5fce9b45 Execute installation script Check if Python hostedtoolcache folder exist... Create Python 3.9.25 folder Copy Python binaries to hostedtoolcache folder Create additional symlinks (Required for the UsePythonVersion Azure Pipelines task and the setup-python GitHub Action) Upgrading pip... Looking in links: /tmp/tmp8ogsyoz5 Requirement already satisfied: setuptools in /opt/hostedtoolcache/Python/3.9.25/x64/lib/python3.9/site-packages (79.0.1) Requirement already satisfied: pip in /opt/hostedtoolcache/Python/3.9.25/x64/lib/python3.9/site-packages (23.0.1) Collecting pip Downloading pip-2,0.022410715729093606,0.008810790568077344,0.0007368986595253221,0.013647338488960358,0.9543942565543433
compilation,test_failure,test_failure,False,0.605330367988132,0.2727265733879381,fabric8io/kubernetes-client,Build,Java 11 Maven,Build Project,runtime.exit_code,ollama,0.855,False,feat_tests_ran=1; feat_num_tests_run=46; feat_build_duration=0.549; feat_fw_junit=1; feat_fw_gradle=1; feat_is_java=1; feat_step_is_compile=1; feat_primary_is_runtime=1; feat_first_error_after_tests_started=1; feat_error_in_compile_step=1; feat_error_in_test_step=1; feat_has_compile_task=1,kHttp [jar] [INFO] Fabric8 :: Kubernetes :: HttpClient :: Vert.x [jar] [INFO] Fabric8 :: Kubernetes :: HttpClient :: Vert.x 5 [jar] [INFO] Fabric8 :: Kubernetes :: Java Client [jar] [INFO] Fabric8 :: Kubernetes :: JUnit :: Jupiter [jar] [INFO] Fabric8 :: Kubernetes :: JUnit :: Jupiter (Autodetected) [jar] [INFO] Fabric8 :: Kubernetes :: JUnit :: Server Mock [jar] [INFO] Kube API Test Parent [pom] [INFO] Kube API Test [jar] [INFO] Kube API Test - Client Injecting Support [jar] [INFO] Fabric8 :: Openshift :: Java Client API [jar] [INFO] Fabric8 :: Openshift :: Java Client [jar] [INFO] Fabric8 ::,0.3326037946001939,0.040260190123349984,0.0005217351289083413,0.021283912159415688,0.605330367988132
compilation,test_failure,test_failure,False,0.39589370280020797,0.017731320715683008,aio-libs/aiobotocore,CI/CD,check,Decide whether the needed jobs succeeded or failed,runtime.exit_code,ollama,0.855,False,feat_primary_is_runtime=1; feat_first_error_before_tests=1,"ï»¿Current runner version: '2.333.1' Hosted Compute Agent Version: 20260213.493 Commit: <SHA> Build Date: Worker ID: {9b5a2da8-3a55-445f-8e5b-4396f18670f5} Azure Region: westus3 Ubuntu 24.04.4 LTS Image: ubuntu-24.04 Version: 20260413.86.1 Included Software: <url:github.com> Image Release: <url:github.com> Metadata: read Secret source: Actions Prepare workflow directory Prepare all required actions Getting action download info Download action repository 're-actors/alls-green@<SHA>' (SHA:<SHA>) Complete job name: check with: jobs: { ""build"": { ""result"": ""success"", ""outputs"": {} }, ""test"": { ""re",0.37816238208452496,0.20035463863182076,0.00018434143318934657,0.025404935050257028,0.39589370280020797
configuration,compilation,compilation,False,0.5513166612264826,0.22331911174760527,checkstyle/checkstyle,Check PR Description,Analyze,Do action,runtime.exit_code,ollama,0.95,False,feat_is_java=1; feat_primary_is_runtime=1; feat_first_error_before_tests=1,ï»¿Current runner version: '2.333.1' Hosted Compute Agent Version: 20260213.493 Commit: <SHA> Build Date: Worker ID: {c285241e-ebce-4110-b51d-b384052e3f64} Azure Region: eastus Ubuntu 24.04.4 LTS Image: ubuntu-24.04 Version: 20260413.86.1 Included Software: <url:github.com> Image Release: <url:github.com> Contents: read Metadata: read Packages: read Secret source: None Prepare workflow directory Prepare all required actions Getting action download info Download action repository 'actions/checkout@v6' (SHA:<SHA>) Complete job name: Analyze with: repository: checkstyle/checkstyle token: *** ssh-,0.5513166612264826,0.3279975494788773,0.0002389049518138468,0.03286963471101677,0.08757724963180934
compilation,test_failure,test_failure,False,0.39589370280020797,0.017731320715683008,aio-libs/aiohttp,CI,check,Decide whether the needed jobs succeeded or failed,runtime.exit_code,ollama,0.855,False,feat_primary_is_runtime=1; feat_first_error_before_tests=1,ï»¿Current runner version: '2.333.1' Hosted Compute Agent Version: 20260213.493 Commit: <SHA> Build Date: Worker ID: {d660855d-04ea-4b38-b657-68c165038b7d} Azure Region: westcentralus Ubuntu 24.04.4 LTS Image: ubuntu-24.04 Version: 20260323.65.1 Included Software: <url:github.com> Image Release: <url:github.com> Metadata: read Secret source: Dependabot Prepare workflow directory Prepare all required actions Getting action download info Download action repository 're-actors/alls-green@release/v1' (SHA:<SHA>) Download action repository 'codecov/codecov-action@v6' (SHA:<SHA>) Getting action downl,0.37816238208452496,0.20035463863182076,0.00018434143318934657,0.025404935050257028,0.39589370280020797
infrastructure,configuration,configuration,False,0.501488343219975,0.020724075492872418,ben-manes/caffeine,Static analysis for Java,Forbidden APIs,Forbidden Apis,dep.auth,ollama,0.81,False,feat_fw_gradle=1; feat_is_java=1; feat_kw_config_fail=1; feat_config_no_compile=1; feat_primary_is_config=1; feat_config_auth_permission=1; feat_config_strong_only=1,ï»¿Current runner version: '2.333.1' Hosted Compute Agent Version: 20260213.493 Commit: <SHA> Build Date: Worker ID: {b5907226-6a1d-436a-b5e2-8af24198204d} Azure Region: eastus2 Ubuntu 24.04.4 LTS Image: ubuntu-24.04 Version: 20260413.86.1 Included Software: <url:github.com> Image Release: <url:github.com> Contents: read Metadata: read Secret source: Actions Prepare workflow directory Prepare all required actions Getting action download info Download action repository 'step-security/harden-runner@<SHA>' (SHA:<SHA>) Download action repository 'actions/checkout@<SHA>' (SHA:<SHA>) Complete job na,0.011986917212712115,0.501488343219975,9.483217877369698e-05,0.4807642677271026,0.0056656396614365254
infrastructure,compilation,compilation,False,0.5513166612264826,0.22331911174760527,ben-manes/caffeine,Spelling,Typos,Typos,runtime.exit_code,ollama,0.855,False,feat_is_java=1; feat_primary_is_runtime=1; feat_first_error_before_tests=1,ï»¿Current runner version: '2.333.1' Hosted Compute Agent Version: 20260213.493 Commit: <SHA> Build Date: Worker ID: {46e26949-5d02-49e0-bedc-8ae8cf0db7de} Azure Region: northcentralus Ubuntu 24.04.4 LTS Image: ubuntu-24.04 Version: 20260413.86.1 Included Software: <url:github.com> Image Release: <url:github.com> Contents: read Metadata: read Secret source: Actions Prepare workflow directory Prepare all required actions Getting action download info Download action repository 'step-security/harden-runner@<SHA>' (SHA:<SHA>) Download action repository 'actions/checkout@<SHA>' (SHA:<SHA>) Download,0.5513166612264826,0.3279975494788773,0.0002389049518138468,0.03286963471101677,0.08757724963180934
configuration,compilation,compilation,False,0.7735259989147643,0.5919295663706066,pypa/virtualenv,🧪 check,🧪 test 3.14t - windows-2025,🏗️ Setup test suite,runtime.exit_code,ollama,0.95,False,feat_step_is_test=1; feat_step_is_setup=1; feat_primary_is_runtime=1; feat_first_error_before_tests=1; feat_error_in_setup_step=1; feat_error_in_test_step=1,ï»¿Current runner version: '2.331.0' Hosted Compute Agent Version: 20260123.484 Commit: <SHA> Build Date: Worker ID: {ea44039e-7bd7-418b-84d8-8c0771192bc8} Azure Region: northcentralus Microsoft Windows Server 2025 10.0.26100 Datacenter Image: windows-2025 Version: 20260209.23.1 Included Software: <url:github.com> Image Release: <url:github.com> Contents: read Metadata: read Secret source: Actions Prepare workflow directory Prepare all required actions Getting action download info Download action repository 'astral-sh/setup-uv@v4' (SHA:<SHA>) Download action repository 'actions/checkout@v4' (S,0.7735259989147643,0.18159643254415764,0.0004439237919030149,0.010965037118332903,0.03346860763084238
configuration,test_failure,test_failure,False,0.39589370280020797,0.017731320715683008,psf/black,changelog,check,Grep CHANGES.md for PR number,runtime.exit_code,ollama,0.95,False,feat_primary_is_runtime=1; feat_first_error_before_tests=1,ï»¿Current runner version: '2.331.0' Hosted Compute Agent Version: 20260213.493 Commit: <SHA> Build Date: Worker ID: {ffe2bceb-f25d-4b26-8c05-99ba589a6729} Azure Region: northcentralus Ubuntu 24.04.3 LTS Image: ubuntu-24.04 Version: 20260224.36.1 Included Software: <url:github.com> Image Release: <url:github.com> Contents: read Metadata: read Secret source: None Prepare workflow directory Prepare all required actions Getting action download info Download action repository 'actions/checkout@<SHA>' (SHA:<SHA>) Complete job name: check with: persist-credentials: false repository: psf/black token:,0.37816238208452496,0.20035463863182076,0.00018434143318934657,0.025404935050257028,0.39589370280020797
compilation,test_failure,test_failure,False,0.39589370280020797,0.017731320715683008,astral-sh/ruff,CI,all required checks passed,Check required jobs passed,runtime.exit_code,ollama,0.855,False,feat_primary_is_runtime=1; feat_first_error_before_tests=1,"ï»¿Current runner version: '2.333.1' Hosted Compute Agent Version: 20260213.493 Commit: <SHA> Build Date: Worker ID: {7f71b93a-c39f-45f0-aaf5-71149368c30f} Azure Region: westus3 - OS: Linux (x64) - Source: Docker - Name: ubuntu:24.04 - Version: 20260413.54.1 Metadata: read Secret source: None Prepare workflow directory Prepare all required actions Complete job name: all required checks passed failing=$(echo ""$NEEDS_JSON"" | jq -r 'to_entries[] | select(.value.result != ""success"" and .value.result != ""skipped"") | ""\(.key): \(.value.result)""') if [ -n ""$failing"" ]; then echo ""$failing"" exit 1 fi ",0.37816238208452496,0.20035463863182076,0.00018434143318934657,0.025404935050257028,0.39589370280020797
configuration,compilation,compilation,False,0.5513166612264826,0.22331911174760527,fabric8io/kubernetes-client,E2E CRC-OKD Tests,CRC 2.32.0 / OKD v4.14.0,Start CRC,runtime.exit_code,ollama,0.95,False,feat_is_java=1; feat_primary_is_runtime=1; feat_first_error_before_tests=1,..... .......... .......... .......... .......... 85% 203M 0s 28000K .......... .......... .......... .......... .......... 85% 175M 0s 28050K .......... .......... .......... .......... .......... 85% 237M 0s 28100K .......... .......... .......... .......... .......... 85% 228M 0s 28150K .......... .......... .......... .......... .......... 85% 195M 0s 28200K .......... .......... .......... .......... .......... 85% 192M 0s 28250K .......... .......... .......... .......... .......... 85% 234M 0s 28300K .......... .......... .......... .......... .......... 86% 240M 0s 28350K .......... ..,0.5513166612264826,0.3279975494788773,0.0002389049518138468,0.03286963471101677,0.08757724963180934
compilation,test_failure,test_failure,False,0.39589370280020797,0.017731320715683008,pytest-dev/pytest,test,check,Decide whether the needed jobs succeeded or failed,runtime.exit_code,ollama,0.855,False,feat_primary_is_runtime=1; feat_first_error_before_tests=1,"ï»¿Current runner version: '2.333.1' Hosted Compute Agent Version: 20260213.493 Commit: <SHA> Build Date: Worker ID: {81f135fb-1655-48c1-b24e-9b9059321ef2} Azure Region: eastus Ubuntu 24.04.4 LTS Image: ubuntu-24.04 Version: 20260413.86.1 Included Software: <url:github.com> Image Release: <url:github.com> Metadata: read Secret source: None Prepare workflow directory Prepare all required actions Getting action download info Download action repository 're-actors/alls-green@<SHA>' (SHA:<SHA>) Complete job name: check with: jobs: { ""build"": { ""result"": ""failure"", ""outputs"": {} } } allowed-failures",0.37816238208452496,0.20035463863182076,0.00018434143318934657,0.025404935050257028,0.39589370280020797
compilation,test_failure,test_failure,False,0.39589370280020797,0.017731320715683008,aio-libs/aiobotocore,CI/CD,test / Test Python 3.9 on ubuntu-24.04,Run unittests,runtime.exit_code,ollama,0.855,False,feat_primary_is_runtime=1; feat_first_error_before_tests=1,ï»¿Current runner version: '2.333.1' Hosted Compute Agent Version: 20260213.493 Commit: <SHA> Build Date: Worker ID: {f52023ca-9bc5-4ea7-96c9-1070a179ab35} Azure Region: northcentralus Ubuntu 24.04.4 LTS Image: ubuntu-24.04 Version: 20260329.72.1 Included Software: <url:github.com> Image Release: <url:github.com> Metadata: read Secret source: None Prepare workflow directory Prepare all required actions Getting action download info Download action repository 'actions/checkout@<SHA>' (SHA:<SHA>) Download action repository 'astral-sh/setup-uv@<SHA>' (SHA:<SHA>) Download action repository 'codecov,0.37816238208452496,0.20035463863182076,0.00018434143318934657,0.025404935050257028,0.39589370280020797
configuration,test_failure,test_failure,False,0.39589370280020797,0.017731320715683008,mlflow/mlflow,JS,check-component-ids,Check componentId registry,runtime.exit_code,ollama,0.9,False,feat_primary_is_runtime=1; feat_first_error_before_tests=1,ï»¿Current runner version: '2.333.1' Hosted Compute Agent Version: 20260213.493 Commit: <SHA> Build Date: Worker ID: {1c37a2b7-5772-49a5-986b-9a43bdc8e345} Azure Region: centralus - OS: Linux (x64) - Source: Docker - Name: ubuntu:24.04 - Version: 20260413.54.1 Contents: read Metadata: read Secret source: None Prepare workflow directory Prepare all required actions Getting action download info Download action repository 'actions/checkout@<SHA>' (SHA:<SHA>) Complete job name: check-component-ids with: persist-credentials: false repository: mlflow/mlflow token: *** ssh-strict: true ssh-user: git ,0.37816238208452496,0.20035463863182076,0.00018434143318934657,0.025404935050257028,0.39589370280020797
configuration,compilation,compilation,False,0.5513166612264826,0.22331911174760527,checkstyle/checkstyle,Check PR Description,Analyze,Do action,runtime.exit_code,ollama,0.95,False,feat_is_java=1; feat_primary_is_runtime=1; feat_first_error_before_tests=1,ï»¿Current runner version: '2.334.0' Hosted Compute Agent Version: 20260213.493 Commit: <SHA> Build Date: Worker ID: {faad7460-f4ba-421a-a1c1-6ecfcc449e1e} Azure Region: eastus Ubuntu 24.04.4 LTS Image: ubuntu-24.04 Version: 20260413.86.1 Included Software: <url:github.com> Image Release: <url:github.com> Contents: read Metadata: read Packages: read Secret source: None Prepare workflow directory Prepare all required actions Getting action download info Download action repository 'actions/checkout@v6' (SHA:<SHA>) Complete job name: Analyze with: repository: checkstyle/checkstyle token: *** ssh-,0.5513166612264826,0.3279975494788773,0.0002389049518138468,0.03286963471101677,0.08757724963180934
infrastructure,test_failure,test_failure,False,0.39589370280020797,0.017731320715683008,pypa/pip,CI,mre / 3.15 / Windows,Run MRE,runtime.exit_code,ollama,0.855,False,feat_primary_is_runtime=1; feat_first_error_before_tests=1,ï»¿Current runner version: '2.333.1' Hosted Compute Agent Version: 20260213.493 Commit: <SHA> Build Date: Worker ID: {591bbf5e-e1db-4722-92f5-6c366d37df0d} Azure Region: eastus Microsoft Windows Server 2025 10.0.26100 Datacenter Image: windows-2025 Version: 20260413.84.1 Included Software: <url:github.com> Image Release: <url:github.com> Contents: read Metadata: read Secret source: None Prepare workflow directory Prepare all required actions Getting action download info Download action repository 'actions/checkout@<SHA>' (SHA:<SHA>) Download action repository 'actions/setup-python@<SHA>' (SHA:,0.37816238208452496,0.20035463863182076,0.00018434143318934657,0.025404935050257028,0.39589370280020797
test_failure,configuration,configuration,False,0.5397780984283961,0.12387697127690728,scrapy/scrapy,Windows,"tests (3.13, extra-deps)",Run tests,policy.branch_or_protection,ollama,0.855,False,feat_fw_junit=1; feat_fw_pytest=1; feat_primary_is_config=1; feat_has_dependency_install=1,"[command]""C:\Program Files\Git\bin\git.exe"" checkout --progress --force refs/remotes/pull/7115/merge Note: switching to 'refs/remotes/pull/7115/merge'. You are in 'detached HEAD' state. You can look around, make experimental changes and commit them, and you can discard any commits you make in this state without impacting any branches by switching back to a branch. If you want to create a new branch to retain commits you create, you may do so (now or later) by using -c with the switch command. Example: git switch -c <new-branch-name> Or undo this operation with: git switch - Turn off this advic",0.02780096479056729,0.5397780984283961,0.0011532886317336386,0.015366520997814182,0.4159011271514888
configuration,test_failure,test_failure,False,0.39589370280020797,0.017731320715683008,django/django,Check commit prefix,check-commit-suffix,Check commit messages suffix,runtime.exit_code,ollama,0.95,False,feat_primary_is_runtime=1; feat_first_error_before_tests=1,ï»¿Current runner version: '2.333.1' Hosted Compute Agent Version: 20260213.493 Commit: <SHA> Build Date: Worker ID: {c68e17c2-2e04-415d-b57e-7c8471470435} Azure Region: westus Ubuntu 24.04.4 LTS Image: ubuntu-24.04 Version: 20260406.80.1 Included Software: <url:github.com> Image Release: <url:github.com> Contents: read Metadata: read Secret source: None Prepare workflow directory Prepare all required actions Getting action download info Download action repository 'actions/checkout@v6' (SHA:<SHA>) Complete job name: check-commit-suffix with: persist-credentials: false repository: django/django,0.37816238208452496,0.20035463863182076,0.00018434143318934657,0.025404935050257028,0.39589370280020797
compilation,test_failure,test_failure,False,0.39589370280020797,0.017731320715683008,aio-libs/aiobotocore,CI/CD,check,Decide whether the needed jobs succeeded or failed,runtime.exit_code,ollama,0.855,False,feat_primary_is_runtime=1; feat_first_error_before_tests=1,"ï»¿Current runner version: '2.333.1' Hosted Compute Agent Version: 20260213.493 Commit: <SHA> Build Date: Worker ID: {c9118ca0-a0a6-4824-873d-dc71e40e0b59} Azure Region: westus Ubuntu 24.04.4 LTS Image: ubuntu-24.04 Version: 20260406.80.1 Included Software: <url:github.com> Image Release: <url:github.com> Metadata: read Secret source: Actions Prepare workflow directory Prepare all required actions Getting action download info Download action repository 're-actors/alls-green@<SHA>' (SHA:<SHA>) Complete job name: check with: jobs: { ""build"": { ""result"": ""success"", ""outputs"": {} }, ""test"": { ""res",0.37816238208452496,0.20035463863182076,0.00018434143318934657,0.025404935050257028,0.39589370280020797
infrastructure,test_failure,test_failure,False,0.8519423063153971,0.7353750007566866,apache/airflow,Tests,MySQL tests: core / DB-core:MySQL:8.0:3.10:Core...Serialization,core:DB Tests MySQL 8.0 Py3.10:Core Other Serialization,test.assertion,ollama,0.855,False,feat_primary_is_test=1,ï»¿Current runner version: '2.333.1' Hosted Compute Agent Version: 20260422.526 Commit: <SHA> Build Date: Worker ID: {8539880b-3add-4afc-8d11-a9d3859785db} Azure Region: westus Ubuntu 22.04.5 LTS Image: ubuntu-22.04 Version: 20260426.102.1 Included Software: <url:github.com> Image Release: <url:github.com> Contents: read Metadata: read Secret source: None Prepare workflow directory Prepare all required actions Getting action download info Download action repository 'actions/checkout@<SHA>' (SHA:<SHA>) Uses: apache/airflow/.github/workflows/run-unit-tests.yml@refs/pull/66008/merge (<SHA>) runne,0.021910496881458817,0.009370104908797531,0.00020978633563600426,0.1165673055587105,0.8519423063153971
compilation,test_failure,test_failure,False,0.4462507206611077,0.0788071520825695,pydantic/pydantic,CI,Test windows-latest / 3.12,"Run uv run python -c ""import pydantic.version; print(pydantic.version.version_info())""",runtime.exit_code,ollama,0.855,False,feat_fw_pytest=1; feat_kw_config_fail=1; feat_config_no_compile=1; feat_primary_is_runtime=1; feat_config_missing_file=1; feat_first_error_after_tests_started=1; feat_error_in_test_step=1,"[command]""C:\Program Files\Git\bin\git.exe"" log -1 --format=%H <SHA> with: python-version: 3.12 activate-environment: false working-directory: D:\a\pydantic\pydantic github-token: *** enable-cache: auto cache-dependency-glob: **/*requirements*.txt **/*requirements*.in **/*constraints*.txt **/*constraints*.in **/pyproject.toml **/uv.lock **/*.py.lock restore-cache: true save-cache: true prune-cache: true cache-python: false ignore-nothing-to-cache: false ignore-empty-workdir: false add-problem-matchers: true resolution-strategy: highest env: COLUMNS: 150 UV_FROZEN: true FORCE_COLOR: 1 OS: windo",0.3674435685785382,0.15843637595321236,0.0015919532420832837,0.026277381565058523,0.4462507206611077
infrastructure,compilation,compilation,False,0.8039653280926543,0.6687861853977408,apache/camel-quarkus,Daily Build Quarkus main,Native Tests - group-09,Integration Tests,runtime.exit_code,ollama,0.72,False,feat_fw_junit=1; feat_is_java=1; feat_primary_is_runtime=1; feat_first_error_before_tests=1; feat_has_compile_task=1,rkus-main' branch 'quarkus-main' set up to track 'origin/quarkus-main'. [command]/usr/bin/git log -1 --format=%H <SHA> .github/reclaim-disk-space.sh shell: /usr/bin/bash -e {0} env: LANG: en_US.UTF-8 MAVEN_OPTS: -Xmx3000m CQ_MAVEN_ARGS: -V -ntp -e -Daether.connector.http.connectionMaxTtl=120 TESTCONTAINERS_RYUK_DISABLED: true ISSUE_ID: 2926 Free disk space before space reclaimed Filesystem Size Used Avail Use% Mounted on /dev/root 145G 58G 87G 41% / Reclaiming disk space... Free disk space after space reclaimed Filesystem Size Used Avail Use% Mounted on /dev/root 145G 30G 116G 21% / git config,0.8039653280926543,0.13517914269491346,9.20457637455906e-05,0.0031194373587121998,0.05764404608997439
compilation,test_failure,test_failure,False,0.4462507206611077,0.0788071520825695,pydantic/pydantic,CI,Test macos-latest / 3.11,"Run uv run python -c ""import pydantic.version; print(pydantic.version.version_info())""",runtime.exit_code,ollama,0.81,False,feat_fw_pytest=1; feat_kw_config_fail=1; feat_config_no_compile=1; feat_primary_is_runtime=1; feat_config_missing_file=1; feat_first_error_after_tests_started=1; feat_error_in_test_step=1,ï»¿Current runner version: '2.333.0' Hosted Compute Agent Version: 20260213.493 Commit: <SHA> Build Date: Worker ID: {8198cfcf-c80b-4cfa-b1dc-f30b45453ef9} Azure Region: westus macOS 15.7.4 24G517 Image: macos-15-arm64 Version: 20260325.0234.1 Included Software: <url:github.com> Image Release: <url:github.com> Actions: write ArtifactMetadata: write Attestations: write Checks: write Contents: write Deployments: write Discussions: write Issues: write Metadata: read Models: read Packages: write Pages: write PullRequests: write RepositoryProjects: write SecurityEvents: write Statuses: write Secret,0.3674435685785382,0.15843637595321236,0.0015919532420832837,0.026277381565058523,0.4462507206611077
infrastructure,test_failure,test_failure,False,0.39589370280020797,0.017731320715683008,pypa/pip,CI,mre / 3.15 / main,Run MRE against main,runtime.exit_code,ollama,0.855,False,feat_primary_is_runtime=1; feat_first_error_before_tests=1,ï»¿Current runner version: '2.333.1' Hosted Compute Agent Version: 20260213.493 Commit: <SHA> Build Date: Worker ID: {3749f6ac-b869-4d25-a7bc-8c815959796b} Azure Region: centralus Microsoft Windows Server 2025 10.0.26100 Datacenter Image: windows-2025 Version: 20260413.84.1 Included Software: <url:github.com> Image Release: <url:github.com> Contents: read Metadata: read Secret source: None Prepare workflow directory Prepare all required actions Getting action download info Download action repository 'actions/checkout@<SHA>' (SHA:<SHA>) Download action repository 'actions/setup-python@<SHA>' (S,0.37816238208452496,0.20035463863182076,0.00018434143318934657,0.025404935050257028,0.39589370280020797
test_failure,infrastructure,infrastructure,False,0.4847595401870418,0.011723584063406345,pypa/pipenv,CI,Windows / 3.10,Run tests,infra.network.socket,ollama,0.855,False,feat_fw_pytest=1; feat_kw_test_assert=1; feat_primary_is_infra=1; feat_first_error_after_tests_started=1; feat_error_in_test_step=1; feat_has_dependency_install=1,"Successfully installed packaging-26.0 setuptools-82.0.1 wheel-0.46.3 git submodule sync git submodule update --init --recursive python -m pip install -e . --upgrade pipenv install --deploy --dev --python=3.10 shell: C:\Program Files\PowerShell\7\pwsh.EXE -command "". '{0}'"" env: pythonLocation: C:\hostedtoolcache\windows\Python\3.10.11\x64 PKG_CONFIG_PATH: C:\hostedtoolcache\windows\Python\3.10.11\x64/lib/pkgconfig Python_ROOT_DIR: C:\hostedtoolcache\windows\Python\3.10.11\x64 Python2_ROOT_DIR: C:\hostedtoolcache\windows\Python\3.10.11\x64 Python3_ROOT_DIR: C:\hostedtoolcache\windows\Python\3.1",0.027498719869563197,0.01354470143649106,0.0011610823832684765,0.4847595401870418,0.47303595612363547
infrastructure,configuration,configuration,False,0.7316079330394352,0.5337543666170257,checkstyle/checkstyle,Checker,check (nullness-optional-interning),Install Groovy,runtime.exit_code,ollama,0.855,False,feat_is_java=1; feat_kw_config_fail=1; feat_config_no_compile=1; feat_step_is_setup=1; feat_primary_is_runtime=1; feat_config_missing_file=1; feat_first_error_before_tests=1; feat_error_in_setup_step=1,ï»¿Current runner version: '2.333.1' Hosted Compute Agent Version: 20260213.493 Commit: <SHA> Build Date: Worker ID: {9e43db3e-3126-4d5b-a4d7-9713335dab71} Azure Region: westus3 Ubuntu 24.04.4 LTS Image: ubuntu-24.04 Version: 20260413.86.1 Included Software: <url:github.com> Image Release: <url:github.com> Contents: read Metadata: read Packages: read Secret source: None Prepare workflow directory Prepare all required actions Getting action download info Download action repository 'actions/setup-java@v5' (SHA:<SHA>) Download action repository 'actions/checkout@v6' (SHA:<SHA>) Download action re,0.19785356642240945,0.7316079330394352,0.00018998827117439849,0.05889756473161916,0.011450947535361862
configuration,test_failure,test_failure,False,0.39589370280020797,0.017731320715683008,psf/black,changelog,check,Grep CHANGES.md for PR number,runtime.exit_code,ollama,0.95,False,feat_primary_is_runtime=1; feat_first_error_before_tests=1,ï»¿Current runner version: '2.333.1' Hosted Compute Agent Version: 20260213.493 Commit: <SHA> Build Date: Worker ID: {3ecbe159-3360-4ed8-a90f-e19205110daf} Azure Region: eastus Ubuntu 24.04.4 LTS Image: ubuntu-24.04 Version: 20260406.80.1 Included Software: <url:github.com> Image Release: <url:github.com> Contents: read Metadata: read Secret source: None Prepare workflow directory Prepare all required actions Getting action download info Download action repository 'actions/checkout@<SHA>' (SHA:<SHA>) Complete job name: check with: persist-credentials: false repository: psf/black token: *** ssh,0.37816238208452496,0.20035463863182076,0.00018434143318934657,0.025404935050257028,0.39589370280020797
compilation,configuration,configuration,False,0.7363335926211393,0.5042939201486927,pydantic/pydantic,Third party tests,Test FastAPI (main branch) on Python 3.9,Install FastAPI dependencies,runtime.exit_code,ollama,0.855,False,feat_kw_config_fail=1; feat_config_no_compile=1; feat_step_is_setup=1; feat_primary_is_runtime=1; feat_config_missing_file=1; feat_first_error_before_tests=1; feat_error_in_setup_step=1; feat_has_dependency_install=1,"ic' [command]/usr/bin/git version git version 2.53.0 Temporarily overriding HOME='/home/runner/work/_temp/87167066-b22a-400c-9bfa-f2f0ed54db7f' before making global git config changes Adding repository directory to the temporary git global config as a safe directory [command]/usr/bin/git config --global --add safe.directory /home/runner/work/pydantic/pydantic Deleting the contents of '/home/runner/work/pydantic/pydantic' [command]/usr/bin/git init /home/runner/work/pydantic/pydantic hint: Using 'master' as the name for the initial branch. This default branch name hint: will change to ""main"" in",0.23203967247244656,0.7363335926211393,0.0001145672784818954,0.01575979240772157,0.0157523752202105
compilation,configuration,configuration,False,0.5108963735889769,0.0867106351401602,tox-dev/tox,check,test 3.13 on ubuntu-24.04,Install tox@self,runtime.exit_code,ollama,0.81,False,feat_kw_config_fail=1; feat_config_no_compile=1; feat_step_is_setup=1; feat_primary_is_runtime=1; feat_config_missing_file=1; feat_first_error_before_tests=1; feat_error_in_setup_step=1,* [new tag] 3.27.1 -> 3.27.1 * [new tag] 3.28.0 -> 3.28.0 * [new tag] 3.3.0 -> 3.3.0 * [new tag] 3.4.0 -> 3.4.0 * [new tag] 3.5.0 -> 3.5.0 * [new tag] 3.5.1 -> 3.5.1 * [new tag] 3.5.2 -> 3.5.2 * [new tag] 3.5.3 -> 3.5.3 * [new tag] 3.6.0 -> 3.6.0 * [new tag] 3.6.1 -> 3.6.1 * [new tag] 3.7.0 -> 3.7.0 * [new tag] 3.8.0 -> 3.8.0 * [new tag] 3.8.1 -> 3.8.1 * [new tag] 3.8.2 -> 3.8.2 * [new tag] 3.8.3 -> 3.8.3 * [new tag] 3.8.4 -> 3.8.4 * [new tag] 3.8.5 -> 3.8.5 * [new tag] 3.8.6 -> 3.8.6 * [new tag] 3.9.0 -> 3.9.0 * [new tag] 4.0.0 -> 4.0.0 * [new tag] 4.0.0a1 -> 4.0.0a1 * [new tag] 4.0.0a10 -> 4,0.4241857384488167,0.5108963735889769,0.00018558233350377516,0.019575947029945556,0.045156358598757156
compilation,test_failure,test_failure,False,0.5383976504270003,0.25071174165364624,pydantic/pydantic,Third party tests,Test Cadwyn (main branch) on Python 3.11,Run Cadwyn tests,runtime.exit_code,ollama,0.855,False,feat_fw_pytest=1; feat_primary_is_runtime=1; feat_first_error_after_tests_started=1; feat_error_in_test_step=1; feat_has_dependency_install=1,"pyproject.toml. Falling back to latest. Fetching version data from <url:raw.githubusercontent.com> ... Downloading uv from ""<url:releases.astral.sh> ... [command]/usr/bin/tar xz --warning=no-unknown-keyword --overwrite -C /home/runner/work/_temp/f957a392-c35d-4d57-8bae-782d16722100 -f /home/runner/work/_temp/32a1bd78-3296-4732-b6c3-ccc5a67d4940 Added /home/runner/.local/bin to the path Added /opt/hostedtoolcache/uv/0.11.2/x86_64 to the path Set UV_PYTHON_INSTALL_DIR to /home/runner/work/_temp/uv-python-dir Added /home/runner/work/_temp/uv-python-dir to the path Set UV_PYTHON to 3.11 Creating a",0.28768590877335404,0.1377441340393763,0.0012915882105994049,0.034880718549670016,0.5383976504270003
configuration,infrastructure,infrastructure,False,0.6008563651196355,0.34187409170382527,pallets/click,pre-commit,main,Run uv run --locked --group pre-commit pre-commit run --show-diff-on-failure --color=always --all-files,infra.network.socket,ollama,0.855,False,feat_kw_config_fail=1; feat_config_no_compile=1; feat_primary_is_infra=1; feat_config_missing_file=1; feat_first_error_before_tests=1,ï»¿Current runner version: '2.332.0' Hosted Compute Agent Version: 20260213.493 Commit: <SHA> Build Date: Worker ID: {6bd53359-104a-4da4-a9ab-b012f346c265} Azure Region: northcentralus Ubuntu 24.04.3 LTS Image: ubuntu-24.04 Version: 20260302.42.1 Included Software: <url:github.com> Image Release: <url:github.com> Contents: read Metadata: read Packages: read Secret source: None Prepare workflow directory Prepare all required actions Getting action download info Download action repository 'actions/checkout@<SHA>' (SHA:<SHA>) Download action repository 'astral-sh/setup-uv@<SHA>' (SHA:<SHA>) Downl,0.0864210198708614,0.053255936413298496,0.0004844051803943259,0.6008563651196355,0.2589822734158102
compilation,test_failure,test_failure,False,0.39589370280020797,0.017731320715683008,python-poetry/poetry,Tests,Status,Run false,runtime.exit_code,ollama,0.855,False,feat_primary_is_runtime=1; feat_first_error_before_tests=1,ï»¿Current runner version: '2.332.0' Hosted Compute Agent Version: 20260213.493 Commit: <SHA> Build Date: Worker ID: {1135a5d7-a517-45a5-a1f9-87df82cde676} Azure Region: northcentralus Ubuntu 24.04.3 LTS Image: ubuntu-24.04 Version: 20260302.42.1 Included Software: <url:github.com> Image Release: <url:github.com> Metadata: read Secret source: None Prepare workflow directory Prepare all required actions Complete job name: Status false shell: /usr/bin/bash --noprofile --norc -e -o pipefail {0} ##[error]Process completed with exit code 1. Cleaning up orphan processes,0.37816238208452496,0.20035463863182076,0.00018434143318934657,0.025404935050257028,0.39589370280020797
configuration,compilation,compilation,False,0.7120414269000241,0.46496837833578464,tox-dev/tox,check,test 3.14 on ubuntu-24.04,Setup test suite,runtime.exit_code,ollama,0.9,False,feat_kw_config_fail=1; feat_config_no_compile=1; feat_step_is_test=1; feat_step_is_setup=1; feat_primary_is_runtime=1; feat_config_missing_file=1; feat_first_error_before_tests=1; feat_error_in_setup_step=1; feat_error_in_test_step=1,-> 3.8.5 * [new tag] 3.8.6 -> 3.8.6 * [new tag] 3.9.0 -> 3.9.0 * [new tag] 4.0.0 -> 4.0.0 * [new tag] 4.0.0a1 -> 4.0.0a1 * [new tag] 4.0.0a10 -> 4.0.0a10 * [new tag] 4.0.0a2 -> 4.0.0a2 * [new tag] 4.0.0a3 -> 4.0.0a3 * [new tag] 4.0.0a4 -> 4.0.0a4 * [new tag] 4.0.0a5 -> 4.0.0a5 * [new tag] 4.0.0a6 -> 4.0.0a6 * [new tag] 4.0.0a7 -> 4.0.0a7 * [new tag] 4.0.0a8 -> 4.0.0a8 * [new tag] 4.0.0a9 -> 4.0.0a9 * [new tag] 4.0.0b1 -> 4.0.0b1 * [new tag] 4.0.0b2 -> 4.0.0b2 * [new tag] 4.0.0b3 -> 4.0.0b3 * [new tag] 4.0.0rc1 -> 4.0.0rc1 * [new tag] 4.0.0rc2 -> 4.0.0rc2 * [new tag] 4.0.0rc3 -> 4.0.0rc3 * [new,0.7120414269000241,0.24707304856423948,0.0004341236936261335,0.00821070463102483,0.03224069621108521
compilation,test_failure,test_failure,False,0.9707475803550901,0.9535344027168866,python-poetry/poetry,Tests,Ubuntu (Python 3.12) / pytest,Run poetry run pytest --integration -v,test.assertion,ollama,0.855,False,feat_fw_pytest=1; feat_step_is_test=1; feat_primary_is_test=1; feat_first_error_after_tests_started=1; feat_error_in_test_step=1,ntralus Ubuntu 24.04.4 LTS Image: ubuntu-24.04 Version: 20260413.86.1 Included Software: <url:github.com> Image Release: <url:github.com> Metadata: read Secret source: None Prepare workflow directory Prepare all required actions Getting action download info Download action repository 'actions/checkout@<SHA>' (SHA:<SHA>) Uses: python-poetry/poetry/.github/workflows/.tests-matrix.yaml@refs/pull/10852/merge (<SHA>) runner: ubuntu-24.04 python-version: 3.12 run-mypy: true run-pytest: true run-pytest-export: true Complete job name: Ubuntu (Python 3.12) / pytest with: persist-credentials: false repo,0.017213177638203462,0.006855497083464345,0.000573365871331455,0.004610379051910629,0.9707475803550901
compilation,test_failure,test_failure,False,0.8201620621344,0.7179392202107175,pydantic/pydantic,CI,Test macos-latest / 3.10,"Run uv run python -c ""import pydantic.version; print(pydantic.version.version_info())""",runtime.exit_code,ollama,0.81,False,feat_fw_pytest=1; feat_kw_config_fail=1; feat_config_no_compile=1; feat_primary_is_runtime=1; feat_config_missing_file=1; feat_first_error_before_tests=1,ï»¿Current runner version: '2.333.0' Hosted Compute Agent Version: 20260213.493 Commit: <SHA> Build Date: Worker ID: {288f5d68-e9f7-47b9-ab4c-46de93ad58d3} Azure Region: westus macOS 15.7.4 24G517 Image: macos-15-arm64 Version: 20260325.0234.1 Included Software: <url:github.com> Image Release: <url:github.com> Actions: write ArtifactMetadata: write Attestations: write Checks: write Contents: write Deployments: write Discussions: write Issues: write Metadata: read Models: read Packages: write Pages: write PullRequests: write RepositoryProjects: write SecurityEvents: write Statuses: write Secret,0.10222284192368244,0.07349743577214364,7.979004170626597e-05,0.004037870128067574,0.8201620621344
infrastructure,compilation,compilation,False,0.5513166612264826,0.22331911174760527,ben-manes/caffeine,Spelling,Typos,Typos,runtime.exit_code,ollama,0.855,False,feat_is_java=1; feat_primary_is_runtime=1; feat_first_error_before_tests=1,ï»¿Current runner version: '2.332.0' Hosted Compute Agent Version: 20260213.493 Commit: <SHA> Build Date: Worker ID: {70c58800-57b2-4dd6-befb-7dcd81e0c922} Azure Region: westcentralus Ubuntu 24.04.3 LTS Image: ubuntu-24.04 Version: 20260309.50.1 Included Software: <url:github.com> Image Release: <url:github.com> Contents: read Metadata: read Secret source: Actions Prepare workflow directory Prepare all required actions Getting action download info Download action repository 'step-security/harden-runner@<SHA>' (SHA:<SHA>) Download action repository 'actions/checkout@<SHA>' (SHA:<SHA>) Download ,0.5513166612264826,0.3279975494788773,0.0002389049518138468,0.03286963471101677,0.08757724963180934
compilation,test_failure,test_failure,False,0.39589370280020797,0.017731320715683008,tiangolo/fastapi,Test,check,Decide whether the needed jobs succeeded or failed,runtime.exit_code,ollama,0.81,False,feat_primary_is_runtime=1; feat_first_error_before_tests=1,"""followers_url"": ""<url:api.github.com> ""following_url"": ""<url:api.github.com> ""gists_url"": ""<url:api.github.com> ""gravatar_id"": """", ""html_url"": ""<url:github.com> ""id"": 44426557, ""login"": ""HeHongyeFY"", ""node_id"": ""MDQ6VXNlcjQ0NDI2NTU3"", ""organizations_url"": ""<url:api.github.com> ""received_events_url"": ""<url:api.github.com> ""repos_url"": ""<url:api.github.com> ""site_admin"": false, ""starred_url"": ""<url:api.github.com> ""subscriptions_url"": ""<url:api.github.com> ""type"": ""User"", ""url"": ""<url:api.github.com> ""user_view_type"": ""public"" }, ""private"": false, ""pull_request_creation_policy"": ""all"", ""pulls_u",0.37816238208452496,0.20035463863182076,0.00018434143318934657,0.025404935050257028,0.39589370280020797
configuration,test_failure,test_failure,False,0.9450637904113197,0.9228897823843677,astral-sh/ruff,CI,cargo test (depot-windows-2022-16),Run tests,test.assertion,ollama,0.765,False,feat_primary_is_test=1; feat_first_error_before_tests=1,"[command]""C:\Program Files\Git\bin\git.exe"" submodule foreach --recursive ""sh -c \""git config --local --name-only --get-regexp 'http\.https\:\/\/github\.com\/\.extraheader' && git config --local --unset-all 'http.<url:github.com> || :\"""" Removing includeIf entries pointing to credentials config files [command]""C:\Program Files\Git\bin\git.exe"" config --local --name-only --get-regexp ^includeIf\.gitdir: includeif.gitdir:C:/actions-runner/ruff/ruff/.git.path includeif.gitdir:C:/actions-runner/ruff/ruff/.git/worktrees/*.path includeif.gitdir:/github/workspace/.git.path includeif.gitdir:/github/wo",0.022174008026952068,0.016115073662844415,0.0001318700673273755,0.016515257831556548,0.9450637904113197
compilation,test_failure,test_failure,False,0.8615486584756586,0.7821000710913636,pypa/pipenv,CI,Ruff,Run ruff check --output-format=github .,runtime.exit_code,ollama,0.855,False,feat_fw_pytest=1; feat_step_is_lint=1; feat_primary_is_runtime=1; feat_first_error_before_tests=1; feat_error_in_lint_step=1; feat_has_dependency_install=1,ï»¿Current runner version: '2.333.0' Hosted Compute Agent Version: 20260213.493 Commit: <SHA> Build Date: Worker ID: {d78a15ff-8c76-4564-9fd9-064d2fd94a3b} Azure Region: eastus2 Ubuntu 24.04.4 LTS Image: ubuntu-24.04 Version: 20260323.65.1 Included Software: <url:github.com> Image Release: <url:github.com> Contents: read Metadata: read Secret source: Actions Prepare workflow directory Prepare all required actions Getting action download info Download action repository 'actions/checkout@v4' (SHA:<SHA>) Complete job name: Ruff with: repository: pypa/pipenv token: *** ssh-strict: true ssh-user: g,0.07944858738429506,0.05381087881015593,6.984846979753098e-05,0.00512202686009287,0.8615486584756586
configuration,compilation,compilation,False,0.5788588608776064,0.3332454133027914,hibernate/hibernate-orm,GH Actions CI reporting,Publish Sonar scan,Sonar Analysis,runtime.exit_code,ollama,0.9,False,feat_fw_gradle=1; feat_is_java=1; feat_primary_is_runtime=1; feat_first_error_before_tests=1,] 6.2.37 -> 6.2.37 * [new tag] 6.2.38 -> 6.2.38 * [new tag] 6.2.39 -> 6.2.39 * [new tag] 6.2.4 -> 6.2.4 * [new tag] 6.2.40 -> 6.2.40 * [new tag] 6.2.41 -> 6.2.41 * [new tag] 6.2.42 -> 6.2.42 * [new tag] 6.2.43 -> 6.2.43 * [new tag] 6.2.44 -> 6.2.44 * [new tag] 6.2.45 -> 6.2.45 * [new tag] 6.2.46 -> 6.2.46 * [new tag] 6.2.47 -> 6.2.47 * [new tag] 6.2.48 -> 6.2.48 * [new tag] 6.2.49 -> 6.2.49 * [new tag] 6.2.5 -> 6.2.5 * [new tag] 6.2.50 -> 6.2.50 * [new tag] 6.2.6 -> 6.2.6 * [new tag] 6.2.7 -> 6.2.7 * [new tag] 6.2.8 -> 6.2.8 * [new tag] 6.2.9 -> 6.2.9 * [new tag] 6.3.0 -> 6.3.0 * [new tag] 6.3,0.5788588608776064,0.245613447574815,0.0002508399582144533,0.08332449366880904,0.09195235792055506
compilation,test_failure,test_failure,False,0.9598526487793736,0.9406404094921366,pypa/virtualenv,🧪 check,🧪 test pypy-3.9 - ubuntu-24.04,🏃 Run test suite,test.assertion,ollama,0.855,False,feat_step_is_test=1; feat_primary_is_test=1; feat_first_error_before_tests=1; feat_error_in_test_step=1,20.35.1 -> 20.35.1 * [new tag] 20.35.2 -> 20.35.2 * [new tag] 20.35.3 -> 20.35.3 * [new tag] 20.35.4 -> 20.35.4 * [new tag] 20.36.0 -> 20.36.0 * [new tag] 20.36.1 -> 20.36.1 * [new tag] 20.37.0 -> 20.37.0 * [new tag] 20.38.0 -> 20.38.0 * [new tag] 20.4.0 -> 20.4.0 * [new tag] 20.4.1 -> 20.4.1 * [new tag] 20.4.2 -> 20.4.2 * [new tag] 20.4.3 -> 20.4.3 * [new tag] 20.4.4 -> 20.4.4 * [new tag] 20.4.5 -> 20.4.5 * [new tag] 20.4.6 -> 20.4.6 * [new tag] 20.4.7 -> 20.4.7 * [new tag] 20.5.0 -> 20.5.0 * [new tag] 20.6.0 -> 20.6.0 * [new tag] 20.7.0 -> 20.7.0 * [new tag] 20.7.1 -> 20.7.1 * [new tag] 20.7,0.01921223928723699,0.011847291665002101,0.00039238019954505025,0.008695440068842153,0.9598526487793736
configuration,compilation,compilation,False,0.5801484104035699,0.2274261175454892,psf/black,test,"test (3.12.10, windows-latest)",Unit tests,compile.syntax,ollama,0.81,False,feat_kw_config_fail=1; feat_config_no_compile=1; feat_primary_is_compile=1; feat_config_auth_permission=1; feat_first_error_before_tests=1; feat_error_in_setup_step=1; feat_has_dependency_install=1; feat_config_strong_only=1,ï»¿Current runner version: '2.333.0' Hosted Compute Agent Version: 20260213.493 Commit: <SHA> Build Date: Worker ID: {85b1916d-f7f3-44c3-938e-53d9e5ca16e9} Azure Region: centralus Microsoft Windows Server 2025 10.0.26100 Datacenter Image: windows-2025 Version: 20260317.61.1 Included Software: <url:github.com> Image Release: <url:github.com> Contents: read Metadata: read Secret source: None Prepare workflow directory Prepare all required actions Getting action download info Download action repository 'actions/checkout@<SHA>' (SHA:<SHA>) Download action repository 'actions/setup-python@<SHA>' (S,0.5801484104035699,0.3527222928580807,0.0001528392370225052,0.03092767960383567,0.03604877789749139
configuration,test_failure,test_failure,False,0.39589370280020797,0.017731320715683008,psf/black,changelog,check,Grep CHANGES.md for PR number,runtime.exit_code,ollama,0.95,False,feat_primary_is_runtime=1; feat_first_error_before_tests=1,ï»¿Current runner version: '2.333.1' Hosted Compute Agent Version: 20260213.493 Commit: <SHA> Build Date: Worker ID: {e1a15c90-5eb9-4013-b14b-c3c70d35be90} Azure Region: eastus Ubuntu 24.04.4 LTS Image: ubuntu-24.04 Version: 20260406.80.1 Included Software: <url:github.com> Image Release: <url:github.com> Contents: read Metadata: read Secret source: None Prepare workflow directory Prepare all required actions Getting action download info Download action repository 'actions/checkout@<SHA>' (SHA:<SHA>) Complete job name: check with: persist-credentials: false repository: psf/black token: *** ssh,0.37816238208452496,0.20035463863182076,0.00018434143318934657,0.025404935050257028,0.39589370280020797
test_failure,infrastructure,infrastructure,False,0.630801767117661,0.29417032342990107,benoitc/gunicorn,FreeBSD,FreeBSD 14.2 / Python 3.13,Test on FreeBSD,infra.network.socket,ollama,0.855,False,feat_num_tests_skipped=1; feat_fw_pytest=1; feat_step_is_test=1; feat_primary_is_infra=1; feat_first_error_after_tests_started=1; feat_error_in_test_step=1,".2 MB) ââââââââââââââââââââââââââââââââââââââââ 1.2/1.2 MB 107.7 MB/s 0:00:00 Installing collected packages: pygments, pluggy, packaging, iniconfig, coverage, pytest, pytest-cov, pytest-asyncio Successfully installed coverage-7.13.4 iniconfig-2.3.0 packaging-26.0 pluggy-1.6.0 pygments-2.19.2 pytest-9.0.2 pytest-asyncio-1.3.0 pytest-cov-7.0.0 Obtaining file:///home/runner/work/gunicorn/gunicorn Installing build dependencies: started Installing build dependencies: finished with status 'done' Checking if build backend",0.022762648780220596,0.009065686510919692,0.0007384539034388023,0.630801767117661,0.33663144368775993
compilation,test_failure,test_failure,False,0.39589370280020797,0.017731320715683008,tiangolo/fastapi,pre-commit,pre-commit-alls-green,Decide whether the needed jobs succeeded or failed,runtime.exit_code,ollama,0.855,False,feat_primary_is_runtime=1; feat_first_error_before_tests=1,"""repos_url"": ""<url:api.github.com> ""site_admin"": false, ""starred_url"": ""<url:api.github.com> ""subscriptions_url"": ""<url:api.github.com> ""type"": ""User"", ""url"": ""<url:api.github.com> ""user_view_type"": ""public"" }, ""private"": false, ""pull_request_creation_policy"": ""all"", ""pulls_url"": ""<url:api.github.com> ""pushed_at"": """", ""releases_url"": ""<url:api.github.com> ""size"": 40564, ""squash_merge_commit_message"": ""COMMIT_MESSAGES"", ""squash_merge_commit_title"": ""COMMIT_OR_PR_TITLE"", ""ssh_url"": ""git@github.com:WhitehatD/fastapi.git"", ""stargazers_count"": 0, ""stargazers_url"": ""<url:api.github.com> ""statuses_ur",0.37816238208452496,0.20035463863182076,0.00018434143318934657,0.025404935050257028,0.39589370280020797
configuration,test_failure,test_failure,False,0.8847618449516363,0.786556851604591,psf/black,test,"test (3.13, windows-latest)",Unit tests,test.assertion,ollama,0.81,False,feat_kw_config_fail=1; feat_config_no_compile=1; feat_primary_is_test=1; feat_config_auth_permission=1; feat_first_error_before_tests=1; feat_error_in_setup_step=1; feat_has_dependency_install=1; feat_config_strong_only=1,ï»¿Current runner version: '2.334.0' Hosted Compute Agent Version: 20260213.493 Commit: <SHA> Build Date: Worker ID: {7facc611-e0cc-46e2-903c-16079cf807f0} Azure Region: westus2 Microsoft Windows Server 2025 10.0.26100 Datacenter Image: windows-2025 Version: 20260413.84.1 Included Software: <url:github.com> Image Release: <url:github.com> Contents: read Metadata: read Secret source: None Prepare workflow directory Prepare all required actions Getting action download info Download action repository 'actions/checkout@<SHA>' (SHA:<SHA>) Download action repository 'actions/setup-python@<SHA>' (SHA,0.010259531775677752,0.09820499334704533,8.319603605737149e-05,0.006690433889583124,0.8847618449516363
configuration,flaky_test,flaky_test,False,0.9832036306834236,0.9734611858959058,tox-dev/tox,check,test 3.10 on windows-2025,Run test suite,flaky.suspected_retry_sensitive,ollama,0.855,False,feat_kw_config_fail=1; feat_config_no_compile=1; feat_step_is_test=1; feat_primary_is_flaky=1; feat_config_auth_permission=1; feat_first_error_before_tests=1; feat_error_in_test_step=1; feat_config_strong_only=1,ï»¿Current runner version: '2.331.0' Hosted Compute Agent Version: 20260123.484 Commit: <SHA> Build Date: Worker ID: {18861c42-b70f-4ec8-9e0b-528f5ed9062f} Azure Region: northcentralus Microsoft Windows Server 2025 10.0.26100 Datacenter Image: windows-2025 Version: 20260209.23.1 Included Software: <url:github.com> Image Release: <url:github.com> Contents: read Metadata: read Secret source: None Prepare workflow directory Prepare all required actions Getting action download info Download action repository 'actions/checkout@v6' (SHA:<SHA>) Download action repository 'astral-sh/setup-uv@v7' (SHA:,0.0035834115913476626,0.0026347377285456655,0.9832036306834236,0.0008357752091650969,0.009742444787517793
test_failure,configuration,configuration,False,0.9564241223608733,0.9207642178249555,pallets/flask,pre-commit,main,Run uv run --locked --group pre-commit pre-commit run --show-diff-on-failure --color=always --all-files,static.format,ollama,0.855,False,feat_fw_pytest=1; feat_kw_config_fail=1; feat_config_no_compile=1; feat_primary_is_config=1; feat_config_missing_file=1; feat_first_error_before_tests=1,ï»¿Current runner version: '2.331.0' Hosted Compute Agent Version: 20260213.493 Commit: <SHA> Build Date: Worker ID: {7fa8b862-14f1-46c2-bc3d-b7cf724b8559} Azure Region: centralus Ubuntu 24.04.3 LTS Image: ubuntu-24.04 Version: 20260224.36.1 Included Software: <url:github.com> Image Release: <url:github.com> Contents: read Metadata: read Packages: read Secret source: None Prepare workflow directory Prepare all required actions Getting action download info Download action repository 'actions/checkout@<SHA>' (SHA:<SHA>) Download action repository 'astral-sh/setup-uv@<SHA>' (SHA:<SHA>) Download a,0.005704148810163949,0.9564241223608733,3.3665989268526855e-05,0.002178158303776593,0.0356599045359177
compilation,test_failure,test_failure,False,0.39589370280020797,0.017731320715683008,astral-sh/ruff,CI,all required checks passed,Check required jobs passed,runtime.exit_code,ollama,0.855,False,feat_primary_is_runtime=1; feat_first_error_before_tests=1,"ï»¿Current runner version: '2.333.1' Hosted Compute Agent Version: 20260213.493 Commit: <SHA> Build Date: Worker ID: {5b99e19f-7b4a-4eb4-a1b6-48d32b9a7740} Azure Region: northcentralus - OS: Linux (x64) - Source: Docker - Name: ubuntu:24.04 - Version: 20260323.53.1 Metadata: read Secret source: Actions Prepare workflow directory Prepare all required actions Complete job name: all required checks passed failing=$(echo ""$NEEDS_JSON"" | jq -r 'to_entries[] | select(.value.result != ""success"" and .value.result != ""skipped"") | ""\(.key): \(.value.result)""') if [ -n ""$failing"" ]; then echo ""$failing"" ",0.37816238208452496,0.20035463863182076,0.00018434143318934657,0.025404935050257028,0.39589370280020797
configuration,compilation,compilation,False,0.4343184815803638,0.15147101405893748,sqlalchemy/sqlalchemy,Run tests,test-3.11-windows-latest-x86-cext-greenlet,Run tests,runtime.exit_code,ollama,0.95,False,feat_primary_is_runtime=1; feat_first_error_before_tests=1; feat_has_dependency_install=1,ï»¿Current runner version: '2.331.0' Hosted Compute Agent Version: 20260213.493 Commit: <SHA> Build Date: Worker ID: {881c98bf-ddb6-474e-954e-a325aeeec216} Azure Region: northcentralus Microsoft Windows Server 2025 10.0.26100 Datacenter Image: windows-2025 Version: 20260217.31.1 Included Software: <url:github.com> Image Release: <url:github.com> Contents: read Metadata: read Secret source: Actions Prepare workflow directory Prepare all required actions Getting action download info Download action repository 'actions/checkout@v4' (SHA:<SHA>) Download action repository 'actions/setup-python@v5' ,0.4343184815803638,0.24071271267159447,0.00023307381832696146,0.0418882644082886,0.2828474675214263
compilation,configuration,configuration,False,0.8896489236936808,0.7933681920492835,google/guava,CI,android/pom.xml on JDK 21 on ubuntu-latest,Install,runtime.exit_code,ollama,0.855,False,feat_fw_junit=1; feat_fw_gradle=1; feat_is_java=1; feat_kw_config_fail=1; feat_config_no_compile=1; feat_step_is_setup=1; feat_primary_is_runtime=1; feat_config_missing_file=1; feat_first_error_before_tests=1; feat_error_in_setup_step=1,ï»¿Current runner version: '2.333.1' Hosted Compute Agent Version: 20260213.493 Commit: <SHA> Build Date: Worker ID: {378fac56-7f79-425a-be24-beac7321e993} Azure Region: northcentralus Ubuntu 24.04.4 LTS Image: ubuntu-24.04 Version: 20260413.86.1 Included Software: <url:github.com> Image Release: <url:github.com> Actions: write Contents: read Metadata: read Secret source: Actions Prepare workflow directory Prepare all required actions Getting action download info Download action repository 'styfle/cancel-workflow-action@<SHA>' (SHA:<SHA>) Download action repository 'actions/checkout@<SHA>' (SH,0.09628073164439721,0.8896489236936808,8.101922303351221e-05,0.008416994210992113,0.005572331227896301
compilation,infrastructure,infrastructure,False,0.9228519351559585,0.8919545137992567,assertj/assertj-core,CI,Java 25 (windows-latest),Test,infra.network.service_5xx,ollama,0.855,False,feat_fw_junit=1; feat_is_java=1; feat_step_is_test=1; feat_primary_is_infra=1; feat_first_error_before_tests=1; feat_error_in_test_step=1,ï»¿Current runner version: '2.331.0' Hosted Compute Agent Version: 20260123.484 Commit: <SHA> Build Date: Worker ID: {97faba9f-6fe3-4155-bc87-70d0df26df9c} Azure Region: centralus Microsoft Windows Server 2025 10.0.26100 Datacenter Image: windows-2025 Version: 20260127.11.2 Included Software: <url:github.com> Image Release: <url:github.com> Checks: read Metadata: read Secret source: None Prepare workflow directory Prepare all required actions Getting action download info Download action repository 'actions/checkout@<SHA>' (SHA:<SHA>) Download action repository 'actions/setup-java@<SHA>' (SHA:<,0.030897421356701867,0.01747891049872395,0.001933929772814362,0.9228519351559585,0.026837803215801443
compilation,test_failure,test_failure,False,0.9068578360011739,0.8409436050927788,apache/camel-quarkus,Camel Quarkus CI,functional-extension-tests,cd catalog && mvn test,test.assertion,ollama,0.855,False,feat_fw_junit=1; feat_is_java=1; feat_step_is_test=1; feat_primary_is_test=1; feat_first_error_before_tests=1; feat_error_in_test_step=1; feat_has_compile_task=1,t.x :: Runtime [jar] [INFO] Camel Quarkus :: ThreadPoolFactory Vert.x :: Deployment [jar] [INFO] Camel Quarkus :: XML IO DSL [pom] [INFO] Camel Quarkus :: XML IO DSL :: Runtime [jar] [INFO] Camel Quarkus :: XML IO DSL :: Deployment [jar] [INFO] Camel Quarkus :: XML JAXB [pom] [INFO] Camel Quarkus :: XML JAXB :: Runtime [jar] [INFO] Camel Quarkus :: XML JAXB :: Deployment [jar] [INFO] Camel Quarkus :: XML JAXP [pom] [INFO] Camel Quarkus :: XML JAXP :: Runtime [jar] [INFO] Camel Quarkus :: XML JAXP :: Deployment [jar] [INFO] Camel Quarkus :: YAML DSL [pom] [INFO] Camel Quarkus :: YAML DSL :: Run,0.06591423090839509,0.019828826131521086,0.0015046769062971007,0.005894430052612893,0.9068578360011739
compilation,test_failure,test_failure,False,0.39589370280020797,0.017731320715683008,aio-libs/aiohttp,CI,check,Decide whether the needed jobs succeeded or failed,runtime.exit_code,ollama,0.855,False,feat_primary_is_runtime=1; feat_first_error_before_tests=1,ï»¿Current runner version: '2.333.0' Hosted Compute Agent Version: 20260213.493 Commit: <SHA> Build Date: Worker ID: {17bdc281-b16b-4ffb-b199-c302439a5d06} Azure Region: eastus2 Ubuntu 24.04.4 LTS Image: ubuntu-24.04 Version: 20260323.65.1 Included Software: <url:github.com> Image Release: <url:github.com> Metadata: read Secret source: Actions Prepare workflow directory Prepare all required actions Getting action download info Download action repository 're-actors/alls-green@release/v1' (SHA:<SHA>) Download action repository 'codecov/codecov-action@v5' (SHA:<SHA>) Getting action download info ,0.37816238208452496,0.20035463863182076,0.00018434143318934657,0.025404935050257028,0.39589370280020797
compilation,test_failure,test_failure,False,0.4476259055455641,0.1640151926028447,mapstruct/mapstruct,Java EA,Linux JDK EA,Test,dep.not_found,ollama,0.855,False,feat_tests_ran=1; feat_num_tests_run=12; feat_build_duration=0.094; feat_fw_junit=1; feat_is_java=1; feat_step_is_test=1; feat_primary_is_config=1; feat_first_error_after_tests_started=1; feat_error_in_test_step=1; feat_has_compile_task=1,"SITE: jdk.java.net RELEASE: EA VERSION: latest INSTALL_AS_VERSION: URI: openjdk 21.0.10 2026-01-20 LTS OpenJDK Runtime Environment Temurin-21.0.10+7 (build 21.0.10+7-LTS) OpenJDK 64-Bit Server VM Temurin-21.0.10+7 (build 21.0.10+7-LTS, mixed mode, sharing) Archive openjdk-27-ea+16_linux-x64_bin.tar.gz in file:///home/runner/.oracle-actions/setup-java/807f9a3e/ with: java-version: 2139121090 distribution: jdkfile jdkFile: /home/runner/.oracle-actions/setup-java/807f9a3e/openjdk-27-ea+16_linux-x64_bin.tar.gz java-package: jdk check-latest: false server-id: github server-username: GITHUB_ACTOR se",0.2211177368343092,0.2836107129427194,0.01765180509158413,0.029993839585823103,0.4476259055455641
test_failure,compilation,compilation,False,0.9822545327160497,0.966804218732116,psf/black,test,"test (pypy-3.11, macOS-latest)",Unit tests (pypy),compile.syntax,ollama,0.81,False,feat_fw_pytest=1; feat_kw_compile_fail=1; feat_compile_no_tests=1; feat_primary_is_compile=1; feat_compile_python_syntax=1; feat_first_error_after_tests_started=1; feat_error_in_test_step=1; feat_has_dependency_install=1,-4c97-821b-4fa284f0812c.config [command]/opt/homebrew/bin/git config --local --get-all includeif.gitdir:/Users/runner/work/black/black/.git/worktrees/*.path /Users/runner/work/_temp/git-credentials-d707f7a7-713d-4c97-821b-4fa284f0812c.config [command]/opt/homebrew/bin/git config --local --unset includeif.gitdir:/Users/runner/work/black/black/.git/worktrees/*.path /Users/runner/work/_temp/git-credentials-d707f7a7-713d-4c97-821b-4fa284f0812c.config [command]/opt/homebrew/bin/git config --local --get-all includeif.gitdir:/github/workspace/.git.path /github/runner_temp/git-credentials-d707f7a7-713,0.9822545327160497,0.0015089778474068178,0.00012928683717045207,0.0006568886154391889,0.015450313983933671
configuration,test_failure,test_failure,False,0.43528491258847196,0.07904990104792692,mlflow/mlflow,JS,js (--testPathIgnorePatterns),Run prettier,runtime.exit_code,ollama,0.9,False,feat_step_is_lint=1; feat_primary_is_runtime=1; feat_first_error_before_tests=1; feat_error_in_lint_step=1; feat_has_dependency_install=1,"h --noprofile --norc -e -o pipefail {0} removed 65 packages, and changed 112 packages in 4s 15 packages are looking for funding run `npm fund` for details yarn install --immutable shell: /usr/bin/bash -e {0} â¤ YN0000: Yarn detected that the current workflow is executed from a public pull request. For safety the hardened mode has been enabled. â¤ YN0000: It will prevent malicious lockfile manipulations, in exchange for a slower install time. You can opt-out if necessary; check our documentation for more details. â¤ YN0000: Â· Yarn 4.12.0 â¤ YN0000: â Resolution step â¤ YN0000: â /tmp/",0.35623501154054504,0.17092794364571534,0.00020779061664597375,0.037344341608621705,0.43528491258847196
flaky_test,test_failure,test_failure,False,0.6548581843468897,0.3967147530409849,scrapy/scrapy,Windows,"tests (3.10.11, extra-deps-pinned)",Run tests,infra.network.socket,ollama,0.72,False,feat_fw_junit=1; feat_fw_pytest=1; feat_primary_is_infra=1; feat_first_error_after_tests_started=1; feat_error_in_test_step=1; feat_has_dependency_install=1,"Prepare all required actions Getting action download info Download action repository 'actions/checkout@v6' (SHA:<SHA>) Download action repository 'actions/setup-python@v6' (SHA:<SHA>) Download action repository 'codecov/codecov-action@v5' (SHA:<SHA>) Getting action download info Download action repository 'actions/github-script@<SHA>' (SHA:<SHA>) Getting action download info Complete job name: tests (3.10.11, extra-deps-pinned) with: repository: scrapy/scrapy token: *** ssh-strict: true ssh-user: git persist-credentials: true clean: true sparse-checkout-cone-mode: true fetch-depth: 1 fetch-tag",0.0575649718962207,0.020497598184483098,0.008935814266501863,0.2581434313059048,0.6548581843468897
configuration,compilation,compilation,False,0.5637857290767716,0.209421947942661,astral-sh/ruff,CI,check playground,Install Node dependencies,runtime.exit_code,ollama,0.9,False,feat_step_is_setup=1; feat_primary_is_runtime=1; feat_first_error_before_tests=1; feat_error_in_setup_step=1; feat_has_dependency_install=1,ï»¿Current runner version: '2.333.1' Hosted Compute Agent Version: 20260213.493 Commit: <SHA> Build Date: Worker ID: {3d9f0b65-fbd8-4c65-89a5-4d8444880af5} Azure Region: westcentralus Ubuntu 24.04.4 LTS Image: ubuntu-24.04 Version: 20260406.80.1 Included Software: <url:github.com> Image Release: <url:github.com> Metadata: read Secret source: Actions Prepare workflow directory Prepare all required actions Getting action download info Download action repository 'actions/checkout@<SHA>' (SHA:<SHA>) Download action repository 'Swatinem/rust-cache@<SHA>' (SHA:<SHA>) Download action repository 'acti,0.5637857290767716,0.3543637811341106,0.0002555997774416076,0.04591822714956212,0.03567666286211413
configuration,compilation,compilation,False,0.4778283322646457,0.1310854663458011,assertj/assertj-core,CI,Java 25 (windows-latest),Test,runtime.exit_code,ollama,0.95,False,feat_fw_junit=1; feat_fw_gradle=1; feat_is_java=1; feat_step_is_test=1; feat_primary_is_runtime=1; feat_first_error_before_tests=1; feat_error_in_test_step=1,ï»¿Current runner version: '2.331.0' Hosted Compute Agent Version: 20260213.493 Commit: <SHA> Build Date: Worker ID: {a1e684b5-c116-4818-b9ce-7dfd2d889a60} Azure Region: eastus2 Microsoft Windows Server 2025 10.0.26100 Datacenter Image: windows-2025 Version: 20260217.31.1 Included Software: <url:github.com> Image Release: <url:github.com> Metadata: read Secret source: Actions Prepare workflow directory Prepare all required actions Getting action download info Download action repository 'actions/checkout@<SHA>' (SHA:<SHA>) Download action repository 'actions/setup-java@<SHA>' (SHA:<SHA>) Downlo,0.4778283322646457,0.3467428659188446,0.0021789467349340227,0.07684299408857778,0.09640686099299774
test_failure,infrastructure,infrastructure,False,0.4847595401870418,0.011723584063406345,pypa/pipenv,CI,Windows / 3.10,Run tests,infra.network.socket,ollama,0.855,False,feat_fw_pytest=1; feat_kw_test_assert=1; feat_primary_is_infra=1; feat_first_error_after_tests_started=1; feat_error_in_test_step=1; feat_has_dependency_install=1,"Successfully installed packaging-26.0 setuptools-82.0.1 wheel-0.46.3 git submodule sync git submodule update --init --recursive python -m pip install -e . --upgrade pipenv install --deploy --dev --python=3.10 shell: C:\Program Files\PowerShell\7\pwsh.EXE -command "". '{0}'"" env: pythonLocation: C:\hostedtoolcache\windows\Python\3.10.11\x64 PKG_CONFIG_PATH: C:\hostedtoolcache\windows\Python\3.10.11\x64/lib/pkgconfig Python_ROOT_DIR: C:\hostedtoolcache\windows\Python\3.10.11\x64 Python2_ROOT_DIR: C:\hostedtoolcache\windows\Python\3.10.11\x64 Python3_ROOT_DIR: C:\hostedtoolcache\windows\Python\3.1",0.027498719869563197,0.01354470143649106,0.0011610823832684765,0.4847595401870418,0.47303595612363547
configuration,compilation,compilation,False,0.8380932138276868,0.7692809623577471,quarkusio/quarkus,Quarkus Documentation CI,Documentation Build,Build,runtime.exit_code,ollama,0.85,False,feat_fw_junit=1; feat_fw_gradle=1; feat_is_java=1; feat_step_is_compile=1; feat_primary_is_runtime=1; feat_first_error_after_tests_started=1; feat_error_in_compile_step=1; feat_error_in_test_step=1; feat_has_compile_task=1,[jar] [INFO] Quarkus - JDBC - PostgreSQL [pom] [INFO] Quarkus - JDBC - PostgreSQL - Runtime [jar] [INFO] Quarkus - Flyway - PostgreSQL - Deployment [jar] [INFO] Quarkus - JDBC - PostgreSQL - Deployment [jar] [INFO] Quarkus - Flyway - DB2 [pom] [INFO] Quarkus - Flyway - DB2 - Runtime [jar] [INFO] Quarkus - JDBC - DB2 [pom] [INFO] Quarkus - JDBC - DB2 - Runtime [jar] [INFO] Quarkus - Flyway - DB2 - Deployment [jar] [INFO] Quarkus - JDBC - DB2 - Deployment [jar] [INFO] Quarkus - JDBC - MariaDB [pom] [INFO] Quarkus - JDBC - MariaDB - Runtime [jar] [INFO] Quarkus - JDBC - MariaDB - Deployment [jar],0.8380932138276868,0.06881225146993966,0.0005023939176609469,0.029039923096492597,0.06355221768822011
infrastructure,test_failure,test_failure,False,0.8519423063153971,0.7353750007566866,apache/airflow,Tests,Non-DB tests: providers / Non-DB-prov::3.10:amazon...google,"providers:Non-DB Tests   Py3.10:Providers[amazon] Providers[apache.hive,cncf.kubernetes,common.compat,common.messaging,common.sql,exasol,ftp,http,imap,microsoft.azure,mongo,mysql,openlineage,postgres,salesforce,ssh,teradata] Providers[google]",test.framework_failures,ollama,0.855,False,feat_primary_is_test=1,ï»¿Current runner version: '2.333.1' Hosted Compute Agent Version: 20260213.493 Commit: <SHA> Build Date: Worker ID: {b4ff6c99-a21a-4211-8cd1-ee7623789c59} Azure Region: centralus Ubuntu 22.04.5 LTS Image: ubuntu-22.04 Version: 20260413.88.1 Included Software: <url:github.com> Image Release: <url:github.com> Contents: read Metadata: read Secret source: None Prepare workflow directory Prepare all required actions Getting action download info Download action repository 'actions/checkout@<SHA>' (SHA:<SHA>) Uses: apache/airflow/.github/workflows/run-unit-tests.yml@refs/pull/65571/merge (<SHA>) run,0.021910496881458817,0.009370104908797531,0.00020978633563600426,0.1165673055587105,0.8519423063153971
compilation,test_failure,test_failure,False,0.39589370280020797,0.017731320715683008,pypa/pip,CI,mre / 3.14 / main,Run MRE against main,runtime.exit_code,ollama,0.855,False,feat_primary_is_runtime=1; feat_first_error_before_tests=1,ï»¿Current runner version: '2.333.1' Hosted Compute Agent Version: 20260213.493 Commit: <SHA> Build Date: Worker ID: {b7011cb9-3bbf-4523-964b-10c792e0527e} Azure Region: westus3 Microsoft Windows Server 2025 10.0.26100 Datacenter Image: windows-2025 Version: 20260413.84.1 Included Software: <url:github.com> Image Release: <url:github.com> Contents: read Metadata: read Secret source: None Prepare workflow directory Prepare all required actions Getting action download info Download action repository 'actions/checkout@<SHA>' (SHA:<SHA>) Download action repository 'actions/setup-python@<SHA>' (SHA,0.37816238208452496,0.20035463863182076,0.00018434143318934657,0.025404935050257028,0.39589370280020797
compilation,configuration,configuration,False,0.980762824061054,0.9640116820030745,python/mypy,Tests,"Parallel tests with py314-ubuntu, mypyc-compiled",Test,config.env_missing_invalid,ollama,0.81,False,feat_fw_pytest=1; feat_kw_test_assert=1; feat_kw_config_fail=1; feat_config_no_compile=1; feat_step_is_test=1; feat_primary_is_config=1; feat_config_lint_format=1; feat_first_error_after_tests_started=1; feat_error_in_setup_step=1; feat_error_in_lint_step=1; feat_error_in_test_step=1; feat_has_dependency_install=1; feat_config_strong_only=1,"Python3_ROOT_DIR: /opt/hostedtoolcache/Python/3.14.4/arm64 LD_LIBRARY_PATH: /opt/hostedtoolcache/Python/3.14.4/arm64/lib py: install_deps> python -I -m pip install 'orjson; python_version == ""3.12""' -r test-requirements.txt .pkg: install_requires> python -I -m pip install 'librt>=0.9.0; platform_python_implementation != ""PyPy""' 'mypy_extensions>=1.0.0' 'pathspec>=1.0.0' 'setuptools>=77.0.3' 'tomli>=1.1.0; python_version < ""3.11""' types-psutil types-setuptools 'typing_extensions>=4.6.0' .pkg: _optional_hooks> python /opt/hostedtoolcache/Python/3.14.4/arm64/lib/python3.14/site-packages/pyproject",0.0020880764909245965,0.980762824061054,7.039575656934362e-05,0.00032756163347261603,0.016751142057979486
compilation,configuration,configuration,False,0.9547590884366587,0.9204079412552765,fabric8io/kubernetes-client,Windows Build,Java 17 Maven,Build Project,dep.not_found,ollama,0.855,False,feat_is_java=1; feat_step_is_compile=1; feat_primary_is_config=1; feat_error_in_compile_step=1,Downloaded from central: <url:repo.maven.apache.org> (748 B at 27 kB/s) Downloading from central: <url:repo.maven.apache.org> Progress (1): 1.2 kB Progress (1): 3.8 kB Downloaded from central: <url:repo.maven.apache.org> (3.8 kB at 139 kB/s) Downloading from central: <url:repo.maven.apache.org> Progress (1): 703 B Progress (1): 2.5 kB Progress (1): 6.2 kB Progress (1): 8.8 kB Progress (1): 11 kB Progress (1): 15 kB Progress (1): 20 kB Progress (1): 22 kB Downloaded from central: <url:repo.maven.apache.org> (22 kB at 615 kB/s) Downloading from central: <url:repo.maven.apache.org> Progress (1): ,0.008584646484834126,0.9547590884366587,4.2157191904266725e-05,0.034351147181382186,0.0022629607052205374
configuration,test_failure,test_failure,False,0.39589370280020797,0.017731320715683008,django/django,Check commit prefix,check-commit-suffix,Check commit messages suffix,runtime.exit_code,ollama,0.95,False,feat_primary_is_runtime=1; feat_first_error_before_tests=1,ï»¿Current runner version: '2.333.1' Hosted Compute Agent Version: 20260213.493 Commit: <SHA> Build Date: Worker ID: {30b4801a-bec0-4c9d-8f65-21e7a5ed6ab9} Azure Region: centralus Ubuntu 24.04.4 LTS Image: ubuntu-24.04 Version: 20260413.86.1 Included Software: <url:github.com> Image Release: <url:github.com> Contents: read Metadata: read Secret source: None Prepare workflow directory Prepare all required actions Getting action download info Download action repository 'actions/checkout@v6' (SHA:<SHA>) Complete job name: check-commit-suffix with: persist-credentials: false repository: django/dja,0.37816238208452496,0.20035463863182076,0.00018434143318934657,0.025404935050257028,0.39589370280020797
compilation,test_failure,test_failure,False,0.39589370280020797,0.017731320715683008,pytest-dev/pytest,test,check,Decide whether the needed jobs succeeded or failed,runtime.exit_code,ollama,0.855,False,feat_primary_is_runtime=1; feat_first_error_before_tests=1,"ï»¿Current runner version: '2.332.0' Hosted Compute Agent Version: 20260213.493 Commit: <SHA> Build Date: Worker ID: {57f4bba8-9f5e-4795-b404-960ddbd7dca3} Azure Region: northcentralus Ubuntu 24.04.3 LTS Image: ubuntu-24.04 Version: 20260309.50.1 Included Software: <url:github.com> Image Release: <url:github.com> Metadata: read Secret source: None Prepare workflow directory Prepare all required actions Getting action download info Download action repository 're-actors/alls-green@<SHA>' (SHA:<SHA>) Complete job name: check with: jobs: { ""build"": { ""result"": ""failure"", ""outputs"": {} } } allowed-",0.37816238208452496,0.20035463863182076,0.00018434143318934657,0.025404935050257028,0.39589370280020797
configuration,test_failure,test_failure,False,0.39589370280020797,0.017731320715683008,pypa/setuptools,tests,check,Decide whether the needed jobs succeeded or failed,runtime.exit_code,ollama,0.95,False,feat_primary_is_runtime=1; feat_first_error_before_tests=1,"ï»¿Current runner version: '2.331.0' Hosted Compute Agent Version: 20260123.484 Commit: <SHA> Build Date: Worker ID: {8681ebd3-36d3-4f69-941e-6fd46091ad3a} Azure Region: eastus Ubuntu 24.04.3 LTS Image: ubuntu-24.04 Version: 20260201.15.1 Included Software: <url:github.com> Image Release: <url:github.com> Contents: read Metadata: read Secret source: None Prepare workflow directory Prepare all required actions Getting action download info Download action repository 're-actors/alls-green@release/v1' (SHA:<SHA>) Complete job name: check with: allowed-skips: check-changed-folders, integration-test",0.37816238208452496,0.20035463863182076,0.00018434143318934657,0.025404935050257028,0.39589370280020797
test_failure,flaky_test,flaky_test,False,0.8996699426715333,0.8139775326518084,scrapy/scrapy,Ubuntu,"tests (pypy3.11-7.3.20, pypy3-extra-deps)",Run tests,flaky.time_or_async,ollama,0.855,False,feat_fw_pytest=1; feat_kw_test_assert=1; feat_primary_is_flaky=1; feat_first_error_after_tests_started=1; feat_error_in_test_step=1; feat_has_dependency_install=1,stedtoolcache/PyPy/3.11.13/x64 Python_ROOT_DIR: /opt/hostedtoolcache/PyPy/3.11.13/x64 Python2_ROOT_DIR: /opt/hostedtoolcache/PyPy/3.11.13/x64 Python3_ROOT_DIR: /opt/hostedtoolcache/PyPy/3.11.13/x64 PKG_CONFIG_PATH: /opt/hostedtoolcache/PyPy/3.11.13/x64/bin/lib/pkgconfig TOXENV: pypy3-extra-deps Collecting tox Downloading tox-4.52.0-py3-none-any.whl.metadata (3.6 kB) Collecting cachetools>=7.0.3 (from tox) Downloading cachetools-7.0.5-py3-none-any.whl.metadata (5.6 kB) Collecting colorama>=0.4.6 (from tox) Downloading colorama-0.4.6-py2.py3-none-any.whl.metadata (17 kB) Collecting filelock>=3.2,0.00845935049960318,0.00416671675653448,0.8996699426715333,0.0020115800526040273,0.08569241001972493
compilation,test_failure,test_failure,False,0.9707475803550901,0.9535344027168866,python-poetry/poetry,Tests,Ubuntu (Python 3.12) / pytest,Run poetry run pytest --integration -v,test.assertion,ollama,0.765,False,feat_fw_pytest=1; feat_step_is_test=1; feat_primary_is_test=1; feat_first_error_after_tests_started=1; feat_error_in_test_step=1,ï»¿Current runner version: '2.331.0' Hosted Compute Agent Version: 20260213.493 Commit: <SHA> Build Date: Worker ID: {cae4d509-66d2-4691-8a07-8563af5b6109} Azure Region: westcentralus Ubuntu 22.04.5 LTS Image: ubuntu-22.04 Version: 20260224.45.1 Included Software: <url:github.com> Image Release: <url:github.com> Metadata: read Secret source: None Prepare workflow directory Prepare all required actions Getting action download info Download action repository 'actions/checkout@<SHA>' (SHA:<SHA>) Uses: python-poetry/poetry/.github/workflows/.tests-matrix.yaml@refs/pull/9805/merge (<SHA>) runner: u,0.017213177638203462,0.006855497083464345,0.000573365871331455,0.004610379051910629,0.9707475803550901
compilation,test_failure,test_failure,False,0.9707475803550901,0.9535344027168866,python-poetry/poetry,Tests,macOS aarch64 (Python 3.11) / pytest,Run poetry run pytest --integration -v,test.assertion,ollama,0.855,False,feat_fw_pytest=1; feat_step_is_test=1; feat_primary_is_test=1; feat_first_error_after_tests_started=1; feat_error_in_test_step=1,ï»¿Current runner version: '2.333.1' Hosted Compute Agent Version: 20260415.520 Commit: <SHA> Build Date: Worker ID: {00101f41-a151-4ae4-83f6-a01b0825bdeb} Azure Region: westus macOS 14.8.5 23J423 Image: macos-14-arm64 Version: 20260413.0223.1 Included Software: <url:github.com> Image Release: <url:github.com> Metadata: read Secret source: None Prepare workflow directory Prepare all required actions Getting action download info Download action repository 'actions/checkout@<SHA>' (SHA:<SHA>) Uses: python-poetry/poetry/.github/workflows/.tests-matrix.yaml@refs/pull/9805/merge (<SHA>) runner: mac,0.017213177638203462,0.006855497083464345,0.000573365871331455,0.004610379051910629,0.9707475803550901
configuration,compilation,compilation,False,0.7930926591282302,0.6475272474721359,hibernate/hibernate-orm,GH Actions CI,Prepare build bundle for Sonar scanner,Merge Jacoco Reports,runtime.exit_code,ollama,0.95,False,feat_fw_junit=1; feat_fw_gradle=1; feat_is_java=1; feat_primary_is_runtime=1; feat_first_error_before_tests=1; feat_has_compile_task=1,sources > Task :hibernate-gradle-plugin:classes > Task :hibernate-hikaricp:spotlessJava > Task :hibernate-hikaricp:spotlessJavaApply > Task :hibernate-hikaricp:compileJava Note: /home/runner/work/hibernate-orm/hibernate-orm/hibernate-hikaricp/src/main/java/org/hibernate/hikaricp/internal/HikariConfigurationUtil.java uses or overrides a deprecated API. Note: Recompile with -Xlint:deprecation for details. > Task :hibernate-hikaricp:processResources > Task :hibernate-hikaricp:classes > Task :hibernate-scan-jandex:spotlessJava > Task :hibernate-scan-jandex:spotlessJavaApply Note: /home/runner/work,0.7930926591282302,0.14556541165609432,9.080095494126358e-05,0.004386648912018714,0.05686447934871553
configuration,compilation,compilation,False,0.5513166612264826,0.22331911174760527,checkstyle/checkstyle,Check PR Description,Analyze,Do action,runtime.exit_code,ollama,0.95,False,feat_is_java=1; feat_primary_is_runtime=1; feat_first_error_before_tests=1,ï»¿Current runner version: '2.334.0' Hosted Compute Agent Version: 20260213.493 Commit: <SHA> Build Date: Worker ID: {c931ced3-2c96-4131-a77f-9612b9240b99} Azure Region: northcentralus Ubuntu 24.04.4 LTS Image: ubuntu-24.04 Version: 20260413.86.1 Included Software: <url:github.com> Image Release: <url:github.com> Contents: read Metadata: read Packages: read Secret source: None Prepare workflow directory Prepare all required actions Getting action download info Download action repository 'actions/checkout@v6' (SHA:<SHA>) Complete job name: Analyze with: repository: checkstyle/checkstyle token: ,0.5513166612264826,0.3279975494788773,0.0002389049518138468,0.03286963471101677,0.08757724963180934
configuration,compilation,compilation,False,0.5513166612264826,0.22331911174760527,checkstyle/checkstyle,Check PR Description,Analyze,Do action,runtime.exit_code,ollama,0.95,False,feat_is_java=1; feat_primary_is_runtime=1; feat_first_error_before_tests=1,ï»¿Current runner version: '2.333.1' Hosted Compute Agent Version: 20260213.493 Commit: <SHA> Build Date: Worker ID: {1214635a-b2a1-419c-b088-ae88d72e2b88} Azure Region: eastus2 Ubuntu 24.04.4 LTS Image: ubuntu-24.04 Version: 20260329.72.1 Included Software: <url:github.com> Image Release: <url:github.com> Contents: read Metadata: read Packages: read Secret source: None Prepare workflow directory Prepare all required actions Getting action download info Download action repository 'actions/checkout@v6' (SHA:<SHA>) Complete job name: Analyze with: repository: checkstyle/checkstyle token: *** ssh,0.5513166612264826,0.3279975494788773,0.0002389049518138468,0.03286963471101677,0.08757724963180934
configuration,compilation,compilation,False,0.5110597225097439,0.043833315884540924,wtforms/wtforms,Tests,py3.14 pallets-eco/wtforms-sqlalchemy downstream,Install downstream test environment,runtime.exit_code,ollama,0.95,False,feat_kw_config_fail=1; feat_config_no_compile=1; feat_step_is_test=1; feat_step_is_setup=1; feat_primary_is_runtime=1; feat_config_missing_file=1; feat_first_error_before_tests=1; feat_error_in_setup_step=1; feat_error_in_test_step=1; feat_has_dependency_install=1,"-global --add safe.directory /home/runner/work/wtforms/wtforms/wtforms [command]/usr/bin/git init /home/runner/work/wtforms/wtforms/wtforms hint: Using 'master' as the name for the initial branch. This default branch name hint: will change to ""main"" in Git 3.0. To configure the initial branch name hint: to use in all of your new repositories, which will suppress this warning, hint: call: hint: hint: git config --global init.defaultBranch <name> hint: hint: Names commonly chosen instead of 'master' are 'main', 'trunk' and hint: 'development'. The just-created branch can be renamed via this comm",0.5110597225097439,0.46722640662520293,0.00035163951070901566,0.007816670344915266,0.0135455610094289
test_failure,infrastructure,infrastructure,False,0.9223079863545321,0.879176738921626,hibernate/hibernate-orm,GH Actions CI,OpenJDK 25 - db2,Run build script,infra.network.socket,ollama,0.855,False,feat_fw_junit=1; feat_fw_gradle=1; feat_is_java=1; feat_step_is_compile=1; feat_primary_is_infra=1; feat_first_error_before_tests=1; feat_error_in_compile_step=1,"e) PASSED Gradle Test Executor 17 > ZonedDateTimeTest > [163] Parameter[env=[JVM TZ: Europe/Paris, JDBC TZ: GMT, remapping dialect: null], data=DataImpl[year=1905, month=1, day=1, hour=0, minute=0, second=0, nanosecond=0, zone=-01:00]] > writeThenRead(SessionFactoryScope) PASSED Gradle Test Executor 17 > ZonedDateTimeTest > [163] Parameter[env=[JVM TZ: Europe/Paris, JDBC TZ: GMT, remapping dialect: null], data=DataImpl[year=1905, month=1, day=1, hour=0, minute=0, second=0, nanosecond=0, zone=-01:00]] > writeThenNativeRead(SessionFactoryScope) SKIPPED Gradle Test Executor 17 > ZonedDateTimeTest",0.043131247432906195,0.018741454941602103,0.0001246126575680202,0.9223079863545321,0.015694698613391452
compilation,test_failure,test_failure,False,0.39589370280020797,0.017731320715683008,python-poetry/poetry,Tests,Status,Run false,runtime.exit_code,ollama,0.855,False,feat_primary_is_runtime=1; feat_first_error_before_tests=1,ï»¿Current runner version: '2.331.0' Hosted Compute Agent Version: 20260213.493 Commit: <SHA> Build Date: Worker ID: {4b564c0b-fd7d-404d-98d9-feecfc7efd08} Azure Region: centralus Ubuntu 24.04.3 LTS Image: ubuntu-24.04 Version: 20260224.36.1 Included Software: <url:github.com> Image Release: <url:github.com> Metadata: read Secret source: None Prepare workflow directory Prepare all required actions Complete job name: Status false shell: /usr/bin/bash --noprofile --norc -e -o pipefail {0} ##[error]Process completed with exit code 1. Cleaning up orphan processes,0.37816238208452496,0.20035463863182076,0.00018434143318934657,0.025404935050257028,0.39589370280020797
configuration,test_failure,test_failure,False,0.9450637904113197,0.9228897823843677,aio-libs/aiobotocore,CI/CD,test / Test Python 3.14 on ubuntu-24.04-arm,Run unittests,test.assertion,ollama,0.855,False,feat_primary_is_test=1; feat_first_error_before_tests=1,ï»¿Current runner version: '2.332.0' Hosted Compute Agent Version: 20260123.484 Commit: <SHA> Build Date: Worker ID: {1a5e7e78-bf4d-441f-a3c6-32014b4adee8} Azure Region: westus2 - OS: Linux (arm64) - Source: Partner - Name: Ubuntu 24.04 by Arm Limited - Version: 20260209.54.1 - Included Software: <url:github.com> Metadata: read Secret source: Dependabot Prepare workflow directory Prepare all required actions Getting action download info Download action repository 'actions/checkout@<SHA>' (SHA:<SHA>) Download action repository 'astral-sh/setup-uv@<SHA>' (SHA:<SHA>) Download action repository 'c,0.022174008026952068,0.016115073662844415,0.0001318700673273755,0.016515257831556548,0.9450637904113197
configuration,compilation,compilation,False,0.4343184815803638,0.15147101405893748,sqlalchemy/sqlalchemy,Run tests,test-3.11-windows-latest-x86-cext-greenlet,Run tests,runtime.exit_code,ollama,0.95,False,feat_primary_is_runtime=1; feat_first_error_before_tests=1; feat_has_dependency_install=1,ï»¿Current runner version: '2.332.0' Hosted Compute Agent Version: 20260213.493 Commit: <SHA> Build Date: Worker ID: {8237bbe6-ae2b-4d28-b963-a70ed6b1f43f} Azure Region: westus Microsoft Windows Server 2025 10.0.26100 Datacenter Image: windows-2025 Version: 20260302.43.1 Included Software: <url:github.com> Image Release: <url:github.com> Contents: read Metadata: read Secret source: Actions Prepare workflow directory Prepare all required actions Getting action download info Download action repository 'actions/checkout@v4' (SHA:<SHA>) Download action repository 'actions/setup-python@v5' (SHA:<SH,0.4343184815803638,0.24071271267159447,0.00023307381832696146,0.0418882644082886,0.2828474675214263
configuration,test_failure,test_failure,False,0.39589370280020797,0.017731320715683008,pypa/setuptools,tests,check,Decide whether the needed jobs succeeded or failed,runtime.exit_code,ollama,0.85,False,feat_primary_is_runtime=1; feat_first_error_before_tests=1,"ï»¿Current runner version: '2.331.0' Hosted Compute Agent Version: 20260123.484 Commit: <SHA> Build Date: Worker ID: {52583b6f-f1db-461f-b7e9-724efcc771ba} Azure Region: westus3 Ubuntu 24.04.3 LTS Image: ubuntu-24.04 Version: 20260126.10.1 Included Software: <url:github.com> Image Release: <url:github.com> Contents: read Metadata: read Secret source: None Prepare workflow directory Prepare all required actions Getting action download info Download action repository 're-actors/alls-green@release/v1' (SHA:<SHA>) Complete job name: check with: allowed-skips: check-changed-folders, integration-tes",0.37816238208452496,0.20035463863182076,0.00018434143318934657,0.025404935050257028,0.39589370280020797
compilation,test_failure,test_failure,False,0.39589370280020797,0.017731320715683008,aio-libs/aiohttp,CI,check,Decide whether the needed jobs succeeded or failed,runtime.exit_code,ollama,0.855,False,feat_primary_is_runtime=1; feat_first_error_before_tests=1,ï»¿Current runner version: '2.333.1' Hosted Compute Agent Version: 20260213.493 Commit: <SHA> Build Date: Worker ID: {3a4e0ca7-403d-4dfe-85f2-ff196809720c} Azure Region: northcentralus Ubuntu 24.04.4 LTS Image: ubuntu-24.04 Version: 20260413.86.1 Included Software: <url:github.com> Image Release: <url:github.com> Metadata: read Secret source: None Prepare workflow directory Prepare all required actions Getting action download info Download action repository 're-actors/alls-green@release/v1' (SHA:<SHA>) Download action repository 'codecov/codecov-action@v6' (SHA:<SHA>) Getting action download i,0.37816238208452496,0.20035463863182076,0.00018434143318934657,0.025404935050257028,0.39589370280020797
infrastructure,test_failure,test_failure,False,0.8519423063153971,0.7353750007566866,apache/airflow,Tests,Low dep tests:core / All-core:LowestDeps:14:3.10:Serialization,core:All Tests LowestDeps 14 Py3.10:Serialization,test.assertion,ollama,0.855,False,feat_primary_is_test=1,ï»¿Current runner version: '2.333.1' Hosted Compute Agent Version: 20260213.493 Commit: <SHA> Build Date: Worker ID: {4f5fdb0b-72d8-4062-925a-d6d81a6e947d} Azure Region: northcentralus Ubuntu 22.04.5 LTS Image: ubuntu-22.04 Version: 20260413.88.1 Included Software: <url:github.com> Image Release: <url:github.com> Contents: read Metadata: read Secret source: None Prepare workflow directory Prepare all required actions Getting action download info Download action repository 'actions/checkout@<SHA>' (SHA:<SHA>) Uses: apache/airflow/.github/workflows/run-unit-tests.yml@refs/pull/66002/merge (<SHA>,0.021910496881458817,0.009370104908797531,0.00020978633563600426,0.1165673055587105,0.8519423063153971
infrastructure,test_failure,test_failure,False,0.9902263285710431,0.9847385201507065,python/mypy,Tests,"Parallel tests with py314-windows-64, interpreted",Test,test.assertion,ollama,0.81,False,feat_fw_pytest=1; feat_kw_test_assert=1; feat_step_is_test=1; feat_primary_is_test=1; feat_first_error_after_tests_started=1; feat_error_in_test_step=1; feat_has_dependency_install=1,"version 3.14.3 (tags/v3.14.3:323c59a, Feb 3 2026, 16:04:56) [MSC v.1944 64 bit (AMD64)] debug build False os.cpu_count 4 os.sched_getaffinity 0 Collecting tox==4.26.0 Downloading tox-4.26.0-py3-none-any.whl.metadata (3.7 kB) Collecting cachetools>=5.5.1 (from tox==4.26.0) Downloading cachetools-7.0.5-py3-none-any.whl.metadata (5.6 kB) Collecting chardet>=5.2 (from tox==4.26.0) Downloading chardet-7.4.0.post2-cp314-cp314-win_amd64.whl.metadata (9.3 kB) Collecting colorama>=0.4.6 (from tox==4.26.0) Downloading colorama-0.4.6-py2.py3-none-any.whl.metadata (17 kB) Collecting filelock>=3.16.1 (from",0.005487808420336537,0.0023866728007621275,0.00021006644124607656,0.001689123766612291,0.9902263285710431
configuration,compilation,compilation,False,0.5513166612264826,0.22331911174760527,checkstyle/checkstyle,Check PR Description,Analyze,Do action,runtime.exit_code,ollama,0.95,False,feat_is_java=1; feat_primary_is_runtime=1; feat_first_error_before_tests=1,ï»¿Current runner version: '2.333.1' Hosted Compute Agent Version: 20260213.493 Commit: <SHA> Build Date: Worker ID: {804e8bf9-53fc-40c2-abb0-0d1b30492ee6} Azure Region: eastus Ubuntu 24.04.4 LTS Image: ubuntu-24.04 Version: 20260406.80.1 Included Software: <url:github.com> Image Release: <url:github.com> Contents: read Metadata: read Packages: read Secret source: None Prepare workflow directory Prepare all required actions Getting action download info Download action repository 'actions/checkout@v6' (SHA:<SHA>) Complete job name: Analyze with: repository: checkstyle/checkstyle token: *** ssh-,0.5513166612264826,0.3279975494788773,0.0002389049518138468,0.03286963471101677,0.08757724963180934
test_failure,compilation,compilation,False,0.5788588608776064,0.3332454133027914,square/okhttp,build,testwindows,Run Tests,runtime.exit_code,ollama,0.72,False,feat_fw_gradle=1; feat_is_java=1; feat_primary_is_runtime=1; feat_first_error_before_tests=1,ï»¿Current runner version: '2.333.1' Hosted Compute Agent Version: 20260213.493 Commit: <SHA> Build Date: Worker ID: {0877c314-7887-439e-b869-ef92a15cd0cd} Azure Region: eastus Microsoft Windows Server 2025 10.0.26100 Datacenter Image: windows-2025 Version: 20260405.77.1 Included Software: <url:github.com> Image Release: <url:github.com> Contents: read Metadata: read Secret source: None Prepare workflow directory Prepare all required actions Getting action download info Download action repository 'actions/checkout@v6' (SHA:<SHA>) Download action repository 'actions/setup-java@v5' (SHA:<SHA>) D,0.5788588608776064,0.245613447574815,0.0002508399582144533,0.08332449366880904,0.09195235792055506
compilation,test_failure,test_failure,False,0.9438506198627309,0.9179384230716601,pypa/virtualenv,🧪 check,🧪 test 3.14 - ubuntu-24.04,🏃 Run test suite,test.assertion,ollama,0.855,False,feat_step_is_test=1; feat_primary_is_test=1; feat_error_in_test_step=1; feat_has_dependency_install=1,==26.0 + platformdirs==4.9.1 + pluggy==1.6.0 + pyproject-api==1.10.0 + tox==4.35.0 + tox-uv==1.29.0 + uv==0.10.2 + virtualenv==20.36.2.dev22+g610b98ecc (from file:///home/runner/work/virtualenv/virtualenv) Installed 1 executable: tox with: python-version: 3.14 check-latest: false token: *** update-environment: true allow-prereleases: false freethreaded: false env: UV_CACHE_DIR: /home/runner/work/_temp/setup-uv-cache pythonLocation: /opt/hostedtoolcache/Python/3.14.3/x64 PKG_CONFIG_PATH: /opt/hostedtoolcache/Python/3.14.3/x64/lib/pkgconfig Python_ROOT_DIR: /opt/hostedtoolcache/Python/3.14.3/x64,0.02591219679107081,0.011124472506155239,0.000979136456979618,0.018133574383063518,0.9438506198627309
compilation,test_failure,test_failure,False,0.6582494955936072,0.37578409902433235,fabric8io/kubernetes-client,Build,Java 11 Maven,Build Project,runtime.exit_code,ollama,0.855,False,feat_tests_ran=1; feat_num_tests_run=46; feat_build_duration=0.669; feat_fw_junit=1; feat_fw_gradle=1; feat_is_java=1; feat_step_is_compile=1; feat_primary_is_runtime=1; feat_first_error_after_tests_started=1; feat_error_in_compile_step=1; feat_error_in_test_step=1; feat_has_compile_task=1,[pom] [INFO] Kube API Test [jar] [INFO] Kube API Test - Client Injecting Support [jar] [INFO] Fabric8 :: Openshift :: Java Client API [jar] [INFO] Fabric8 :: Openshift :: Java Client [jar] [INFO] Fabric8 :: Kubernetes :: Extensions [pom] [INFO] Fabric8 :: Knative :: Extension [pom] [INFO] Fabric8 :: Knative :: Model [bundle] [INFO] Fabric8 :: Knative :: Client [bundle] [INFO] Fabric8 :: Knative :: Examples [jar] [INFO] Fabric8 :: Knative :: Tests [jar] [INFO] Fabric8 :: Tekton :: Extension [pom] [INFO] Fabric8 :: Tekton :: Model [bundle] [INFO] Fabric8 :: Tekton :: Client [bundle] [INFO] Fabri,0.2824653965692749,0.038456416807432524,0.0004983598815332473,0.02033033114815218,0.6582494955936072
test_failure,configuration,configuration,False,0.8921489882766922,0.7935261363563016,pypa/pipenv,CI,MacOS / 3.11,Run tests,dep.not_found,ollama,0.855,False,feat_fw_pytest=1; feat_kw_test_assert=1; feat_primary_is_config=1; feat_first_error_before_tests=1; feat_has_dependency_install=1,"d]/opt/homebrew/bin/git remote add origin <url:github.com> [command]/opt/homebrew/bin/git config --local gc.auto 0 [command]/opt/homebrew/bin/git config --local --name-only --get-regexp core\.sshCommand [command]/opt/homebrew/bin/git submodule foreach --recursive sh -c ""git config --local --name-only --get-regexp 'core\.sshCommand' && git config --local --unset-all 'core.sshCommand' || :"" [command]/opt/homebrew/bin/git config --local --name-only --get-regexp http\.https\:\/\/github\.com\/\.extraheader [command]/opt/homebrew/bin/git submodule foreach --recursive sh -c ""git config --local --name",0.0051352600045634945,0.8921489882766922,3.599087126433936e-05,0.004056908927089441,0.09862285192039053
configuration,test_failure,test_failure,False,0.39589370280020797,0.017731320715683008,psf/black,changelog,check,Grep CHANGES.md for PR number,runtime.exit_code,ollama,0.95,False,feat_primary_is_runtime=1; feat_first_error_before_tests=1,ï»¿Current runner version: '2.331.0' Hosted Compute Agent Version: 20260123.484 Commit: <SHA> Build Date: Worker ID: {f51d181b-e686-413f-b783-d2a85a985f6c} Azure Region: northcentralus Ubuntu 24.04.3 LTS Image: ubuntu-24.04 Version: 20260209.23.1 Included Software: <url:github.com> Image Release: <url:github.com> Contents: read Metadata: read Secret source: None Prepare workflow directory Prepare all required actions Getting action download info Download action repository 'actions/checkout@<SHA>' (SHA:<SHA>) Complete job name: check with: persist-credentials: false repository: psf/black token:,0.37816238208452496,0.20035463863182076,0.00018434143318934657,0.025404935050257028,0.39589370280020797
compilation,test_failure,test_failure,False,0.4118530103650595,0.035924247011553,pydantic/pydantic,Pydantic Family Integration Tests,Test pydantic settings (3.9),Run tests,runtime.exit_code,ollama,0.855,False,feat_kw_config_fail=1; feat_config_no_compile=1; feat_primary_is_runtime=1; feat_config_missing_file=1; feat_first_error_before_tests=1,ï»¿Current runner version: '2.333.0' Hosted Compute Agent Version: 20260213.493 Commit: <SHA> Build Date: Worker ID: {b74643fd-a808-40ba-97c0-3825945dd981} Azure Region: eastus2 Ubuntu 24.04.4 LTS Image: ubuntu-24.04 Version: 20260323.65.1 Included Software: <url:github.com> Image Release: <url:github.com> Actions: write ArtifactMetadata: write Attestations: write Checks: write Contents: write Deployments: write Discussions: write Issues: write Metadata: read Models: read Packages: write Pages: write PullRequests: write RepositoryProjects: write SecurityEvents: write Statuses: write Secret sou,0.3759287633535065,0.1914795309505436,0.00019468160239226797,0.0205440137284981,0.4118530103650595
compilation,test_failure,test_failure,False,0.5412084607805547,0.20235896147131965,pytest-dev/pytest,test,build (ubuntu-py314),Test with coverage,runtime.exit_code,ollama,0.81,False,feat_fw_junit=1; feat_fw_pytest=1; feat_step_is_test=1; feat_primary_is_runtime=1; feat_first_error_after_tests_started=1; feat_error_in_test_step=1; feat_has_dependency_install=1,6.2.3 -> 6.2.3 * [new tag] 6.2.4 -> 6.2.4 * [new tag] 6.2.5 -> 6.2.5 * [new tag] 6.3.0.dev0 -> 6.3.0.dev0 * [new tag] 7.0.0 -> 7.0.0 * [new tag] 7.0.0.dev0 -> 7.0.0.dev0 * [new tag] 7.0.0.post1 -> 7.0.0.post1 * [new tag] 7.0.0rc1 -> 7.0.0rc1 * [new tag] 7.0.1 -> 7.0.1 * [new tag] 7.1.0 -> 7.1.0 * [new tag] 7.1.0.dev0 -> 7.1.0.dev0 * [new tag] 7.1.1 -> 7.1.1 * [new tag] 7.1.2 -> 7.1.2 * [new tag] 7.1.3 -> 7.1.3 * [new tag] 7.2.0 -> 7.2.0 * [new tag] 7.2.0.dev0 -> 7.2.0.dev0 * [new tag] 7.2.1 -> 7.2.1 * [new tag] 7.2.2 -> 7.2.2 * [new tag] 7.3.0 -> 7.3.0 * [new tag] 7.3.1 -> 7.3.1 * [new tag] 7.,0.3388494993092351,0.0942615454009002,0.004938267260052558,0.02074222724925736,0.5412084607805547
configuration,compilation,compilation,False,0.5637857290767716,0.209421947942661,pypa/pipenv,CI,Windows / 3.13,Install dependencies,runtime.exit_code,ollama,0.9,False,feat_step_is_setup=1; feat_primary_is_runtime=1; feat_first_error_before_tests=1; feat_error_in_setup_step=1; feat_has_dependency_install=1,"Resolved as '3.13.12' Successfully set up CPython (3.13.12) echo ""path=$(python -c 'import sys; print(sys.executable)')"" >> $GITHUB_OUTPUT shell: C:\Program Files\PowerShell\7\pwsh.EXE -command "". '{0}'"" env: pythonLocation: C:\hostedtoolcache\windows\Python\3.13.12\x64 PKG_CONFIG_PATH: C:\hostedtoolcache\windows\Python\3.13.12\x64/lib/pkgconfig Python_ROOT_DIR: C:\hostedtoolcache\windows\Python\3.13.12\x64 Python2_ROOT_DIR: C:\hostedtoolcache\windows\Python\3.13.12\x64 Python3_ROOT_DIR: C:\hostedtoolcache\windows\Python\3.13.12\x64 python -m pip install --upgrade pip setuptools wheel shell: C",0.5637857290767716,0.3543637811341106,0.0002555997774416076,0.04591822714956212,0.03567666286211413
compilation,test_failure,test_failure,False,0.39589370280020797,0.017731320715683008,pypa/setuptools,tests,check,Decide whether the needed jobs succeeded or failed,runtime.exit_code,ollama,0.855,False,feat_primary_is_runtime=1; feat_first_error_before_tests=1,"ï»¿Current runner version: '2.331.0' Hosted Compute Agent Version: 20260123.484 Commit: <SHA> Build Date: Worker ID: {f134abf2-2c60-458d-ab21-7c971c71b1e4} Azure Region: centralus Ubuntu 24.04.3 LTS Image: ubuntu-24.04 Version: 20260201.15.1 Included Software: <url:github.com> Image Release: <url:github.com> Contents: read Metadata: read Secret source: None Prepare workflow directory Prepare all required actions Getting action download info Download action repository 're-actors/alls-green@release/v1' (SHA:<SHA>) Complete job name: check with: allowed-skips: check-changed-folders, integration-t",0.37816238208452496,0.20035463863182076,0.00018434143318934657,0.025404935050257028,0.39589370280020797
test_failure,infrastructure,infrastructure,False,0.9223079863545321,0.879176738921626,hibernate/hibernate-orm,GH Actions CI,OpenJDK 25 - sybase,Run build script,infra.network.socket,ollama,0.855,False,feat_fw_junit=1; feat_fw_gradle=1; feat_is_java=1; feat_step_is_compile=1; feat_primary_is_infra=1; feat_first_error_before_tests=1; feat_error_in_compile_step=1,", data=DataImpl[year=1905, month=1, day=1, hour=0, minute=0, second=0, nanosecond=0, zone=-01:00]] > testRetrievingEntityByZonedDateTime(SessionFactoryScope) PASSED Gradle Test Executor 16 > ZonedDateTimeTest > [157] Parameter[env=[JVM TZ: Europe/Paris, JDBC TZ: GMT, remapping dialect: null], data=DataImpl[year=1905, month=1, day=1, hour=0, minute=0, second=0, nanosecond=0, zone=-01:00]] > writeThenRead(SessionFactoryScope) PASSED Gradle Test Executor 16 > ZonedDateTimeTest > [157] Parameter[env=[JVM TZ: Europe/Paris, JDBC TZ: GMT, remapping dialect: null], data=DataImpl[year=1905, month=1, da",0.043131247432906195,0.018741454941602103,0.0001246126575680202,0.9223079863545321,0.015694698613391452
compilation,test_failure,test_failure,False,0.9438506198627309,0.9179384230716601,pypa/virtualenv,🧪 check,🧪 test 3.14 - ubuntu-24.04,🏃 Run test suite,test.assertion,ollama,0.855,False,feat_step_is_test=1; feat_primary_is_test=1; feat_error_in_test_step=1; feat_has_dependency_install=1,ng==26.0 + platformdirs==4.9.1 + pluggy==1.6.0 + pyproject-api==1.10.0 + tox==4.36.0 + tox-uv==1.29.0 + uv==0.10.2 + virtualenv==20.36.2.dev22+ga02c542db (from file:///home/runner/work/virtualenv/virtualenv) Installed 1 executable: tox with: python-version: 3.14 check-latest: false token: *** update-environment: true allow-prereleases: false freethreaded: false env: UV_CACHE_DIR: /home/runner/work/_temp/setup-uv-cache pythonLocation: /opt/hostedtoolcache/Python/3.14.3/x64 PKG_CONFIG_PATH: /opt/hostedtoolcache/Python/3.14.3/x64/lib/pkgconfig Python_ROOT_DIR: /opt/hostedtoolcache/Python/3.14.3/x,0.02591219679107081,0.011124472506155239,0.000979136456979618,0.018133574383063518,0.9438506198627309
compilation,test_failure,test_failure,False,0.39589370280020797,0.017731320715683008,tiangolo/fastapi,pre-commit,pre-commit-alls-green,Decide whether the needed jobs succeeded or failed,runtime.exit_code,ollama,0.855,False,feat_primary_is_runtime=1; feat_first_error_before_tests=1,"""subscription_url"": ""<url:api.github.com> ""svn_url"": ""<url:github.com> ""tags_url"": ""<url:api.github.com> ""teams_url"": ""<url:api.github.com> ""topics"": [ ""api"", ""async"", ""asyncio"", ""fastapi"", ""framework"", ""json"", ""json-schema"", ""openapi"", ""openapi3"", ""pydantic"", ""python"", ""python-types"", ""python3"", ""redoc"", ""rest"", ""starlette"", ""swagger"", ""swagger-ui"", ""uvicorn"", ""web"" ], ""trees_url"": ""<url:api.github.com> ""updated_at"": """", ""url"": ""<url:api.github.com> ""use_squash_pr_title_as_default"": true, ""visibility"": ""public"", ""watchers"": 97056, ""watchers_count"": 97056, ""web_commit_signoff_required"": false ",0.37816238208452496,0.20035463863182076,0.00018434143318934657,0.025404935050257028,0.39589370280020797
compilation,test_failure,test_failure,False,0.8172476124493793,0.692805415184942,diffplug/spotless,CI 🏭,"build (gradle, 24, windows-latest)",build (everything-but-maven),test.assertion,ollama,0.855,False,feat_fw_junit=1; feat_fw_gradle=1; feat_is_java=1; feat_step_is_compile=1; feat_primary_is_test=1; feat_first_error_before_tests=1; feat_error_in_compile_step=1,ï»¿Current runner version: '2.331.0' Hosted Compute Agent Version: 20260213.493 Commit: <SHA> Build Date: Worker ID: {e62adf8f-d960-46bf-a104-6fdd236b1224} Azure Region: northcentralus Microsoft Windows Server 2025 10.0.26100 Datacenter Image: windows-2025 Version: 20260217.31.1 Included Software: <url:github.com> Image Release: <url:github.com> Actions: read ArtifactMetadata: read Attestations: read Checks: read Contents: read Deployments: read Discussions: read Issues: read Metadata: read Models: read Packages: read Pages: read PullRequests: read RepositoryProjects: read SecurityEvents: read,0.1244421972644373,0.05407281197914258,0.00036915436246611437,0.0038682239445749014,0.8172476124493793
test_failure,infrastructure,infrastructure,False,0.9413928605602506,0.9023397970675949,buildpacks/pack,build,test (linux),Test,infra.network.service_5xx,ollama,0.855,False,feat_step_is_test=1; feat_primary_is_infra=1; feat_first_error_after_tests_started=1; feat_error_in_test_step=1,ng github.com/mitchellh/mapstructure v1.5.0 go: downloading github.com/spf13/afero v1.12.0 go: downloading github.com/spf13/cast v1.5.0 go: downloading github.com/spf13/jwalterweatherman v1.1.0 go: downloading github.com/daixiang0/gci v0.13.6 go: downloading github.com/golangci/gofmt v0.0.0-20250106114630-d62b90e6713d go: downloading mvdan.cc/gofumpt v0.7.0 go: downloading github.com/golangci/golines v0.0.0-20250217134842-442fd0091d95 go: downloading github.com/sourcegraph/go-diff v0.7.0 go: downloading github.com/alingse/asasalint v0.0.11 go: downloading github.com/tdakkota/asciicheck v0.4.1 ,0.013879557137360474,0.005247110552804622,0.0004274082569286221,0.9413928605602506,0.03905306349265567
compilation,test_failure,test_failure,False,0.4462507206611077,0.0788071520825695,pydantic/pydantic,CI,Test ubuntu-latest / 3.12,"Run uv run python -c ""import pydantic.version; print(pydantic.version.version_info())""",runtime.exit_code,ollama,0.81,False,feat_fw_pytest=1; feat_kw_config_fail=1; feat_config_no_compile=1; feat_primary_is_runtime=1; feat_config_missing_file=1; feat_first_error_after_tests_started=1; feat_error_in_test_step=1,ï»¿Current runner version: '2.333.0' Hosted Compute Agent Version: 20260213.493 Commit: <SHA> Build Date: Worker ID: {68cfd20d-6023-446e-bcfe-58b4593a05f4} Azure Region: eastus2 Ubuntu 24.04.4 LTS Image: ubuntu-24.04 Version: 20260323.65.1 Included Software: <url:github.com> Image Release: <url:github.com> Actions: write ArtifactMetadata: write Attestations: write Checks: write Contents: write Deployments: write Discussions: write Issues: write Metadata: read Models: read Packages: write Pages: write PullRequests: write RepositoryProjects: write SecurityEvents: write Statuses: write Secret sou,0.3674435685785382,0.15843637595321236,0.0015919532420832837,0.026277381565058523,0.4462507206611077
configuration,compilation,compilation,False,0.5788588608776064,0.3332454133027914,square/okhttp,build,maven,Publish local snapshot,runtime.exit_code,ollama,0.9,False,feat_fw_gradle=1; feat_is_java=1; feat_primary_is_runtime=1; feat_first_error_before_tests=1,ï»¿Current runner version: '2.333.1' Hosted Compute Agent Version: 20260213.493 Commit: <SHA> Build Date: Worker ID: {a9ce7b74-e71a-4f3b-a91b-329138102481} Azure Region: westcentralus Ubuntu 24.04.4 LTS Image: ubuntu-24.04 Version: 20260406.80.1 Included Software: <url:github.com> Image Release: <url:github.com> Contents: read Metadata: read Secret source: None Prepare workflow directory Prepare all required actions Getting action download info Download action repository 'actions/checkout@v6' (SHA:<SHA>) Download action repository 'actions/setup-java@v5' (SHA:<SHA>) Download action repository ,0.5788588608776064,0.245613447574815,0.0002508399582144533,0.08332449366880904,0.09195235792055506
compilation,test_failure,test_failure,False,0.39589370280020797,0.017731320715683008,tiangolo/fastapi,Test Redistribute,test-redistribute-alls-green,Decide whether the needed jobs succeeded or failed,runtime.exit_code,ollama,0.855,False,feat_primary_is_runtime=1; feat_first_error_before_tests=1,"ï»¿Current runner version: '2.333.1' Hosted Compute Agent Version: 20260213.493 Commit: <SHA> Build Date: Worker ID: {88604be9-b159-44ae-854d-046bb81657f2} Azure Region: eastus Ubuntu 24.04.4 LTS Image: ubuntu-24.04 Version: 20260406.80.1 Included Software: <url:github.com> Image Release: <url:github.com> Contents: read Metadata: read Packages: read Secret source: None Prepare workflow directory Prepare all required actions Getting action download info Download action repository 're-actors/alls-green@release/v1' (SHA:<SHA>) Complete job name: test-redistribute-alls-green with: jobs: { ""test-re",0.37816238208452496,0.20035463863182076,0.00018434143318934657,0.025404935050257028,0.39589370280020797
test_failure,configuration,configuration,False,0.49361912020075777,0.14858260765050374,hibernate/hibernate-orm,GH Actions CI,GraalVM 25 - base-database-service-26ai,Run oracle-actions/setup-testpilot@f620f11f9f26dacfe80ba1823342e3e92604c55f,runtime.exit_code,ollama,0.81,False,feat_fw_gradle=1; feat_is_java=1; feat_step_is_setup=1; feat_primary_is_runtime=1; feat_first_error_before_tests=1; feat_error_in_setup_step=1,eda332c4dcea-systemd-resolved.service-pLd136': Operation not permitted rm: cannot remove '/var/tmp/systemd-private-a85792dd145e42a5865aeda332c4dcea-systemd-timedated.service-68JGB4': Operation not permitted rm: cannot remove '/var/tmp/systemd-private-a85792dd145e42a5865aeda332c4dcea-systemd-timesyncd.service-9x8KtW': Operation not permitted rm: cannot remove '/var/tmp/systemd-private-a85792dd145e42a5865aeda332c4dcea-unified-monitoring-agent.service-akcaK8': Operation not permitted with: persist-credentials: false repository: hibernate/hibernate-orm token: *** ssh-strict: true ssh-user: git cle,0.345036512550254,0.49361912020075777,0.00027690436310990826,0.14412475845670775,0.016942704429170497
compilation,test_failure,test_failure,False,0.39589370280020797,0.017731320715683008,pypa/setuptools,tests,check,Decide whether the needed jobs succeeded or failed,runtime.exit_code,ollama,0.855,False,feat_primary_is_runtime=1; feat_first_error_before_tests=1,"ï»¿Current runner version: '2.331.0' Hosted Compute Agent Version: 20260123.484 Commit: <SHA> Build Date: Worker ID: {cf1012aa-3038-4843-a762-558f74a3c642} Azure Region: northcentralus Ubuntu 24.04.3 LTS Image: ubuntu-24.04 Version: 20260201.15.1 Included Software: <url:github.com> Image Release: <url:github.com> Contents: read Metadata: read Secret source: Actions Prepare workflow directory Prepare all required actions Getting action download info Download action repository 're-actors/alls-green@release/v1' (SHA:<SHA>) Complete job name: check with: allowed-skips: check-changed-folders, integ",0.37816238208452496,0.20035463863182076,0.00018434143318934657,0.025404935050257028,0.39589370280020797
configuration,test_failure,test_failure,False,0.39589370280020797,0.017731320715683008,psf/black,changelog,check,Grep CHANGES.md for PR number,runtime.exit_code,ollama,0.95,False,feat_primary_is_runtime=1; feat_first_error_before_tests=1,ï»¿Current runner version: '2.333.1' Hosted Compute Agent Version: 20260213.493 Commit: <SHA> Build Date: Worker ID: {d8479b73-667c-458a-a7c9-ab25828fe355} Azure Region: eastus Ubuntu 24.04.4 LTS Image: ubuntu-24.04 Version: 20260406.80.1 Included Software: <url:github.com> Image Release: <url:github.com> Contents: read Metadata: read Secret source: None Prepare workflow directory Prepare all required actions Getting action download info Download action repository 'actions/checkout@<SHA>' (SHA:<SHA>) Complete job name: check with: persist-credentials: false repository: psf/black token: *** ssh,0.37816238208452496,0.20035463863182076,0.00018434143318934657,0.025404935050257028,0.39589370280020797
compilation,test_failure,test_failure,False,0.43528491258847196,0.07904990104792692,pypa/pipenv,ruff,ruff,Run ruff check --output-format=github .,runtime.exit_code,ollama,0.855,False,feat_step_is_lint=1; feat_primary_is_runtime=1; feat_first_error_before_tests=1; feat_error_in_lint_step=1; feat_has_dependency_install=1,ï»¿Current runner version: '2.333.0' Hosted Compute Agent Version: 20260213.493 Commit: <SHA> Build Date: Worker ID: {5824a243-5c62-4ef5-a342-4e95797f73f2} Azure Region: northcentralus Ubuntu 24.04.4 LTS Image: ubuntu-24.04 Version: 20260323.65.1 Included Software: <url:github.com> Image Release: <url:github.com> Actions: write ArtifactMetadata: write Attestations: write Checks: write Contents: write Deployments: write Discussions: write Issues: write Metadata: read Models: read Packages: write Pages: write PullRequests: write RepositoryProjects: write SecurityEvents: write Statuses: write Sec,0.35623501154054504,0.17092794364571534,0.00020779061664597375,0.037344341608621705,0.43528491258847196
test_failure,compilation,compilation,False,0.4933085921287627,0.03419860834023464,fabric8io/kubernetes-client,Build,Java 17 Maven,Build Project,runtime.exit_code,ollama,0.855,False,feat_tests_ran=1; feat_num_tests_run=46; feat_build_duration=0.615; feat_fw_junit=1; feat_fw_gradle=1; feat_is_java=1; feat_step_is_compile=1; feat_primary_is_runtime=1; feat_first_error_after_tests_started=1; feat_error_in_compile_step=1; feat_error_in_test_step=1; feat_has_compile_task=1,r] [INFO] Kube API Test - Client Injecting Support [jar] [INFO] Fabric8 :: Openshift :: Java Client API [jar] [INFO] Fabric8 :: Openshift :: Java Client [jar] [INFO] Fabric8 :: Kubernetes :: Extensions [pom] [INFO] Fabric8 :: Knative :: Extension [pom] [INFO] Fabric8 :: Knative :: Model [bundle] [INFO] Fabric8 :: Knative :: Client [bundle] [INFO] Fabric8 :: Knative :: Examples [jar] [INFO] Fabric8 :: Knative :: Tests [jar] [INFO] Fabric8 :: Tekton :: Extension [pom] [INFO] Fabric8 :: Tekton :: Model [bundle] [INFO] Fabric8 :: Tekton :: Client [bundle] [INFO] Fabric8 :: Tekton :: Examples [jar],0.4933085921287627,0.030864598945205008,0.00039997688684637706,0.016316848250657903,0.4591099837885281
configuration,test_failure,test_failure,False,0.43589309615240907,0.07702765144405743,wtforms/wtforms,Tests,3.10,Run tests,runtime.exit_code,ollama,0.95,False,feat_fw_pytest=1; feat_primary_is_runtime=1; feat_first_error_after_tests_started=1; feat_error_in_test_step=1,ï»¿Current runner version: '2.333.1' Hosted Compute Agent Version: 20260213.493 Commit: <SHA> Build Date: Worker ID: {58aca7ce-b682-4431-b158-e59f8975bc05} Azure Region: centralus Ubuntu 24.04.4 LTS Image: ubuntu-24.04 Version: 20260413.86.1 Included Software: <url:github.com> Image Release: <url:github.com> Contents: read Metadata: read Packages: read Secret source: None Prepare workflow directory Prepare all required actions Getting action download info Download action repository 'actions/checkout@<SHA>' (SHA:<SHA>) Download action repository 'astral-sh/setup-uv@<SHA>' (SHA:<SHA>) Complete j,0.35886544470835163,0.16425421571598622,0.001463512978071608,0.0395237304451815,0.43589309615240907
configuration,compilation,compilation,False,0.4343184815803638,0.15147101405893748,sqlalchemy/sqlalchemy,Run tests,test-3.11-windows-latest-x86-cext-greenlet,Run tests,runtime.exit_code,ollama,0.95,False,feat_primary_is_runtime=1; feat_first_error_before_tests=1; feat_has_dependency_install=1,ï»¿Current runner version: '2.332.0' Hosted Compute Agent Version: 20260213.493 Commit: <SHA> Build Date: Worker ID: {e981ebe5-489a-48ad-89d1-046f68081e75} Azure Region: westus Microsoft Windows Server 2025 10.0.26100 Datacenter Image: windows-2025 Version: 20260317.61.1 Included Software: <url:github.com> Image Release: <url:github.com> Contents: read Metadata: read Secret source: Actions Prepare workflow directory Prepare all required actions Getting action download info Download action repository 'actions/checkout@v4' (SHA:<SHA>) Download action repository 'actions/setup-python@v5' (SHA:<SH,0.4343184815803638,0.24071271267159447,0.00023307381832696146,0.0418882644082886,0.2828474675214263
compilation,test_failure,test_failure,False,0.9438506198627309,0.9179384230716601,pypa/virtualenv,🧪 check,🧪 test brew@3.9 - macos-15,🏃 Run test suite,test.assertion,ollama,0.855,False,feat_step_is_test=1; feat_primary_is_test=1; feat_error_in_test_step=1; feat_has_dependency_install=1,"{0} env: UV_CACHE_DIR: /Users/runner/work/_temp/setup-uv-cache From <url:github.com> * branch HEAD -> FETCH_HEAD with: python-version: 3.14 check-latest: false token: *** update-environment: true allow-prereleases: false freethreaded: false env: UV_CACHE_DIR: /Users/runner/work/_temp/setup-uv-cache Successfully set up CPython (3.14.3) if [[ ""brew@3.9"" == ""3.13t"" || ""brew@3.9"" == ""3.14t"" ]]; then uv tool install --no-managed-python --python 3.14 ""tox>=4.32"" --with . else uv tool install --no-managed-python --python 3.14 ""tox>=4.32"" --with tox-uv --with . fi shell: /bin/bash --noprofile --norc -",0.02591219679107081,0.011124472506155239,0.000979136456979618,0.018133574383063518,0.9438506198627309
compilation,test_failure,test_failure,False,0.9438506198627309,0.9179384230716601,pypa/virtualenv,🧪 check,🧪 test pypy-3.10 - macos-15,🏃 Run test suite,test.assertion,ollama,0.81,False,feat_step_is_test=1; feat_primary_is_test=1; feat_error_in_test_step=1; feat_has_dependency_install=1,"/setuptools-65.5.0-py3-none-any.whl Processing /private/var/folders/tb/y368xp_x10s3ty1b_mtl5mxr0000gn/T/tmp5i_ox0w2/pip-23.0.1-py3-none-any.whl Installing collected packages: setuptools, pip Successfully installed pip-23.0.1 setuptools-65.5.0 [command]/Users/runner/hostedtoolcache/PyPy/3.10.16/arm64/bin/python -m pip install --ignore-installed pip Collecting pip Downloading pip-26.0.1-py3-none-any.whl (1.8 MB) ââââââââââââââââââââââââââââââââââââââââ 1.8/1.8 MB 60.9 MB/s eta 0:00:00 Installing collected packages: p",0.02591219679107081,0.011124472506155239,0.000979136456979618,0.018133574383063518,0.9438506198627309
configuration,compilation,compilation,False,0.49804722731098633,0.16381431851822786,pypa/setuptools,tests,"test_cygwin (3.14, windows-latest)",Record the currently selected Python version,runtime.command_not_found,rule,0.92,False,feat_kw_config_fail=1; feat_config_no_compile=1; feat_primary_is_runtime=1; feat_config_missing_file=1; feat_first_error_before_tests=1; feat_has_compile_task=1,"Azure Region: eastus Microsoft Windows Server 2025 10.0.26100 Datacenter Image: windows-2025 Version: 20260405.77.1 Included Software: <url:github.com> Image Release: <url:github.com> Contents: read Metadata: read Secret source: Actions Prepare workflow directory Prepare all required actions Getting action download info Download action repository 'actions/checkout@v4' (SHA:<SHA>) Download action repository 'cygwin/cygwin-install-action@v4' (SHA:<SHA>) Download action repository 'codecov/codecov-action@v4' (SHA:<SHA>) Complete job name: test_cygwin (3.14, windows-latest) with: repository: pypa/",0.49804722731098633,0.15539223701957594,0.00010553137360950235,0.012222095503069809,0.33423290879275847
compilation,test_failure,test_failure,False,0.4462507206611077,0.0788071520825695,pydantic/pydantic,CI,Test ubuntu-latest / 3.11,"Run uv run python -c ""import pydantic.version; print(pydantic.version.version_info())""",runtime.exit_code,ollama,0.81,False,feat_fw_pytest=1; feat_kw_config_fail=1; feat_config_no_compile=1; feat_primary_is_runtime=1; feat_config_missing_file=1; feat_first_error_after_tests_started=1; feat_error_in_test_step=1,ï»¿Current runner version: '2.332.0' Hosted Compute Agent Version: 20260213.493 Commit: <SHA> Build Date: Worker ID: {ad10bfbd-aca0-4969-806e-7fa3caf99348} Azure Region: northcentralus Ubuntu 24.04.3 LTS Image: ubuntu-24.04 Version: 20260309.50.1 Included Software: <url:github.com> Image Release: <url:github.com> Actions: write ArtifactMetadata: write Attestations: write Checks: write Contents: write Deployments: write Discussions: write Issues: write Metadata: read Models: read Packages: write Pages: write PullRequests: write RepositoryProjects: write SecurityEvents: write Statuses: write Sec,0.3674435685785382,0.15843637595321236,0.0015919532420832837,0.026277381565058523,0.4462507206611077
infrastructure,configuration,configuration,False,0.49361912020075777,0.14858260765050374,hibernate/hibernate-orm,GH Actions CI,GraalVM 25 - base-database-service-26ai,Run oracle-actions/setup-testpilot@f620f11f9f26dacfe80ba1823342e3e92604c55f,runtime.exit_code,ollama,0.81,False,feat_fw_gradle=1; feat_is_java=1; feat_step_is_setup=1; feat_primary_is_runtime=1; feat_first_error_before_tests=1; feat_error_in_setup_step=1,-5c3d-48c2-8a06-7dc3e9df34c8' before making global git config changes Adding repository directory to the temporary git global config as a safe directory [command]/usr/bin/git config --global --add safe.directory /home/ubuntu/actions-runner/_work/hibernate-orm/hibernate-orm [command]/usr/bin/git config --local --get remote.origin.url <url:github.com> [command]/usr/bin/git rev-parse --symbolic-full-name --verify --quiet HEAD refs/heads/main [command]/usr/bin/git checkout --detach HEAD is now at 76307ce5 Add Hibernate Tools merging to .git-blame-ignore-revs [command]/usr/bin/git branch --delete -,0.345036512550254,0.49361912020075777,0.00027690436310990826,0.14412475845670775,0.016942704429170497
infrastructure,test_failure,test_failure,False,0.8519423063153971,0.7353750007566866,apache/airflow,Tests,Low dep tests:core / All-core:LowestDeps:14:3.10:Core...Serialization,core:All Tests LowestDeps 14 Py3.10:Core Other Serialization,test.assertion,ollama,0.855,False,feat_primary_is_test=1,ï»¿Current runner version: '2.333.1' Hosted Compute Agent Version: 20260422.526 Commit: <SHA> Build Date: Worker ID: {f5505ebd-5275-4993-b60e-954f6e6fe443} Azure Region: westus Ubuntu 22.04.5 LTS Image: ubuntu-22.04 Version: 20260426.102.1 Included Software: <url:github.com> Image Release: <url:github.com> Contents: read Metadata: read Secret source: None Prepare workflow directory Prepare all required actions Getting action download info Download action repository 'actions/checkout@<SHA>' (SHA:<SHA>) Uses: apache/airflow/.github/workflows/run-unit-tests.yml@refs/pull/65958/merge (<SHA>) runne,0.021910496881458817,0.009370104908797531,0.00020978633563600426,0.1165673055587105,0.8519423063153971
configuration,compilation,compilation,False,0.5513166612264826,0.22331911174760527,apache/kafka,Workflow Requested for KAFKA-19193 Support rack-aware partitioning for Kafka producer,check-pr-labels,Check PR Labels,runtime.exit_code,ollama,0.95,False,feat_is_java=1; feat_primary_is_runtime=1; feat_first_error_before_tests=1,"""labels_url"": ""<url:api.github.com> ""languages_url"": ""<url:api.github.com> ""merges_url"": ""<url:api.github.com> ""milestones_url"": ""<url:api.github.com> ""name"": ""kafka"", ""node_id"": ""MDEwOlJlcG9zaXRvcnkyMjExMjQz"", ""notifications_url"": ""<url:api.github.com> ""owner"": { ""avatar_url"": ""<url:avatars.githubusercontent.com> ""events_url"": ""<url:api.github.com> ""followers_url"": ""<url:api.github.com> ""following_url"": ""<url:api.github.com> ""gists_url"": ""<url:api.github.com> ""gravatar_id"": """", ""html_url"": ""<url:github.com> ""id"": 47359, ""login"": ""apache"", ""node_id"": ""MDEyOk9yZ2FuaXphdGlvbjQ3MzU5"", ""organizati",0.5513166612264826,0.3279975494788773,0.0002389049518138468,0.03286963471101677,0.08757724963180934
configuration,test_failure,test_failure,False,0.39589370280020797,0.017731320715683008,mlflow/mlflow,JS,js (--testPathIgnorePatterns),Run tests,runtime.exit_code,ollama,0.95,False,feat_primary_is_runtime=1; feat_first_error_before_tests=1,Yarn â¤ YN0000: â /tmp/xfs-c05f1330 STDOUT â¤ YN0000: â /tmp/xfs-7c6f076c STDOUT No package manager configuration detected; defaulting to Yarn â¤ YN0000: â /tmp/xfs-7c6f076c STDOUT â¤ YN0000: â /tmp/xfs-c05f1330 STDOUT â¤ YN0000: LICENSE â¤ YN0000: â /tmp/xfs-c05f1330 STDOUT â¤ YN0000: README.md â¤ YN0000: â /tmp/xfs-c05f1330 STDOUT â¤ YN0000: ndarray-ops.js â¤ YN0000: â /tmp/xfs-c05f1330 STDOUT â¤ YN0000: package.json â¤ YN0000: â /tmp/xfs-c05f1330 STDOUT â¤ YN0000: Package archive generated in /tmp/xfs-c05f1330/package.tgz â¤ YN0000: â /tmp/xfs-c05f1330 STDOUT,0.37816238208452496,0.20035463863182076,0.00018434143318934657,0.025404935050257028,0.39589370280020797
test_failure,compilation,compilation,False,0.4343184815803638,0.15147101405893748,benoitc/gunicorn,lint,3.12 / tox-(other),Check generated docs,runtime.exit_code,ollama,0.855,False,feat_primary_is_runtime=1; feat_first_error_before_tests=1; feat_has_dependency_install=1,ï»¿Current runner version: '2.332.0' Hosted Compute Agent Version: 20260213.493 Commit: <SHA> Build Date: Worker ID: {f81af084-ef41-4a4a-a8e7-2bfd56d0bc2d} Azure Region: eastus Ubuntu 24.04.3 LTS Image: ubuntu-24.04 Version: 20260309.50.1 Included Software: <url:github.com> Image Release: <url:github.com> Contents: read Metadata: read Secret source: Actions Prepare workflow directory Prepare all required actions Getting action download info Download action repository 'actions/checkout@v6' (SHA:<SHA>) Download action repository 'actions/setup-python@v6' (SHA:<SHA>) Complete job name: 3.12 / tox,0.4343184815803638,0.24071271267159447,0.00023307381832696146,0.0418882644082886,0.2828474675214263
compilation,test_failure,test_failure,False,0.5459862681219324,0.12191568501319577,pallets/click,Tests,Mac,Run uv run --locked --no-default-groups --group dev tox run,compile.syntax,ollama,0.95,False,feat_fw_pytest=1; feat_kw_compile_fail=1; feat_kw_config_fail=1; feat_compile_no_tests=1; feat_compile_with_config=1; feat_primary_is_compile=1; feat_compile_python_syntax=1; feat_config_missing_file=1; feat_first_error_after_tests_started=1; feat_error_in_test_step=1; feat_compile_over_config_guard=1,ï»¿Current runner version: '2.333.1' Hosted Compute Agent Version: 20260213.493 Commit: <SHA> Build Date: Worker ID: {325aeef4-e05e-4fc8-990f-7b8962979267} Azure Region: westus macOS 15.7.4 24G517 Image: macos-15-arm64 Version: 20260406.0256.1 Included Software: <url:github.com> Image Release: <url:github.com> Metadata: read Secret source: None Prepare workflow directory Prepare all required actions Getting action download info Download action repository 'actions/checkout@<SHA>' (SHA:<SHA>) Download action repository 'astral-sh/setup-uv@<SHA>' (SHA:<SHA>) Download action repository 'actions/se,0.42407058310873663,0.020304336857951168,0.0018813695612992607,0.007757442350080643,0.5459862681219324
test_failure,infrastructure,infrastructure,False,0.4847595401870418,0.011723584063406345,pypa/pipenv,CI,Windows / 3.10,Run tests,infra.network.socket,ollama,0.855,False,feat_fw_pytest=1; feat_kw_test_assert=1; feat_primary_is_infra=1; feat_first_error_after_tests_started=1; feat_error_in_test_step=1; feat_has_dependency_install=1,"Successfully installed packaging-26.0 setuptools-82.0.1 wheel-0.46.3 git submodule sync git submodule update --init --recursive python -m pip install -e . --upgrade pipenv install --deploy --dev --python=3.10 shell: C:\Program Files\PowerShell\7\pwsh.EXE -command "". '{0}'"" env: pythonLocation: C:\hostedtoolcache\windows\Python\3.10.11\x64 PKG_CONFIG_PATH: C:\hostedtoolcache\windows\Python\3.10.11\x64/lib/pkgconfig Python_ROOT_DIR: C:\hostedtoolcache\windows\Python\3.10.11\x64 Python2_ROOT_DIR: C:\hostedtoolcache\windows\Python\3.10.11\x64 Python3_ROOT_DIR: C:\hostedtoolcache\windows\Python\3.1",0.027498719869563197,0.01354470143649106,0.0011610823832684765,0.4847595401870418,0.47303595612363547
configuration,compilation,compilation,False,0.7930926591282302,0.6475272474721359,hibernate/hibernate-orm,GH Actions CI,Prepare build bundle for Sonar scanner,Merge Jacoco Reports,runtime.exit_code,ollama,0.95,False,feat_fw_junit=1; feat_fw_gradle=1; feat_is_java=1; feat_primary_is_runtime=1; feat_first_error_before_tests=1; feat_has_compile_task=1,sources > Task :hibernate-gradle-plugin:classes > Task :hibernate-hikaricp:spotlessJava > Task :hibernate-hikaricp:spotlessJavaApply Note: /home/runner/work/hibernate-orm/hibernate-orm/hibernate-hikaricp/src/main/java/org/hibernate/hikaricp/internal/HikariConfigurationUtil.java uses or overrides a deprecated API. > Task :hibernate-hikaricp:compileJava > Task :hibernate-hikaricp:processResources > Task :hibernate-hikaricp:classes Note: Recompile with -Xlint:deprecation for details. > Task :hibernate-scan-jandex:spotlessJava > Task :hibernate-scan-jandex:spotlessJavaApply Note: /home/runner/work,0.7930926591282302,0.14556541165609432,9.080095494126358e-05,0.004386648912018714,0.05686447934871553
configuration,compilation,compilation,False,0.5801484104035699,0.2274261175454892,psf/black,test,"test (3.13, windows-11-arm)",Unit tests,compile.syntax,ollama,0.855,False,feat_kw_config_fail=1; feat_config_no_compile=1; feat_primary_is_compile=1; feat_config_auth_permission=1; feat_first_error_before_tests=1; feat_error_in_setup_step=1; feat_has_dependency_install=1; feat_config_strong_only=1,ï»¿Current runner version: '2.333.0' Hosted Compute Agent Version: 20260213.493 Commit: <SHA> Build Date: Worker ID: {0a80823c-8a50-4526-a4ca-9fe7997bbeff} Azure Region: eastus2 - OS: Windows (Arm64) - Source: Partner - Name: Microsoft Windows 11 Desktop by Arm Limited - Version: 20260318.50.1 - Included Software: <url:github.com> Contents: read Metadata: read Secret source: None Prepare workflow directory Prepare all required actions Getting action download info Download action repository 'actions/checkout@<SHA>' (SHA:<SHA>) Download action repository 'actions/setup-python@<SHA>' (SHA:<SHA>) ,0.5801484104035699,0.3527222928580807,0.0001528392370225052,0.03092767960383567,0.03604877789749139
configuration,test_failure,test_failure,False,0.39589370280020797,0.017731320715683008,sqlalchemy/sqlalchemy,Create wheel,compiled wheels cp313t-* cp314t-* on macos-15,Publish wheel,runtime.command_not_found,rule,0.92,False,feat_primary_is_runtime=1; feat_first_error_before_tests=1,ï»¿Current runner version: '2.333.1' Hosted Compute Agent Version: 20260415.520 Commit: <SHA> Build Date: Worker ID: {212bb4c3-3e9f-4cdf-a9d2-f6a96aae10e2} Azure Region: westus macOS 15.7.4 24G517 Image: macos-15-arm64 Version: 20260414.0270.1 Included Software: <url:github.com> Image Release: <url:github.com> Actions: write ArtifactMetadata: write Attestations: write Checks: write Contents: write Deployments: write Discussions: write Issues: write Metadata: read Models: read Packages: write Pages: write PullRequests: write RepositoryProjects: write SecurityEvents: write Statuses: write Secret,0.37816238208452496,0.20035463863182076,0.00018434143318934657,0.025404935050257028,0.39589370280020797
configuration,compilation,compilation,False,0.5801484104035699,0.2274261175454892,psf/black,test,"test (3.11, windows-latest)",Unit tests,compile.syntax,ollama,0.81,False,feat_kw_config_fail=1; feat_config_no_compile=1; feat_primary_is_compile=1; feat_config_auth_permission=1; feat_first_error_before_tests=1; feat_error_in_setup_step=1; feat_has_dependency_install=1; feat_config_strong_only=1,ï»¿Current runner version: '2.333.0' Hosted Compute Agent Version: 20260213.493 Commit: <SHA> Build Date: Worker ID: {f94bd7e9-1a46-4599-9ef3-68e6f0e1f9d7} Azure Region: eastus Microsoft Windows Server 2025 10.0.26100 Datacenter Image: windows-2025 Version: 20260317.61.1 Included Software: <url:github.com> Image Release: <url:github.com> Contents: read Metadata: read Secret source: None Prepare workflow directory Prepare all required actions Getting action download info Download action repository 'actions/checkout@<SHA>' (SHA:<SHA>) Download action repository 'actions/setup-python@<SHA>' (SHA:,0.5801484104035699,0.3527222928580807,0.0001528392370225052,0.03092767960383567,0.03604877789749139
configuration,compilation,compilation,False,0.5066524268068551,0.09379588603184924,pypa/virtualenv,🧪 check,🔎 check docs - ubuntu-24.04,🏗️ Setup check suite,runtime.exit_code,ollama,0.8,False,feat_step_is_setup=1; feat_primary_is_runtime=1; feat_first_error_before_tests=1; feat_error_in_setup_step=1,* [new tag] 1.10.1 -> 1.10.1 * [new tag] 1.10rc1 -> 1.10rc1 * [new tag] 1.10rc10 -> 1.10rc10 * [new tag] 1.10rc2 -> 1.10rc2 * [new tag] 1.10rc3 -> 1.10rc3 * [new tag] 1.10rc4 -> 1.10rc4 * [new tag] 1.10rc5 -> 1.10rc5 * [new tag] 1.10rc6 -> 1.10rc6 * [new tag] 1.10rc7 -> 1.10rc7 * [new tag] 1.10rc8 -> 1.10rc8 * [new tag] 1.10rc9 -> 1.10rc9 * [new tag] 1.11 -> 1.11 * [new tag] 1.11.1 -> 1.11.1 * [new tag] 1.11.1rc1 -> 1.11.1rc1 * [new tag] 1.11.1rc2 -> 1.11.1rc2 * [new tag] 1.11.2 -> 1.11.2 * [new tag] 1.11.3 -> 1.11.3 * [new tag] 1.11.4 -> 1.11.4 * [new tag] 1.11.5 -> 1.11.5 * [new tag] 1.11.6 ,0.5066524268068551,0.41285654077500583,0.00020864883971992142,0.02874331595661239,0.051539067621806774
test_failure,compilation,compilation,False,0.807900783474187,0.6584840269158272,benoitc/gunicorn,FreeBSD,FreeBSD 14.2 / Python 3.13,Test on FreeBSD,compile.symbol_resolution,ollama,0.855,False,feat_step_is_test=1; feat_primary_is_compile=1; feat_error_in_test_step=1,lears_socket PASSED [ 0%] tests/ctl/test_client.py::TestControlClientContextManager::test_context_manager_connection_error PASSED [ 0%] tests/ctl/test_client.py::TestControlClientContextManager::test_context_manager_success PASSED [ 0%] tests/ctl/test_client.py::TestControlClientSendCommand::test_send_command_success PASSED [ 0%] tests/ctl/test_client.py::TestControlClientSendCommand::test_send_command_error_response PASSED [ 0%] tests/ctl/test_client.py::TestControlClientSendCommand::test_send_command_auto_connect PASSED [ 0%] tests/ctl/test_client.py::TestParseCommand::test_parse_simple_comm,0.807900783474187,0.017639231073667785,0.0016344248353881627,0.023408804058397226,0.14941675655835981
infrastructure,test_failure,test_failure,False,0.39589370280020797,0.017731320715683008,pypa/setuptools,tests,"test (ubuntu-latest, 3.10, stdlib)",Populate download cache,runtime.exit_code,ollama,0.855,False,feat_primary_is_runtime=1; feat_first_error_before_tests=1,ï»¿Current runner version: '2.331.0' Hosted Compute Agent Version: 20260213.493 Commit: <SHA> Build Date: Worker ID: {0168c59e-a764-4917-bbf4-3e8083f2da23} Azure Region: eastus2 Ubuntu 24.04.3 LTS Image: ubuntu-24.04 Version: 20260224.36.1 Included Software: <url:github.com> Image Release: <url:github.com> Contents: read Metadata: read Secret source: None Prepare workflow directory Prepare all required actions Getting action download info Download action repository 'actions/checkout@v4' (SHA:<SHA>) Download action repository 'actions/setup-python@v5' (SHA:<SHA>) Download action repository 'act,0.37816238208452496,0.20035463863182076,0.00018434143318934657,0.025404935050257028,0.39589370280020797
configuration,compilation,compilation,False,0.7735259989147643,0.5919295663706066,pypa/virtualenv,🧪 check,🧪 test 3.13t - windows-2025,🏗️ Setup test suite,runtime.exit_code,ollama,0.95,False,feat_step_is_test=1; feat_step_is_setup=1; feat_primary_is_runtime=1; feat_first_error_before_tests=1; feat_error_in_setup_step=1; feat_error_in_test_step=1,ï»¿Current runner version: '2.331.0' Hosted Compute Agent Version: 20260123.484 Commit: <SHA> Build Date: Worker ID: {19df16a8-fa40-4da6-a6ec-5a24a39f990a} Azure Region: westus Microsoft Windows Server 2025 10.0.26100 Datacenter Image: windows-2025 Version: 20260209.23.1 Included Software: <url:github.com> Image Release: <url:github.com> Contents: read Metadata: read Secret source: Actions Prepare workflow directory Prepare all required actions Getting action download info Download action repository 'astral-sh/setup-uv@v4' (SHA:<SHA>) Download action repository 'actions/checkout@v4' (SHA:<SHA>,0.7735259989147643,0.18159643254415764,0.0004439237919030149,0.010965037118332903,0.03346860763084238
compilation,test_failure,test_failure,False,0.39589370280020797,0.017731320715683008,pytest-dev/pytest,test,check,Decide whether the needed jobs succeeded or failed,runtime.exit_code,ollama,0.855,False,feat_primary_is_runtime=1; feat_first_error_before_tests=1,"ï»¿Current runner version: '2.332.0' Hosted Compute Agent Version: 20260213.493 Commit: <SHA> Build Date: Worker ID: {bbc3ea87-b6fd-4aaa-bed3-f622c3ecf2d1} Azure Region: centralus Ubuntu 24.04.3 LTS Image: ubuntu-24.04 Version: 20260302.42.1 Included Software: <url:github.com> Image Release: <url:github.com> Metadata: read Secret source: None Prepare workflow directory Prepare all required actions Getting action download info Download action repository 're-actors/alls-green@<SHA>' (SHA:<SHA>) Complete job name: check with: jobs: { ""build"": { ""result"": ""skipped"", ""outputs"": {} } } allowed-failu",0.37816238208452496,0.20035463863182076,0.00018434143318934657,0.025404935050257028,0.39589370280020797
configuration,infrastructure,infrastructure,False,0.6008563651196355,0.34187409170382527,pallets/click,pre-commit,main,Run uv run --locked --group pre-commit pre-commit run --show-diff-on-failure --color=always --all-files,infra.network.socket,ollama,0.855,False,feat_kw_config_fail=1; feat_config_no_compile=1; feat_primary_is_infra=1; feat_config_missing_file=1; feat_first_error_before_tests=1,ï»¿Current runner version: '2.331.0' Hosted Compute Agent Version: 20260123.484 Commit: <SHA> Build Date: Worker ID: {27ddc93e-cebd-4b30-a0d9-91e2f7677a23} Azure Region: westus Ubuntu 24.04.3 LTS Image: ubuntu-24.04 Version: 20260209.23.1 Included Software: <url:github.com> Image Release: <url:github.com> Contents: read Metadata: read Packages: read Secret source: None Prepare workflow directory Prepare all required actions Getting action download info Download action repository 'actions/checkout@<SHA>' (SHA:<SHA>) Download action repository 'astral-sh/setup-uv@<SHA>' (SHA:<SHA>) Download acti,0.0864210198708614,0.053255936413298496,0.0004844051803943259,0.6008563651196355,0.2589822734158102
compilation,test_failure,test_failure,False,0.9543942565543433,0.9319835408252497,pypa/virtualenv,🧪 check,🧪 test 3.11 - ubuntu-24.04,🏃 Run test suite,test.assertion,ollama,0.855,False,feat_step_is_test=1; feat_primary_is_test=1; feat_error_in_test_step=1,ared 11 packages in 596ms Installed 13 packages in 193ms + cachetools==7.0.1 + chardet==5.2.0 + colorama==0.4.6 + distlib==0.4.0 + filelock==3.24.0 + packaging==26.0 + platformdirs==4.9.1 + pluggy==1.6.0 + pyproject-api==1.10.0 + tox==4.35.0 + tox-uv==1.29.0 + uv==0.10.2 + virtualenv==20.36.2.dev22+g610b98ecc (from file:///home/runner/work/virtualenv/virtualenv) Installed 1 executable: tox with: python-version: 3.11 check-latest: false token: *** update-environment: true allow-prereleases: false freethreaded: false env: UV_CACHE_DIR: /home/runner/work/_temp/setup-uv-cache pythonLocation: /opt/,0.022410715729093606,0.008810790568077344,0.0007368986595253221,0.013647338488960358,0.9543942565543433
compilation,test_failure,test_failure,False,0.39589370280020797,0.017731320715683008,aio-libs/aiobotocore,CI/CD,check,Decide whether the needed jobs succeeded or failed,runtime.exit_code,ollama,0.855,False,feat_primary_is_runtime=1; feat_first_error_before_tests=1,"ï»¿Current runner version: '2.333.1' Hosted Compute Agent Version: 20260213.493 Commit: <SHA> Build Date: Worker ID: {c9c9ea7d-2c88-4b12-84da-0d541a4b0c2f} Azure Region: westcentralus Ubuntu 24.04.4 LTS Image: ubuntu-24.04 Version: 20260413.86.1 Included Software: <url:github.com> Image Release: <url:github.com> Metadata: read Secret source: Actions Prepare workflow directory Prepare all required actions Getting action download info Download action repository 're-actors/alls-green@<SHA>' (SHA:<SHA>) Complete job name: check with: jobs: { ""build"": { ""result"": ""success"", ""outputs"": {} }, ""test"":",0.37816238208452496,0.20035463863182076,0.00018434143318934657,0.025404935050257028,0.39589370280020797
configuration,compilation,compilation,False,0.5801484104035699,0.2274261175454892,psf/black,test,"test (3.14, windows-latest)",Unit tests,compile.syntax,ollama,0.81,False,feat_kw_config_fail=1; feat_config_no_compile=1; feat_primary_is_compile=1; feat_config_auth_permission=1; feat_first_error_before_tests=1; feat_error_in_setup_step=1; feat_has_dependency_install=1; feat_config_strong_only=1,ï»¿Current runner version: '2.333.0' Hosted Compute Agent Version: 20260213.493 Commit: <SHA> Build Date: Worker ID: {2a16183d-8efe-4b1a-bffa-98da11eaae59} Azure Region: westcentralus Microsoft Windows Server 2025 10.0.26100 Datacenter Image: windows-2025 Version: 20260317.61.1 Included Software: <url:github.com> Image Release: <url:github.com> Contents: read Metadata: read Secret source: None Prepare workflow directory Prepare all required actions Getting action download info Download action repository 'actions/checkout@<SHA>' (SHA:<SHA>) Download action repository 'actions/setup-python@<SHA>,0.5801484104035699,0.3527222928580807,0.0001528392370225052,0.03092767960383567,0.03604877789749139
compilation,test_failure,test_failure,False,0.39589370280020797,0.017731320715683008,tiangolo/fastapi,Test,check,Decide whether the needed jobs succeeded or failed,runtime.exit_code,ollama,0.855,False,feat_primary_is_runtime=1; feat_first_error_before_tests=1,"""followers_url"": ""<url:api.github.com> ""following_url"": ""<url:api.github.com> ""gists_url"": ""<url:api.github.com> ""gravatar_id"": """", ""html_url"": ""<url:github.com> ""id"": 44426557, ""login"": ""HeHongyeFY"", ""node_id"": ""MDQ6VXNlcjQ0NDI2NTU3"", ""organizations_url"": ""<url:api.github.com> ""received_events_url"": ""<url:api.github.com> ""repos_url"": ""<url:api.github.com> ""site_admin"": false, ""starred_url"": ""<url:api.github.com> ""subscriptions_url"": ""<url:api.github.com> ""type"": ""User"", ""url"": ""<url:api.github.com> ""user_view_type"": ""public"" }, ""private"": false, ""pull_request_creation_policy"": ""all"", ""pulls_u",0.37816238208452496,0.20035463863182076,0.00018434143318934657,0.025404935050257028,0.39589370280020797
configuration,compilation,compilation,False,0.5513166612264826,0.22331911174760527,apache/kafka,Workflow Requested for Upgrade checkstyle to 13.4.0 and fix Javadoc to prevent parsing errors,check-pr-labels,Check PR Labels,runtime.exit_code,ollama,0.95,False,feat_is_java=1; feat_primary_is_runtime=1; feat_first_error_before_tests=1,"""labels_url"": ""<url:api.github.com> ""languages_url"": ""<url:api.github.com> ""merges_url"": ""<url:api.github.com> ""milestones_url"": ""<url:api.github.com> ""name"": ""kafka"", ""node_id"": ""MDEwOlJlcG9zaXRvcnkyMjExMjQz"", ""notifications_url"": ""<url:api.github.com> ""owner"": { ""avatar_url"": ""<url:avatars.githubusercontent.com> ""events_url"": ""<url:api.github.com> ""followers_url"": ""<url:api.github.com> ""following_url"": ""<url:api.github.com> ""gists_url"": ""<url:api.github.com> ""gravatar_id"": """", ""html_url"": ""<url:github.com> ""id"": 47359, ""login"": ""apache"", ""node_id"": ""MDEyOk9yZ2FuaXphdGlvbjQ3MzU5"", ""organizati",0.5513166612264826,0.3279975494788773,0.0002389049518138468,0.03286963471101677,0.08757724963180934
test_failure,compilation,compilation,False,0.9136224586960527,0.8367686356285791,pypa/pip,CI,tests / 3.13 / macos-latest,Run unit tests,compile.symbol_resolution,ollama,0.81,False,feat_fw_pytest=1; feat_primary_is_compile=1; feat_first_error_after_tests_started=1; feat_error_in_test_step=1; feat_has_dependency_install=1,"d]/opt/homebrew/bin/git checkout --progress --force refs/remotes/pull/13735/merge HEAD is now at 40eaf08 Merge <SHA> into <SHA> [command]/opt/homebrew/bin/git log -1 --format=%H <SHA> Removing SSH command configuration [command]/opt/homebrew/bin/git config --local --name-only --get-regexp core\.sshCommand [command]/opt/homebrew/bin/git submodule foreach --recursive sh -c ""git config --local --name-only --get-regexp 'core\.sshCommand' && git config --local --unset-all 'core.sshCommand' || :"" Removing HTTP extra header [command]/opt/homebrew/bin/git config --local --name-only --get-regexp http\.",0.9136224586960527,0.0062614901774446985,0.0005364745827162776,0.002725753476312528,0.07685382306747371
configuration,test_failure,test_failure,False,0.9450637904113197,0.9228897823843677,PyCQA/isort,CI,"Tests (3.15, windows-latest)",Run tests,test.assertion,ollama,0.855,False,feat_primary_is_test=1; feat_first_error_before_tests=1,ï»¿Current runner version: '2.333.1' Hosted Compute Agent Version: 20260213.493 Commit: <SHA> Build Date: Worker ID: {9fa8609b-8464-444d-96e0-e03a0bfa4384} Azure Region: westus3 Microsoft Windows Server 2025 10.0.26100 Datacenter Image: windows-2025 Version: 20260317.61.1 Included Software: <url:github.com> Image Release: <url:github.com> Contents: read Metadata: read Secret source: None Prepare workflow directory Prepare all required actions Getting action download info Download action repository 'actions/checkout@v6' (SHA:<SHA>) Download action repository 'actions/setup-python@v6' (SHA:<SHA>,0.022174008026952068,0.016115073662844415,0.0001318700673273755,0.016515257831556548,0.9450637904113197
configuration,test_failure,test_failure,False,0.39589370280020797,0.017731320715683008,pre-commit/pre-commit,main,main-linux / collector,check for failures,runtime.exit_code,ollama,0.95,False,feat_primary_is_runtime=1; feat_first_error_before_tests=1,ï»¿Current runner version: '2.333.1' Hosted Compute Agent Version: 20260213.493 Commit: <SHA> Build Date: Worker ID: {ccd9118d-7d60-44f3-8746-f0ffe5f7f31e} Azure Region: westus Ubuntu 24.04.4 LTS Image: ubuntu-24.04 Version: 20260329.72.1 Included Software: <url:github.com> Image Release: <url:github.com> Actions: read ArtifactMetadata: read Attestations: read Checks: read Contents: read Deployments: read Discussions: read Issues: read Metadata: read Models: read Packages: read Pages: read PullRequests: read RepositoryProjects: read SecurityEvents: read Statuses: read Secret source: None Prepa,0.37816238208452496,0.20035463863182076,0.00018434143318934657,0.025404935050257028,0.39589370280020797
configuration,test_failure,test_failure,False,0.8578408467178142,0.7719765549170792,python/mypy,Tests,Type check our own code (py310-windows-64),Test,runtime.exit_code,ollama,0.8,False,feat_fw_pytest=1; feat_step_is_test=1; feat_primary_is_runtime=1; feat_first_error_before_tests=1; feat_error_in_test_step=1; feat_has_dependency_install=1,"env: TOX_SKIP_MISSING_INTERPRETERS: false VIRTUALENV_SYSTEM_SITE_PACKAGES: 0 FORCE_COLOR: 1 PY_COLORS: 1 PYTHON_COLORS: 0 TERM: xterm-color MYPY_FORCE_COLOR: 1 MYPY_FORCE_TERMINAL_WIDTH: 200 PYTEST_ADDOPTS: --color=yes Successfully set up CPython (3.10.11) echo PATH; echo $PATH echo which python; which python echo which pip; which pip echo python version; python -c 'import sys; print(sys.version)' echo debug build; python -c 'import sysconfig; print(bool(sysconfig.get_config_var(""Py_DEBUG"")))' echo os.cpu_count; python -c 'import os; print(os.cpu_count())' echo os.sched_getaffinity; python -c ",0.08586429180073502,0.052966968643045086,0.00021990470569240345,0.003107988132713189,0.8578408467178142
configuration,compilation,compilation,False,0.5513166612264826,0.22331911174760527,checkstyle/checkstyle,Check PR Description,Analyze,Do action,runtime.exit_code,ollama,0.95,False,feat_is_java=1; feat_primary_is_runtime=1; feat_first_error_before_tests=1,ï»¿Current runner version: '2.333.1' Hosted Compute Agent Version: 20260213.493 Commit: <SHA> Build Date: Worker ID: {7010c594-227c-4064-91b3-946e7d886cb5} Azure Region: eastus2 Ubuntu 24.04.4 LTS Image: ubuntu-24.04 Version: 20260406.80.1 Included Software: <url:github.com> Image Release: <url:github.com> Contents: read Metadata: read Packages: read Secret source: None Prepare workflow directory Prepare all required actions Getting action download info Download action repository 'actions/checkout@v6' (SHA:<SHA>) Complete job name: Analyze with: repository: checkstyle/checkstyle token: *** ssh,0.5513166612264826,0.3279975494788773,0.0002389049518138468,0.03286963471101677,0.08757724963180934
configuration,test_failure,test_failure,False,0.39589370280020797,0.017731320715683008,pypa/setuptools,tests,check,Decide whether the needed jobs succeeded or failed,runtime.exit_code,ollama,0.85,False,feat_primary_is_runtime=1; feat_first_error_before_tests=1,"ï»¿Current runner version: '2.332.0' Hosted Compute Agent Version: 20260213.493 Commit: <SHA> Build Date: Worker ID: {cc4bb121-e5d0-48cc-aa90-3b1208c778c7} Azure Region: northcentralus Ubuntu 24.04.3 LTS Image: ubuntu-24.04 Version: 20260302.42.1 Included Software: <url:github.com> Image Release: <url:github.com> Contents: read Metadata: read Secret source: Actions Prepare workflow directory Prepare all required actions Getting action download info Download action repository 're-actors/alls-green@release/v1' (SHA:<SHA>) Complete job name: check with: allowed-skips: check-changed-folders, integ",0.37816238208452496,0.20035463863182076,0.00018434143318934657,0.025404935050257028,0.39589370280020797
compilation,configuration,configuration,False,0.8896489236936808,0.7933681920492835,google/guava,CI,pom.xml on JDK 21 on ubuntu-latest,Install,runtime.exit_code,ollama,0.855,False,feat_fw_junit=1; feat_fw_gradle=1; feat_is_java=1; feat_kw_config_fail=1; feat_config_no_compile=1; feat_step_is_setup=1; feat_primary_is_runtime=1; feat_config_missing_file=1; feat_first_error_before_tests=1; feat_error_in_setup_step=1,ï»¿Current runner version: '2.333.1' Hosted Compute Agent Version: 20260213.493 Commit: <SHA> Build Date: Worker ID: {be003477-9023-420f-a33c-2ab803c819bc} Azure Region: westus Ubuntu 24.04.4 LTS Image: ubuntu-24.04 Version: 20260406.80.1 Included Software: <url:github.com> Image Release: <url:github.com> Actions: write Contents: read Metadata: read Secret source: Actions Prepare workflow directory Prepare all required actions Getting action download info Download action repository 'styfle/cancel-workflow-action@<SHA>' (SHA:<SHA>) Download action repository 'actions/checkout@<SHA>' (SHA:<SHA>),0.09628073164439721,0.8896489236936808,8.101922303351221e-05,0.008416994210992113,0.005572331227896301
compilation,test_failure,test_failure,False,0.9068578360011739,0.8409436050927788,apache/camel-quarkus,Camel Quarkus CI,functional-extension-tests,cd catalog && mvn test,test.assertion,ollama,0.855,False,feat_fw_junit=1; feat_is_java=1; feat_step_is_test=1; feat_primary_is_test=1; feat_first_error_before_tests=1; feat_error_in_test_step=1; feat_has_compile_task=1,t.x :: Runtime [jar] [INFO] Camel Quarkus :: ThreadPoolFactory Vert.x :: Deployment [jar] [INFO] Camel Quarkus :: XML IO DSL [pom] [INFO] Camel Quarkus :: XML IO DSL :: Runtime [jar] [INFO] Camel Quarkus :: XML IO DSL :: Deployment [jar] [INFO] Camel Quarkus :: XML JAXB [pom] [INFO] Camel Quarkus :: XML JAXB :: Runtime [jar] [INFO] Camel Quarkus :: XML JAXB :: Deployment [jar] [INFO] Camel Quarkus :: XML JAXP [pom] [INFO] Camel Quarkus :: XML JAXP :: Runtime [jar] [INFO] Camel Quarkus :: XML JAXP :: Deployment [jar] [INFO] Camel Quarkus :: YAML DSL [pom] [INFO] Camel Quarkus :: YAML DSL :: Run,0.06591423090839509,0.019828826131521086,0.0015046769062971007,0.005894430052612893,0.9068578360011739
test_failure,compilation,compilation,False,0.4343184815803638,0.15147101405893748,benoitc/gunicorn,lint,3.12 / tox-(other),Check generated docs,runtime.exit_code,ollama,0.855,False,feat_primary_is_runtime=1; feat_first_error_before_tests=1; feat_has_dependency_install=1,ï»¿Current runner version: '2.331.0' Hosted Compute Agent Version: 20260123.484 Commit: <SHA> Build Date: Worker ID: {4771468f-60cc-4943-a373-a0339846c77d} Azure Region: northcentralus Ubuntu 24.04.3 LTS Image: ubuntu-24.04 Version: 20260209.23.1 Included Software: <url:github.com> Image Release: <url:github.com> Contents: read Metadata: read Secret source: Actions Prepare workflow directory Prepare all required actions Getting action download info Download action repository 'actions/checkout@v6' (SHA:<SHA>) Download action repository 'actions/setup-python@v6' (SHA:<SHA>) Complete job name: 3.,0.4343184815803638,0.24071271267159447,0.00023307381832696146,0.0418882644082886,0.2828474675214263
infrastructure,compilation,compilation,False,0.5788588608776064,0.3332454133027914,ben-manes/caffeine,Static analysis for Java,Eclipse Compiler for Java,ECJ,runtime.exit_code,ollama,0.855,False,feat_fw_gradle=1; feat_is_java=1; feat_primary_is_runtime=1; feat_first_error_before_tests=1,ï»¿Current runner version: '2.333.1' Hosted Compute Agent Version: 20260213.493 Commit: <SHA> Build Date: Worker ID: {d7f8a367-a18c-4c12-8573-a32393db5ecf} Azure Region: eastus Ubuntu 24.04.4 LTS Image: ubuntu-24.04 Version: 20260329.72.1 Included Software: <url:github.com> Image Release: <url:github.com> Contents: read Metadata: read Secret source: Actions Prepare workflow directory Prepare all required actions Getting action download info Download action repository 'step-security/harden-runner@<SHA>' (SHA:<SHA>) Download action repository 'actions/checkout@<SHA>' (SHA:<SHA>) Complete job nam,0.5788588608776064,0.245613447574815,0.0002508399582144533,0.08332449366880904,0.09195235792055506
configuration,compilation,compilation,False,0.5637857290767716,0.209421947942661,pydantic/pydantic,Third party tests,Test BentoML (main branch) on Python 3.9,Install BentoML dependencies,runtime.exit_code,ollama,0.95,False,feat_step_is_setup=1; feat_primary_is_runtime=1; feat_first_error_before_tests=1; feat_error_in_setup_step=1; feat_has_dependency_install=1,"nfig --local --name-only --get-regexp http\.https\:\/\/github\.com\/\.extraheader [command]/usr/bin/git submodule foreach --recursive sh -c ""git config --local --name-only --get-regexp 'http\.https\:\/\/github\.com\/\.extraheader' && git config --local --unset-all 'http.<url:github.com> || :"" Removing includeIf entries pointing to credentials config files [command]/usr/bin/git config --local --name-only --get-regexp ^includeIf\.gitdir: [command]/usr/bin/git submodule foreach --recursive git config --local --show-origin --name-only --get-regexp remote.origin.url [command]/usr/bin/git config --f",0.5637857290767716,0.3543637811341106,0.0002555997774416076,0.04591822714956212,0.03567666286211413
compilation,test_failure,test_failure,False,0.39589370280020797,0.017731320715683008,python-poetry/poetry,Tests,Status,Run false,runtime.exit_code,ollama,0.855,False,feat_primary_is_runtime=1; feat_first_error_before_tests=1,ï»¿Current runner version: '2.333.0' Hosted Compute Agent Version: 20260213.493 Commit: <SHA> Build Date: Worker ID: {c00d393c-6f49-4527-934a-4ac58a575eb0} Azure Region: northcentralus Ubuntu 24.04.4 LTS Image: ubuntu-24.04 Version: 20260323.65.1 Included Software: <url:github.com> Image Release: <url:github.com> Metadata: read Secret source: None Prepare workflow directory Prepare all required actions Complete job name: Status false shell: /usr/bin/bash --noprofile --norc -e -o pipefail {0} ##[error]Process completed with exit code 1. Cleaning up orphan processes,0.37816238208452496,0.20035463863182076,0.00018434143318934657,0.025404935050257028,0.39589370280020797
infrastructure,test_failure,test_failure,False,0.8519423063153971,0.7353750007566866,apache/airflow,Tests,Special tests / Latest Boto test: core / All-core:LatestBoto-Postgres:14:3.10:Core...Serialization,core:All Tests LatestBoto-Postgres 14 Py3.10:Core Other Serialization,test.assertion,ollama,0.855,False,feat_primary_is_test=1,ï»¿Current runner version: '2.333.1' Hosted Compute Agent Version: 20260213.493 Commit: <SHA> Build Date: Worker ID: {1a62945c-3f64-4042-aa3c-8a639a6bcc75} Azure Region: northcentralus Ubuntu 22.04.5 LTS Image: ubuntu-22.04 Version: 20260413.88.1 Included Software: <url:github.com> Image Release: <url:github.com> Contents: read Metadata: read Secret source: None Prepare workflow directory Prepare all required actions Getting action download info Download action repository 'actions/checkout@<SHA>' (SHA:<SHA>) Uses: apache/airflow/.github/workflows/run-unit-tests.yml@refs/pull/65958/merge (<SHA>,0.021910496881458817,0.009370104908797531,0.00020978633563600426,0.1165673055587105,0.8519423063153971
configuration,compilation,compilation,False,0.5219219055066426,0.1345802446627487,hibernate/hibernate-orm,GH Actions CI reporting,Publish Develocity build scans,Publish Develocity build scans for previous builds,runtime.exit_code,ollama,0.95,False,feat_build_duration=82; feat_fw_gradle=1; feat_is_java=1; feat_kw_compile_fail=1; feat_compile_no_tests=1; feat_step_is_compile=1; feat_primary_is_runtime=1; feat_compile_build_task=1; feat_first_error_before_tests=1; feat_error_in_compile_step=1; feat_has_compile_task=1; feat_compile_over_config_guard=1,"5150182, Expected Digest: sha256:<HASH>) - build-scan-data-db2 (ID: 6496847118, Size: 5110796, Expected Digest: sha256:<HASH>) - build-scan-data-base-database-service-19c (ID: 6496817339, Size: 10677941, Expected Digest: sha256:<HASH>) - build-scan-data-sybase (ID: 6496736786, Size: 5036127, Expected Digest: sha256:<HASH>) - build-scan-data-mssql (ID: 6496715178, Size: 5143260, Expected Digest: sha256:<HASH>) - build-scan-data-mariadb (ID: 6496703196, Size: 5090237, Expected Digest: sha256:<HASH>) - build-scan-data-h2 (ID: 6496687306, Size: 5623504, Expected Digest: sha256:<HASH>) - build-scan",0.5219219055066426,0.38734166084389393,5.514521357065767e-05,0.011589082583369405,0.07909220585252344
configuration,test_failure,test_failure,False,0.39589370280020797,0.017731320715683008,pre-commit/pre-commit,main,main-linux / collector,check for failures,runtime.exit_code,ollama,0.95,False,feat_primary_is_runtime=1; feat_first_error_before_tests=1,ï»¿Current runner version: '2.334.0' Hosted Compute Agent Version: 20260213.493 Commit: <SHA> Build Date: Worker ID: {ff555d12-5d54-499d-8b8c-ec4ce1cb9a77} Azure Region: westus3 Ubuntu 24.04.4 LTS Image: ubuntu-24.04 Version: 20260413.86.1 Included Software: <url:github.com> Image Release: <url:github.com> Actions: read ArtifactMetadata: read Attestations: read Checks: read Contents: read Deployments: read Discussions: read Issues: read Metadata: read Models: read Packages: read Pages: read PullRequests: read RepositoryProjects: read SecurityEvents: read Statuses: read VulnerabilityAlerts: rea,0.37816238208452496,0.20035463863182076,0.00018434143318934657,0.025404935050257028,0.39589370280020797
compilation,configuration,configuration,False,0.9730145119027189,0.9556824941034991,elastic/elasticsearch,docs-build,build / build,Build documentation,config.file_path_missing,ollama,0.855,False,feat_is_java=1; feat_step_is_compile=1; feat_primary_is_config=1; feat_first_error_before_tests=1; feat_error_in_compile_step=1,ï»¿Current runner version: '2.333.1' Hosted Compute Agent Version: 20260213.493 Commit: <SHA> Build Date: Worker ID: {2566a3ee-174c-48e9-a371-28c42fe6b9ec} Azure Region: centralus Ubuntu 24.04.4 LTS Image: ubuntu-24.04 Version: 20260406.80.1 Included Software: <url:github.com> Image Release: <url:github.com> Contents: read Metadata: read Secret source: None Prepare workflow directory Prepare all required actions Getting action download info Download action repository 'actions/checkout@v6' (SHA:<SHA>) Download action repository 'elastic/docs-builder@main' (SHA:<SHA>) Uses: elastic/docs-actions/,0.017332017799219755,0.9730145119027189,3.072394158505916e-05,0.006712269324125795,0.002910477032350252
configuration,test_failure,test_failure,False,0.39589370280020797,0.017731320715683008,psf/black,changelog,check,Grep CHANGES.md for PR number,runtime.exit_code,ollama,0.95,False,feat_primary_is_runtime=1; feat_first_error_before_tests=1,ï»¿Current runner version: '2.333.0' Hosted Compute Agent Version: 20260213.493 Commit: <SHA> Build Date: Worker ID: {6f314da8-49ee-48ac-8afb-2958a39fb199} Azure Region: eastus2 Ubuntu 24.04.4 LTS Image: ubuntu-24.04 Version: 20260323.65.1 Included Software: <url:github.com> Image Release: <url:github.com> Contents: read Metadata: read Secret source: None Prepare workflow directory Prepare all required actions Getting action download info Download action repository 'actions/checkout@<SHA>' (SHA:<SHA>) Complete job name: check with: persist-credentials: false repository: psf/black token: *** ss,0.37816238208452496,0.20035463863182076,0.00018434143318934657,0.025404935050257028,0.39589370280020797
compilation,test_failure,test_failure,False,0.9450637904113197,0.9228897823843677,celery/celery,Celery,"Unit (3.12, blacksmith-4vcpu-ubuntu-2404)","Run tox for ""3.12-unit""",test.assertion,ollama,0.72,False,feat_primary_is_test=1; feat_first_error_before_tests=1,pdates/main Translation-en [328 kB] Get:30 <url:us-west-2.ec2.archive.ubuntu.com> noble-updates/main amd64 Components [175 kB] Get:31 <url:us-west-2.ec2.archive.ubuntu.com> noble-updates/main amd64 c-n-f Metadata [16.5 kB] Get:32 <url:us-west-2.ec2.archive.ubuntu.com> noble-updates/universe amd64 Packages [1555 kB] Get:33 <url:us-west-2.ec2.archive.ubuntu.com> noble-updates/universe Translation-en [315 kB] Get:34 <url:us-west-2.ec2.archive.ubuntu.com> noble-updates/universe amd64 Components [386 kB] Get:35 <url:us-west-2.ec2.archive.ubuntu.com> noble-updates/universe amd64 c-n-f Metadata [32.5,0.022174008026952068,0.016115073662844415,0.0001318700673273755,0.016515257831556548,0.9450637904113197
configuration,compilation,compilation,False,0.4343184815803638,0.15147101405893748,benoitc/gunicorn,lint,3.12 / tox-(other),Check generated docs,runtime.exit_code,ollama,0.95,False,feat_primary_is_runtime=1; feat_first_error_before_tests=1; feat_has_dependency_install=1,ï»¿Current runner version: '2.331.0' Hosted Compute Agent Version: 20260213.493 Commit: <SHA> Build Date: Worker ID: {b65acae2-3a7e-4169-95a4-2bf504a979fa} Azure Region: centralus Ubuntu 24.04.3 LTS Image: ubuntu-24.04 Version: 20260217.30.1 Included Software: <url:github.com> Image Release: <url:github.com> Contents: read Metadata: read Secret source: Actions Prepare workflow directory Prepare all required actions Getting action download info Download action repository 'actions/checkout@v6' (SHA:<SHA>) Download action repository 'actions/setup-python@v6' (SHA:<SHA>) Complete job name: 3.12 / ,0.4343184815803638,0.24071271267159447,0.00023307381832696146,0.0418882644082886,0.2828474675214263
compilation,test_failure,test_failure,False,0.4118530103650595,0.035924247011553,pydantic/pydantic,Pydantic Family Integration Tests,Test pydantic settings (3.9),Run tests,runtime.exit_code,ollama,0.855,False,feat_kw_config_fail=1; feat_config_no_compile=1; feat_primary_is_runtime=1; feat_config_missing_file=1; feat_first_error_before_tests=1,ï»¿Current runner version: '2.333.0' Hosted Compute Agent Version: 20260213.493 Commit: <SHA> Build Date: Worker ID: {c8dbad59-1306-4815-a9fb-91a1f7119621} Azure Region: northcentralus Ubuntu 24.04.4 LTS Image: ubuntu-24.04 Version: 20260323.65.1 Included Software: <url:github.com> Image Release: <url:github.com> Actions: write ArtifactMetadata: write Attestations: write Checks: write Contents: write Deployments: write Discussions: write Issues: write Metadata: read Models: read Packages: write Pages: write PullRequests: write RepositoryProjects: write SecurityEvents: write Statuses: write Sec,0.3759287633535065,0.1914795309505436,0.00019468160239226797,0.0205440137284981,0.4118530103650595
compilation,test_failure,test_failure,False,0.39589370280020797,0.017731320715683008,tiangolo/fastapi,Test,check,Decide whether the needed jobs succeeded or failed,runtime.exit_code,ollama,0.855,False,feat_primary_is_runtime=1; feat_first_error_before_tests=1,"""followers_url"": ""<url:api.github.com> ""following_url"": ""<url:api.github.com> ""gists_url"": ""<url:api.github.com> ""gravatar_id"": """", ""html_url"": ""<url:github.com> ""id"": 110676251, ""login"": ""Luke-Evan"", ""node_id"": ""U_kgDOBpjJGw"", ""organizations_url"": ""<url:api.github.com> ""received_events_url"": ""<url:api.github.com> ""repos_url"": ""<url:api.github.com> ""site_admin"": false, ""starred_url"": ""<url:api.github.com> ""subscriptions_url"": ""<url:api.github.com> ""type"": ""User"", ""url"": ""<url:api.github.com> ""user_view_type"": ""public"" }, ""private"": false, ""pull_request_creation_policy"": ""all"", ""pulls_url"": ""<u",0.37816238208452496,0.20035463863182076,0.00018434143318934657,0.025404935050257028,0.39589370280020797
test_failure,compilation,compilation,False,0.807900783474187,0.6584840269158272,benoitc/gunicorn,FreeBSD,FreeBSD 14.2 / Python 3.13,Test on FreeBSD,compile.symbol_resolution,ollama,0.855,False,feat_step_is_test=1; feat_primary_is_compile=1; feat_error_in_test_step=1,lears_socket PASSED [ 0%] tests/ctl/test_client.py::TestControlClientContextManager::test_context_manager_connection_error PASSED [ 0%] tests/ctl/test_client.py::TestControlClientContextManager::test_context_manager_success PASSED [ 0%] tests/ctl/test_client.py::TestControlClientSendCommand::test_send_command_success PASSED [ 0%] tests/ctl/test_client.py::TestControlClientSendCommand::test_send_command_error_response PASSED [ 0%] tests/ctl/test_client.py::TestControlClientSendCommand::test_send_command_auto_connect PASSED [ 0%] tests/ctl/test_client.py::TestParseCommand::test_parse_simple_comm,0.807900783474187,0.017639231073667785,0.0016344248353881627,0.023408804058397226,0.14941675655835981
compilation,test_failure,test_failure,False,0.39589370280020797,0.017731320715683008,python-poetry/poetry,Tests,Status,Run false,runtime.exit_code,ollama,0.855,False,feat_primary_is_runtime=1; feat_first_error_before_tests=1,ï»¿Current runner version: '2.333.1' Hosted Compute Agent Version: 20260213.493 Commit: <SHA> Build Date: Worker ID: {09a9d041-df60-4c9e-9d64-a9ce24358813} Azure Region: eastus Ubuntu 24.04.4 LTS Image: ubuntu-24.04 Version: 20260413.86.1 Included Software: <url:github.com> Image Release: <url:github.com> Metadata: read Secret source: None Prepare workflow directory Prepare all required actions Complete job name: Status false shell: /usr/bin/bash --noprofile --norc -e -o pipefail {0} ##[error]Process completed with exit code 1. Cleaning up orphan processes,0.37816238208452496,0.20035463863182076,0.00018434143318934657,0.025404935050257028,0.39589370280020797
configuration,compilation,compilation,False,0.5513166612264826,0.22331911174760527,checkstyle/checkstyle,Check PR Description,Analyze,Do action,runtime.exit_code,ollama,0.95,False,feat_is_java=1; feat_primary_is_runtime=1; feat_first_error_before_tests=1,ï»¿Current runner version: '2.333.1' Hosted Compute Agent Version: 20260213.493 Commit: <SHA> Build Date: Worker ID: {297b4732-4e3c-4da9-b6ce-6c1f8692f3e0} Azure Region: eastus Ubuntu 24.04.4 LTS Image: ubuntu-24.04 Version: 20260406.80.1 Included Software: <url:github.com> Image Release: <url:github.com> Contents: read Metadata: read Packages: read Secret source: None Prepare workflow directory Prepare all required actions Getting action download info Download action repository 'actions/checkout@v6' (SHA:<SHA>) Complete job name: Analyze with: repository: checkstyle/checkstyle token: *** ssh-,0.5513166612264826,0.3279975494788773,0.0002389049518138468,0.03286963471101677,0.08757724963180934
flaky_test,test_failure,test_failure,False,0.7521729964922029,0.5531238758581034,netty/netty,Build PR,linux-x86_64-java11-boringssl build,Checking for test failures,compile.java_kotlin,ollama,0.765,False,feat_tests_ran=1; feat_num_tests_run=8; feat_num_tests_skipped=1; feat_build_duration=14.1; feat_is_java=1; feat_step_is_test=1; feat_primary_is_compile=1; feat_first_error_before_tests=1; feat_error_in_test_step=1,"tor(directByDefault: true)}, resolver: io.netty.resolver.DefaultAddressResolverGroup@36b6964d))) with AdaptiveByteBufAllocator 12:53:08.264 [main] INFO io.netty.channel.uring.IoUringSocketConditionalWritabilityTest -- Running: testConditionalWritability 8 of 8 (ServerBootstrap(ServerBootstrapConfig(group: MultiThreadIoEventLoopGroup, channelFactory: ReflectiveChannelFactory(NioServerSocketChannel.class), localAddress: /0:0:0:0:0:0:0:1%lo:0, options: {ALLOCATOR=AdaptiveByteBufAllocator(directByDefault: true)}, childGroup: MultiThreadIoEventLoopGroup, childOptions: {ALLOCATOR=AdaptiveByteBufAllo",0.19904912063409946,0.023456129496348472,0.010867267850143256,0.014454485527205877,0.7521729964922029
configuration,compilation,compilation,False,0.4343184815803638,0.15147101405893748,pypa/pipenv,CI,Ubuntu / 3.12,Run pypiserver with pipenv (Python 3.10+),runtime.exit_code,ollama,0.95,False,feat_primary_is_runtime=1; feat_first_error_before_tests=1; feat_has_dependency_install=1,token: *** ssh-strict: true ssh-user: git persist-credentials: true clean: true sparse-checkout-cone-mode: true fetch-depth: 1 fetch-tags: false show-progress: true lfs: false submodules: false set-safe-directory: true Syncing repository: pypa/pipenv Working directory is '/home/runner/work/pipenv/pipenv' [command]/usr/bin/git version git version 2.53.0 Temporarily overriding HOME='/home/runner/work/_temp/6da5e82b-0058-49db-b093-997b32038bcd' before making global git config changes Adding repository directory to the temporary git global config as a safe directory [command]/usr/bin/git config --,0.4343184815803638,0.24071271267159447,0.00023307381832696146,0.0418882644082886,0.2828474675214263
test_failure,configuration,configuration,False,0.9132244915477582,0.8402930674110325,pypa/pipenv,CI,Smoke / MacOS / 3.12,Run tests,dep.not_found,ollama,0.855,False,feat_fw_pytest=1; feat_primary_is_config=1; feat_first_error_after_tests_started=1; feat_error_in_test_step=1; feat_has_dependency_install=1,"rge From <url:github.com> * [new ref] <SHA> -> pull/6657/merge [command]/opt/homebrew/bin/git sparse-checkout disable [command]/opt/homebrew/bin/git config --local --unset-all extensions.worktreeConfig [command]/opt/homebrew/bin/git checkout --progress --force refs/remotes/pull/6657/merge HEAD is now at cfbf793 Merge <SHA> into <SHA> [command]/opt/homebrew/bin/git log -1 --format=%H <SHA> with: python-version: 3.12 check-latest: false token: *** update-environment: true allow-prereleases: false freethreaded: false Successfully set up CPython (3.12.10) echo ""path=$(python -c 'import sys; print(",0.010925727890777066,0.9132244915477582,0.0004610826564223776,0.0024572737683165946,0.07293142413672576
test_failure,configuration,configuration,False,0.5787864761728096,0.1992215054733915,scrapy/scrapy,Windows,"tests (3.10, py)",Run tests,policy.branch_or_protection,ollama,0.855,False,feat_fw_junit=1; feat_fw_pytest=1; feat_primary_is_config=1; feat_first_error_after_tests_started=1; feat_error_in_test_step=1; feat_has_dependency_install=1,"Download action repository 'actions/setup-python@v6' (SHA:<SHA>) Download action repository 'codecov/codecov-action@v5' (SHA:<SHA>) Getting action download info Download action repository 'actions/github-script@<SHA>' (SHA:<SHA>) Getting action download info Complete job name: tests (3.10, py) with: repository: scrapy/scrapy token: *** ssh-strict: true ssh-user: git persist-credentials: true clean: true sparse-checkout-cone-mode: true fetch-depth: 1 fetch-tags: false show-progress: true lfs: false submodules: false set-safe-directory: true env: PYTEST_ADDOPTS: -n auto Syncing repository: scrap",0.03385963170384642,0.5787864761728096,0.005253344890977049,0.0025355765329488564,0.37956497069941814
compilation,configuration,configuration,False,0.5108963735889769,0.0867106351401602,tox-dev/tox,check,tox env pkg_meta on ubuntu-24.04,Install tox@self,runtime.exit_code,ollama,0.81,False,feat_kw_config_fail=1; feat_config_no_compile=1; feat_step_is_setup=1; feat_primary_is_runtime=1; feat_config_missing_file=1; feat_first_error_before_tests=1; feat_error_in_setup_step=1,* [new tag] 3.27.1 -> 3.27.1 * [new tag] 3.28.0 -> 3.28.0 * [new tag] 3.3.0 -> 3.3.0 * [new tag] 3.4.0 -> 3.4.0 * [new tag] 3.5.0 -> 3.5.0 * [new tag] 3.5.1 -> 3.5.1 * [new tag] 3.5.2 -> 3.5.2 * [new tag] 3.5.3 -> 3.5.3 * [new tag] 3.6.0 -> 3.6.0 * [new tag] 3.6.1 -> 3.6.1 * [new tag] 3.7.0 -> 3.7.0 * [new tag] 3.8.0 -> 3.8.0 * [new tag] 3.8.1 -> 3.8.1 * [new tag] 3.8.2 -> 3.8.2 * [new tag] 3.8.3 -> 3.8.3 * [new tag] 3.8.4 -> 3.8.4 * [new tag] 3.8.5 -> 3.8.5 * [new tag] 3.8.6 -> 3.8.6 * [new tag] 3.9.0 -> 3.9.0 * [new tag] 4.0.0 -> 4.0.0 * [new tag] 4.0.0a1 -> 4.0.0a1 * [new tag] 4.0.0a10 -> 4,0.4241857384488167,0.5108963735889769,0.00018558233350377516,0.019575947029945556,0.045156358598757156
compilation,test_failure,test_failure,False,0.992396572782691,0.987777213354388,python/mypy,Tests,"Parallel tests with py314-ubuntu, mypyc-compiled",Test,test.assertion,ollama,0.855,False,feat_tests_ran=1; feat_tests_failed=1; feat_num_tests_failed=1; feat_num_tests_run=7.93e+03; feat_num_tests_skipped=45; feat_fail_ratio=0.000126; feat_fw_pytest=1; feat_kw_test_assert=1; feat_kw_config_fail=1; feat_config_no_compile=1; feat_step_is_test=1; feat_primary_is_test=1; feat_config_lint_format=1; feat_first_error_after_tests_started=1; feat_error_in_setup_step=1; feat_error_in_lint_step=1; feat_error_in_test_step=1; feat_has_dependency_install=1; feat_config_strong_only=1,red in directory: /tmp/pip-ephem-wheel-cache-5al20z4e/wheels/a7/0b/1a/ffdc459b3781eb7b7caec73d89b57df4e5e59a151e78e112e5 Successfully built mypy Installing collected packages: mypy Successfully installed mypy-1.20.0+dev.<SHA> tox run -e py --notest shell: /usr/bin/bash -e {0} env: TOX_SKIP_MISSING_INTERPRETERS: false FORCE_COLOR: 1 PY_COLORS: 1 PYTHON_COLORS: 0 TERM: xterm-color MYPY_FORCE_COLOR: 1 MYPY_FORCE_TERMINAL_WIDTH: 200 PYTEST_ADDOPTS: --color=yes pythonLocation: /opt/hostedtoolcache/Python/3.14.3/arm64 PKG_CONFIG_PATH: /opt/hostedtoolcache/Python/3.14.3/arm64/lib/pkgconfig Python_ROO,0.004619359428303099,0.002122157741047023,0.00014525067953436723,0.0007166593684244494,0.992396572782691
configuration,compilation,compilation,False,0.5211484748903545,0.23396736985997174,psf/black,diff-shades,compare / preview-new-changes,Generate HTML diff report,runtime.exit_code,ollama,0.9,False,feat_primary_is_runtime=1; feat_first_error_before_tests=1; feat_has_compile_task=1; feat_has_dependency_install=1,ï»¿Current runner version: '2.331.0' Hosted Compute Agent Version: 20260213.493 Commit: <SHA> Build Date: Worker ID: {9b161c0d-2925-4b03-86c3-5877e7ccc523} Azure Region: westus3 Ubuntu 24.04.3 LTS Image: ubuntu-24.04 Version: 20260224.36.1 Included Software: <url:github.com> Image Release: <url:github.com> Metadata: read Secret source: None Prepare workflow directory Prepare all required actions Getting action download info Download action repository 'actions/checkout@<SHA>' (SHA:<SHA>) Download action repository 'actions/download-artifact@<SHA>' (SHA:<SHA>) Download action repository 'actions,0.5211484748903545,0.1698880185393712,0.00010987703458235642,0.021672524505309005,0.2871811050303828
test_failure,compilation,compilation,False,0.4343184815803638,0.15147101405893748,benoitc/gunicorn,lint,3.12 / tox-(other),Check generated docs,runtime.exit_code,ollama,0.855,False,feat_primary_is_runtime=1; feat_first_error_before_tests=1; feat_has_dependency_install=1,ï»¿Current runner version: '2.331.0' Hosted Compute Agent Version: 20260123.484 Commit: <SHA> Build Date: Worker ID: {7b5f2365-f3d4-4b04-83a0-02423c58d717} Azure Region: eastus2 Ubuntu 24.04.3 LTS Image: ubuntu-24.04 Version: 20260209.23.1 Included Software: <url:github.com> Image Release: <url:github.com> Contents: read Metadata: read Secret source: Actions Prepare workflow directory Prepare all required actions Getting action download info Download action repository 'actions/checkout@v6' (SHA:<SHA>) Download action repository 'actions/setup-python@v6' (SHA:<SHA>) Complete job name: 3.12 / to,0.4343184815803638,0.24071271267159447,0.00023307381832696146,0.0418882644082886,0.2828474675214263
configuration,compilation,compilation,False,0.5513166612264826,0.22331911174760527,checkstyle/checkstyle,Check PR Description,Analyze,Do action,runtime.exit_code,ollama,0.95,False,feat_is_java=1; feat_primary_is_runtime=1; feat_first_error_before_tests=1,ï»¿Current runner version: '2.333.1' Hosted Compute Agent Version: 20260213.493 Commit: <SHA> Build Date: Worker ID: {66cbea42-a883-4a2e-b0d5-f5f9b9c4fab8} Azure Region: westus Ubuntu 24.04.4 LTS Image: ubuntu-24.04 Version: 20260413.86.1 Included Software: <url:github.com> Image Release: <url:github.com> Contents: read Metadata: read Packages: read Secret source: None Prepare workflow directory Prepare all required actions Getting action download info Download action repository 'actions/checkout@v6' (SHA:<SHA>) Complete job name: Analyze with: repository: checkstyle/checkstyle token: *** ssh-,0.5513166612264826,0.3279975494788773,0.0002389049518138468,0.03286963471101677,0.08757724963180934
configuration,test_failure,test_failure,False,0.6021227247595242,0.39634850014306156,pypa/virtualenv,🧪 check,🧪 test 3.10 - windows-2025,🏃 Run test suite,unknown.other,ollama,0.8,False,feat_step_is_test=1; feat_error_in_test_step=1,+ packaging==26.0 + platformdirs==4.9.4 + pluggy==1.6.0 + pyproject-api==1.10.0 + python-discovery==1.2.1 + tomli-w==1.2.0 + tox==4.52.0 + tox-uv==1.34.0 + tox-uv-bare==1.34.0 + uv==0.11.3 + virtualenv==21.2.1.dev14+gdfaa73826 (from file:///D:/a/virtualenv/virtualenv) Installed 1 executable: tox with: python-version: 3.10 check-latest: false token: *** update-environment: true allow-prereleases: false freethreaded: false env: UV_TOOL_BIN_DIR: D:\a\_temp\uv-tool-bin-dir UV_TOOL_DIR: D:\a\_temp\uv-tool-dir UV_PYTHON_INSTALL_DIR: D:\a\_temp\uv-python-dir UV_CACHE_DIR: D:\a\_temp\setup-uv-cache py,0.2057742246164627,0.08090029873746857,0.00658643888387561,0.10461631300266891,0.6021227247595242
test_failure,compilation,compilation,False,0.4343184815803638,0.15147101405893748,pypa/pipenv,CI,Package Manager Benchmark,Run benchmark suite,runtime.exit_code,ollama,0.81,False,feat_primary_is_runtime=1; feat_first_error_before_tests=1; feat_has_dependency_install=1,"ch <name> hint: hint: Names commonly chosen instead of 'master' are 'main', 'trunk' and hint: 'development'. The just-created branch can be renamed via this command: hint: hint: git branch -m <name> hint: hint: Disable this message with ""git config set advice.defaultBranchName false"" Initialized empty Git repository in /home/runner/work/pipenv/pipenv/.git/ [command]/usr/bin/git remote add origin <url:github.com> [command]/usr/bin/git config --local gc.auto 0 [command]/usr/bin/git config --local --name-only --get-regexp core\.sshCommand [command]/usr/bin/git submodule foreach --recursive sh -c ",0.4343184815803638,0.24071271267159447,0.00023307381832696146,0.0418882644082886,0.2828474675214263
configuration,compilation,compilation,False,0.8271980965224751,0.7540174625583622,checkstyle/checkstyle,no-exception testing,no-exception-openjdk20,Run .ci/no-exception-test.sh openjdk20-with-checks-nonjavadoc-error,compile.java_kotlin,ollama,0.855,False,feat_is_java=1; feat_step_is_test=1; feat_primary_is_compile=1; feat_first_error_before_tests=1; feat_error_in_test_step=1,ï»¿Current runner version: '2.333.1' Hosted Compute Agent Version: 20260213.493 Commit: <SHA> Build Date: Worker ID: {f4e7a387-c343-440a-91ce-e913be586972} Azure Region: westus3 Ubuntu 24.04.4 LTS Image: ubuntu-24.04 Version: 20260406.80.1 Included Software: <url:github.com> Image Release: <url:github.com> Contents: read Metadata: read Packages: read Secret source: None Prepare workflow directory Prepare all required actions Getting action download info Download action repository 'actions/setup-java@v5' (SHA:<SHA>) Download action repository 'actions/checkout@v6' (SHA:<SHA>) Complete job name:,0.8271980965224751,0.06087673452016107,0.006014533746681261,0.03273000124656978,0.07318063396411292
infrastructure,test_failure,test_failure,False,0.8519423063153971,0.7353750007566866,apache/airflow,Tests,Special tests / Latest SQLAlchemy test: core / DB-core:LatestSQLAlchemy-Postgres:14:3.10:API...CLI,core:DB Tests LatestSQLAlchemy-Postgres 14 Py3.10:API Always CLI,test.assertion,ollama,0.855,False,feat_primary_is_test=1,ï»¿Current runner version: '2.333.1' Hosted Compute Agent Version: 20260213.493 Commit: <SHA> Build Date: Worker ID: {5e6c36ae-503b-4842-ac1a-0d448d70ba64} Azure Region: eastus Ubuntu 22.04.5 LTS Image: ubuntu-22.04 Version: 20260413.88.1 Included Software: <url:github.com> Image Release: <url:github.com> Contents: read Metadata: read Secret source: None Prepare workflow directory Prepare all required actions Getting action download info Download action repository 'actions/checkout@<SHA>' (SHA:<SHA>) Uses: apache/airflow/.github/workflows/run-unit-tests.yml@refs/pull/65958/merge (<SHA>) runner,0.021910496881458817,0.009370104908797531,0.00020978633563600426,0.1165673055587105,0.8519423063153971
test_failure,infrastructure,infrastructure,False,0.484991808977587,0.25933526076606944,sqlalchemy/sqlalchemy,Run tests on a pr,test-amd64-3.13-cext-x64-ubuntu-22.04,Run tests,runtime.exit_code,ollama,0.855,False,feat_primary_is_runtime=1,"psycopg2 and not +asyncpg SKIPPED [1] .nox/github-cext/lib/python3.13/site-packages/sqlalchemy/testing/config.py:436: 'test/dialect/postgresql/test_dialect.py::BackendDialectTest_sqlite+pysqlite_numeric_3_37_2::test_multiple_host_real_connect[***/DB?host=H,H,H&port=P,P,P-True] (call)' : not +psycopg and not +psycopg2 and not +asyncpg SKIPPED [1] .nox/github-cext/lib/python3.13/site-packages/sqlalchemy/testing/config.py:436: 'test/dialect/postgresql/test_dialect.py::BackendDialectTest_sqlite+pysqlite_numeric_3_37_2::test_multiple_host_real_connect[***/DB?host=H:P&host=H&host=H-False] (call)' : ",0.22565654821151754,0.07365371705491316,0.00017709875919927085,0.484991808977587,0.21552082699678315
test_failure,compilation,compilation,False,0.4343184815803638,0.15147101405893748,pypa/pipenv,CI,Package Manager Benchmark,Run benchmark suite,runtime.exit_code,ollama,0.81,False,feat_primary_is_runtime=1; feat_first_error_before_tests=1; feat_has_dependency_install=1,"git config --local --name-only --get-regexp 'core\.sshCommand' && git config --local --unset-all 'core.sshCommand' || :"" [command]/usr/bin/git config --local --name-only --get-regexp http\.https\:\/\/github\.com\/\.extraheader [command]/usr/bin/git submodule foreach --recursive sh -c ""git config --local --name-only --get-regexp 'http\.https\:\/\/github\.com\/\.extraheader' && git config --local --unset-all 'http.<url:github.com> || :"" [command]/usr/bin/git config --local --name-only --get-regexp ^includeIf\.gitdir: [command]/usr/bin/git submodule foreach --recursive git config --local --show-o",0.4343184815803638,0.24071271267159447,0.00023307381832696146,0.0418882644082886,0.2828474675214263
test_failure,compilation,compilation,False,0.4343184815803638,0.15147101405893748,benoitc/gunicorn,lint,3.12 / tox-(other),Check generated docs,runtime.exit_code,ollama,0.855,False,feat_primary_is_runtime=1; feat_first_error_before_tests=1; feat_has_dependency_install=1,ï»¿Current runner version: '2.332.0' Hosted Compute Agent Version: 20260213.493 Commit: <SHA> Build Date: Worker ID: {d683a0a5-11b7-4e73-bd59-e3623733d9ba} Azure Region: westus Ubuntu 24.04.3 LTS Image: ubuntu-24.04 Version: 20260309.50.1 Included Software: <url:github.com> Image Release: <url:github.com> Contents: read Metadata: read Secret source: Actions Prepare workflow directory Prepare all required actions Getting action download info Download action repository 'actions/checkout@v6' (SHA:<SHA>) Download action repository 'actions/setup-python@v6' (SHA:<SHA>) Complete job name: 3.12 / tox,0.4343184815803638,0.24071271267159447,0.00023307381832696146,0.0418882644082886,0.2828474675214263
configuration,flaky_test,flaky_test,False,0.9058738243916418,0.8598707174542515,tox-dev/tox,check,tox env type on windows-2025,Run check for type,flaky.suspected_retry_sensitive,ollama,0.855,False,feat_kw_config_fail=1; feat_config_no_compile=1; feat_primary_is_flaky=1; feat_config_auth_permission=1; feat_first_error_before_tests=1; feat_config_strong_only=1,ï»¿Current runner version: '2.331.0' Hosted Compute Agent Version: 20260123.484 Commit: <SHA> Build Date: Worker ID: {d706fbbf-b29d-455a-b77d-e16c7d8684a6} Azure Region: westus3 Microsoft Windows Server 2025 10.0.26100 Datacenter Image: windows-2025 Version: 20260209.23.1 Included Software: <url:github.com> Image Release: <url:github.com> Contents: read Metadata: read Secret source: None Prepare workflow directory Prepare all required actions Getting action download info Download action repository 'actions/checkout@v6' (SHA:<SHA>) Download action repository 'astral-sh/setup-uv@v7' (SHA:<SHA>) ,0.01847706749985298,0.01601108425832133,0.9058738243916418,0.013634916912793598,0.046003106937390334
